id,layer,family,name,export_name,request_type,status,target,differentiability,fusion_tags,source_tags
aether.capability_compat.emit-capability-manifest,aether,capability_compat,emitCapabilityManifest,capabilityCompatEmitCapabilityManifest,DriverOpRequest,standard,host,not-applicable,,
aether.capability_compat.fail-on-unknown-compatibility,aether,capability_compat,failOnUnknownCompatibility,capabilityCompatFailOnUnknownCompatibility,DriverOpRequest,standard,host,not-applicable,,
aether.capability_compat.load-compatibility-profile,aether,capability_compat,loadCompatibilityProfile,capabilityCompatLoadCompatibilityProfile,DriverOpRequest,standard,host,not-applicable,,
aether.capability_compat.probe-channel-class,aether,capability_compat,probeChannelClass,capabilityCompatProbeChannelClass,DriverOpRequest,standard,host,not-applicable,,
aether.capability_compat.probe-compute-class,aether,capability_compat,probeComputeClass,capabilityCompatProbeComputeClass,DriverOpRequest,standard,host,not-applicable,,
aether.capability_compat.probe-driver-version,aether,capability_compat,probeDriverVersion,capabilityCompatProbeDriverVersion,DriverOpRequest,standard,host,not-applicable,,
aether.capability_compat.probe-gpu-pci-id,aether,capability_compat,probeGpuPciId,capabilityCompatProbeGpuPciId,DriverOpRequest,standard,host,not-applicable,,
aether.capability_compat.probe-gsp-firmware-version,aether,capability_compat,probeGspFirmwareVersion,capabilityCompatProbeGspFirmwareVersion,DriverOpRequest,standard,host,not-applicable,,
aether.capability_compat.probe-kernel-module-version,aether,capability_compat,probeKernelModuleVersion,capabilityCompatProbeKernelModuleVersion,DriverOpRequest,standard,host,not-applicable,,
aether.capability_compat.probe-memory-class,aether,capability_compat,probeMemoryClass,capabilityCompatProbeMemoryClass,DriverOpRequest,standard,host,not-applicable,,
aether.capability_compat.probe-security-mode,aether,capability_compat,probeSecurityMode,capabilityCompatProbeSecurityMode,DriverOpRequest,standard,host,not-applicable,,
aether.capability_compat.probe-supported-atomics,aether,capability_compat,probeSupportedAtomics,capabilityCompatProbeSupportedAtomics,DriverOpRequest,standard,host,not-applicable,,
aether.capability_compat.probe-supported-fault-modes,aether,capability_compat,probeSupportedFaultModes,capabilityCompatProbeSupportedFaultModes,DriverOpRequest,standard,host,not-applicable,,
aether.capability_compat.probe-supported-mma,aether,capability_compat,probeSupportedMma,capabilityCompatProbeSupportedMma,DriverOpRequest,standard,host,not-applicable,,
aether.capability_compat.probe-supported-page-sizes,aether,capability_compat,probeSupportedPageSizes,capabilityCompatProbeSupportedPageSizes,DriverOpRequest,standard,host,not-applicable,,
aether.capability_compat.validate-compatibility-profile,aether,capability_compat,validateCompatibilityProfile,capabilityCompatValidateCompatibilityProfile,DriverOpRequest,standard,host,not-applicable,,
aether.device_node.close-device-node,aether,device_node,closeDeviceNode,deviceNodeCloseDeviceNode,DriverOpRequest,standard,host,not-applicable,,open-gpu-modules
aether.device_node.duplicate-device-fd,aether,device_node,duplicateDeviceFd,deviceNodeDuplicateDeviceFd,DriverOpRequest,standard,host,not-applicable,,open-gpu-modules
aether.device_node.map-device-region,aether,device_node,mapDeviceRegion,deviceNodeMapDeviceRegion,DriverOpRequest,standard,host,not-applicable,,open-gpu-modules
aether.device_node.open-control-device,aether,device_node,openControlDevice,deviceNodeOpenControlDevice,DriverOpRequest,standard,host,not-applicable,,open-gpu-modules
aether.device_node.open-gpu-device,aether,device_node,openGpuDevice,deviceNodeOpenGpuDevice,DriverOpRequest,standard,host,not-applicable,,open-gpu-modules
aether.device_node.open-uvm-device,aether,device_node,openUvmDevice,deviceNodeOpenUvmDevice,DriverOpRequest,standard,host,not-applicable,,open-gpu-modules
aether.device_node.poll-device-node,aether,device_node,pollDeviceNode,deviceNodePollDeviceNode,DriverOpRequest,standard,host,not-applicable,,open-gpu-modules
aether.device_node.query-device-node,aether,device_node,queryDeviceNode,deviceNodeQueryDeviceNode,DriverOpRequest,standard,host,not-applicable,,open-gpu-modules
aether.device_node.read-device-event,aether,device_node,readDeviceEvent,deviceNodeReadDeviceEvent,DriverOpRequest,standard,host,not-applicable,,open-gpu-modules
aether.device_node.set-close-on-exec,aether,device_node,setCloseOnExec,deviceNodeSetCloseOnExec,DriverOpRequest,standard,host,not-applicable,,open-gpu-modules
aether.device_node.set-non-blocking,aether,device_node,setNonBlocking,deviceNodeSetNonBlocking,DriverOpRequest,standard,host,not-applicable,,open-gpu-modules
aether.device_node.unmap-device-region,aether,device_node,unmapDeviceRegion,deviceNodeUnmapDeviceRegion,DriverOpRequest,standard,host,not-applicable,,open-gpu-modules
aether.device_node.validate-device-major-minor,aether,device_node,validateDeviceMajorMinor,deviceNodeValidateDeviceMajorMinor,DriverOpRequest,standard,host,not-applicable,,open-gpu-modules
aether.device_node.write-device-command,aether,device_node,writeDeviceCommand,deviceNodeWriteDeviceCommand,DriverOpRequest,standard,host,not-applicable,,open-gpu-modules
aether.fault_diagnostics.assemble-crash-bundle,aether,fault_diagnostics,assembleCrashBundle,faultDiagnosticsAssembleCrashBundle,DriverOpRequest,standard,host,not-applicable,,
aether.fault_diagnostics.capture-bar-state,aether,fault_diagnostics,captureBarState,faultDiagnosticsCaptureBarState,DriverOpRequest,standard,host,not-applicable,,
aether.fault_diagnostics.capture-channel-state,aether,fault_diagnostics,captureChannelState,faultDiagnosticsCaptureChannelState,DriverOpRequest,standard,host,not-applicable,,
aether.fault_diagnostics.capture-fault-buffer,aether,fault_diagnostics,captureFaultBuffer,faultDiagnosticsCaptureFaultBuffer,DriverOpRequest,standard,host,not-applicable,,
aether.fault_diagnostics.capture-gsp-crash-dump,aether,fault_diagnostics,captureGspCrashDump,faultDiagnosticsCaptureGspCrashDump,DriverOpRequest,standard,host,not-applicable,,
aether.fault_diagnostics.capture-kernel-log-context,aether,fault_diagnostics,captureKernelLogContext,faultDiagnosticsCaptureKernelLogContext,DriverOpRequest,standard,host,not-applicable,,
aether.fault_diagnostics.capture-object-graph,aether,fault_diagnostics,captureObjectGraph,faultDiagnosticsCaptureObjectGraph,DriverOpRequest,standard,host,not-applicable,,
aether.fault_diagnostics.capture-pci-state,aether,fault_diagnostics,capturePciState,faultDiagnosticsCapturePciState,DriverOpRequest,standard,host,not-applicable,,
aether.fault_diagnostics.classify-fault,aether,fault_diagnostics,classifyFault,faultDiagnosticsClassifyFault,DriverOpRequest,standard,host,not-applicable,,
aether.fault_diagnostics.decode-rm-event,aether,fault_diagnostics,decodeRmEvent,faultDiagnosticsDecodeRmEvent,DriverOpRequest,standard,host,not-applicable,,
aether.fault_diagnostics.decode-xid,aether,fault_diagnostics,decodeXid,faultDiagnosticsDecodeXid,DriverOpRequest,standard,host,not-applicable,,
aether.fault_diagnostics.fail-closed,aether,fault_diagnostics,failClosed,faultDiagnosticsFailClosed,DriverOpRequest,standard,host,not-applicable,,
aether.fault_diagnostics.read-rm-event,aether,fault_diagnostics,readRmEvent,faultDiagnosticsReadRmEvent,DriverOpRequest,standard,host,not-applicable,,
aether.fault_diagnostics.read-xid,aether,fault_diagnostics,readXid,faultDiagnosticsReadXid,DriverOpRequest,standard,host,not-applicable,,
aether.fault_diagnostics.recommend-recovery,aether,fault_diagnostics,recommendRecovery,faultDiagnosticsRecommendRecovery,DriverOpRequest,standard,host,not-applicable,,
aether.fault_diagnostics.subscribe-rm-event,aether,fault_diagnostics,subscribeRmEvent,faultDiagnosticsSubscribeRmEvent,DriverOpRequest,standard,host,not-applicable,,
aether.fault_diagnostics.unsubscribe-rm-event,aether,fault_diagnostics,unsubscribeRmEvent,faultDiagnosticsUnsubscribeRmEvent,DriverOpRequest,standard,host,not-applicable,,
aether.gsp_rpc.capture-gsp-log,aether,gsp_rpc,captureGspLog,gspRpcCaptureGspLog,DriverOpRequest,standard,host,not-applicable,,open-gpu-modules
aether.gsp_rpc.decode-gsp-rpc,aether,gsp_rpc,decodeGspRpc,gspRpcDecodeGspRpc,DriverOpRequest,standard,host,not-applicable,,open-gpu-modules
aether.gsp_rpc.detect-gsp-timeout,aether,gsp_rpc,detectGspTimeout,gspRpcDetectGspTimeout,DriverOpRequest,standard,host,not-applicable,,open-gpu-modules
aether.gsp_rpc.encode-gsp-rpc,aether,gsp_rpc,encodeGspRpc,gspRpcEncodeGspRpc,DriverOpRequest,standard,host,not-applicable,,open-gpu-modules
aether.gsp_rpc.load-gsp-firmware-reference,aether,gsp_rpc,loadGspFirmwareReference,gspRpcLoadGspFirmwareReference,DriverOpRequest,standard,host,not-applicable,,open-gpu-modules
aether.gsp_rpc.query-gsp-status,aether,gsp_rpc,queryGspStatus,gspRpcQueryGspStatus,DriverOpRequest,standard,host,not-applicable,,open-gpu-modules
aether.gsp_rpc.query-gsp-version,aether,gsp_rpc,queryGspVersion,gspRpcQueryGspVersion,DriverOpRequest,standard,host,not-applicable,,open-gpu-modules
aether.gsp_rpc.receive-gsp-rpc,aether,gsp_rpc,receiveGspRpc,gspRpcReceiveGspRpc,DriverOpRequest,standard,host,not-applicable,,open-gpu-modules
aether.gsp_rpc.reset-gsp,aether,gsp_rpc,resetGsp,gspRpcResetGsp,DriverOpRequest,standard,host,not-applicable,,open-gpu-modules
aether.gsp_rpc.send-gsp-rpc,aether,gsp_rpc,sendGspRpc,gspRpcSendGspRpc,DriverOpRequest,standard,host,not-applicable,,open-gpu-modules
aether.gsp_rpc.trace-gsp-rpc,aether,gsp_rpc,traceGspRpc,gspRpcTraceGspRpc,DriverOpRequest,standard,host,not-applicable,,open-gpu-modules
aether.gsp_rpc.validate-gsp-compatibility,aether,gsp_rpc,validateGspCompatibility,gspRpcValidateGspCompatibility,DriverOpRequest,standard,host,not-applicable,,open-gpu-modules
aether.gsp_rpc.wait-gsp-ready,aether,gsp_rpc,waitGspReady,gspRpcWaitGspReady,DriverOpRequest,standard,host,not-applicable,,open-gpu-modules
aether.ioctl_transport.classify-rm-status,aether,ioctl_transport,classifyRmStatus,ioctlTransportClassifyRmStatus,DriverOpRequest,standard,host,not-applicable,,
aether.ioctl_transport.decode-ioctl,aether,ioctl_transport,decodeIoctl,ioctlTransportDecodeIoctl,DriverOpRequest,standard,host,not-applicable,,
aether.ioctl_transport.encode-ioctl,aether,ioctl_transport,encodeIoctl,ioctlTransportEncodeIoctl,DriverOpRequest,standard,host,not-applicable,,
aether.ioctl_transport.fuzz-ioctl,aether,ioctl_transport,fuzzIoctl,ioctlTransportFuzzIoctl,DriverOpRequest,standard,host,not-applicable,,
aether.ioctl_transport.handle-ioctl-error,aether,ioctl_transport,handleIoctlError,ioctlTransportHandleIoctlError,DriverOpRequest,standard,host,not-applicable,,
aether.ioctl_transport.invoke-ioctl,aether,ioctl_transport,invokeIoctl,ioctlTransportInvokeIoctl,DriverOpRequest,standard,host,not-applicable,,
aether.ioctl_transport.invoke-ioctl-async,aether,ioctl_transport,invokeIoctlAsync,ioctlTransportInvokeIoctlAsync,DriverOpRequest,standard,host,not-applicable,,
aether.ioctl_transport.invoke-ioctl-retry,aether,ioctl_transport,invokeIoctlRetry,ioctlTransportInvokeIoctlRetry,DriverOpRequest,standard,host,not-applicable,,
aether.ioctl_transport.query-ioctl-capabilities,aether,ioctl_transport,queryIoctlCapabilities,ioctlTransportQueryIoctlCapabilities,DriverOpRequest,standard,host,not-applicable,,
aether.ioctl_transport.query-ioctl-version,aether,ioctl_transport,queryIoctlVersion,ioctlTransportQueryIoctlVersion,DriverOpRequest,standard,host,not-applicable,,
aether.ioctl_transport.redact-ioctl,aether,ioctl_transport,redactIoctl,ioctlTransportRedactIoctl,DriverOpRequest,standard,host,not-applicable,,
aether.ioctl_transport.replay-ioctl,aether,ioctl_transport,replayIoctl,ioctlTransportReplayIoctl,DriverOpRequest,standard,host,not-applicable,,
aether.ioctl_transport.trace-ioctl,aether,ioctl_transport,traceIoctl,ioctlTransportTraceIoctl,DriverOpRequest,standard,host,not-applicable,,
aether.ioctl_transport.translate-ioctl-version,aether,ioctl_transport,translateIoctlVersion,ioctlTransportTranslateIoctlVersion,DriverOpRequest,standard,host,not-applicable,,
aether.ioctl_transport.validate-ioctl,aether,ioctl_transport,validateIoctl,ioctlTransportValidateIoctl,DriverOpRequest,standard,host,not-applicable,,
aether.rm_channel.allocate-channel,aether,rm_channel,allocateChannel,rmChannelAllocateChannel,DriverOpRequest,standard,host,not-applicable,,
aether.rm_channel.allocate-channel-group,aether,rm_channel,allocateChannelGroup,rmChannelAllocateChannelGroup,DriverOpRequest,standard,host,not-applicable,,
aether.rm_channel.allocate-context-share,aether,rm_channel,allocateContextShare,rmChannelAllocateContextShare,DriverOpRequest,standard,host,not-applicable,,
aether.rm_channel.allocate-event,aether,rm_channel,allocateEvent,rmChannelAllocateEvent,DriverOpRequest,standard,host,not-applicable,,
aether.rm_channel.allocate-semaphore-surface,aether,rm_channel,allocateSemaphoreSurface,rmChannelAllocateSemaphoreSurface,DriverOpRequest,standard,host,not-applicable,,
aether.rm_channel.bind-channel,aether,rm_channel,bindChannel,rmChannelBindChannel,DriverOpRequest,standard,host,not-applicable,,
aether.rm_channel.free-channel,aether,rm_channel,freeChannel,rmChannelFreeChannel,DriverOpRequest,standard,host,not-applicable,,
aether.rm_channel.free-channel-group,aether,rm_channel,freeChannelGroup,rmChannelFreeChannelGroup,DriverOpRequest,standard,host,not-applicable,,
aether.rm_channel.free-context-share,aether,rm_channel,freeContextShare,rmChannelFreeContextShare,DriverOpRequest,standard,host,not-applicable,,
aether.rm_channel.free-event,aether,rm_channel,freeEvent,rmChannelFreeEvent,DriverOpRequest,standard,host,not-applicable,,
aether.rm_channel.free-semaphore-surface,aether,rm_channel,freeSemaphoreSurface,rmChannelFreeSemaphoreSurface,DriverOpRequest,standard,host,not-applicable,,
aether.rm_channel.query-channel-state,aether,rm_channel,queryChannelState,rmChannelQueryChannelState,DriverOpRequest,standard,host,not-applicable,,
aether.rm_channel.register-event,aether,rm_channel,registerEvent,rmChannelRegisterEvent,DriverOpRequest,standard,host,not-applicable,,
aether.rm_channel.reset-channel-object,aether,rm_channel,resetChannelObject,rmChannelResetChannelObject,DriverOpRequest,standard,host,not-applicable,,
aether.rm_channel.set-channel-priority,aether,rm_channel,setChannelPriority,rmChannelSetChannelPriority,DriverOpRequest,standard,host,not-applicable,,
aether.rm_channel.unbind-channel,aether,rm_channel,unbindChannel,rmChannelUnbindChannel,DriverOpRequest,standard,host,not-applicable,,
aether.rm_channel.unregister-event,aether,rm_channel,unregisterEvent,rmChannelUnregisterEvent,DriverOpRequest,standard,host,not-applicable,,
aether.rm_client.alloc-rm-object,aether,rm_client,allocRmObject,rmClientAllocRmObject,DriverOpRequest,standard,host,not-applicable,,
aether.rm_client.capture-rm-object-graph,aether,rm_client,captureRmObjectGraph,rmClientCaptureRmObjectGraph,DriverOpRequest,standard,host,not-applicable,,
aether.rm_client.control-rm-object,aether,rm_client,controlRmObject,rmClientControlRmObject,DriverOpRequest,standard,host,not-applicable,,
aether.rm_client.create-rm-client,aether,rm_client,createRmClient,rmClientCreateRmClient,DriverOpRequest,standard,host,not-applicable,,
aether.rm_client.create-root-object,aether,rm_client,createRootObject,rmClientCreateRootObject,DriverOpRequest,standard,host,not-applicable,,
aether.rm_client.destroy-rm-client,aether,rm_client,destroyRmClient,rmClientDestroyRmClient,DriverOpRequest,standard,host,not-applicable,,
aether.rm_client.duplicate-rm-client,aether,rm_client,duplicateRmClient,rmClientDuplicateRmClient,DriverOpRequest,standard,host,not-applicable,,
aether.rm_client.enumerate-rm-children,aether,rm_client,enumerateRmChildren,rmClientEnumerateRmChildren,DriverOpRequest,standard,host,not-applicable,,
aether.rm_client.free-rm-object,aether,rm_client,freeRmObject,rmClientFreeRmObject,DriverOpRequest,standard,host,not-applicable,,
aether.rm_client.free-root-object,aether,rm_client,freeRootObject,rmClientFreeRootObject,DriverOpRequest,standard,host,not-applicable,,
aether.rm_client.query-rm-client,aether,rm_client,queryRmClient,rmClientQueryRmClient,DriverOpRequest,standard,host,not-applicable,,
aether.rm_client.query-rm-object,aether,rm_client,queryRmObject,rmClientQueryRmObject,DriverOpRequest,standard,host,not-applicable,,
aether.rm_client.set-rm-client-policy,aether,rm_client,setRmClientPolicy,rmClientSetRmClientPolicy,DriverOpRequest,standard,host,not-applicable,,
aether.rm_client.translate-rm-handle,aether,rm_client,translateRmHandle,rmClientTranslateRmHandle,DriverOpRequest,standard,host,not-applicable,,
aether.rm_client.validate-rm-handle,aether,rm_client,validateRmHandle,rmClientValidateRmHandle,DriverOpRequest,standard,host,not-applicable,,
aether.rm_device.allocate-device-object,aether,rm_device,allocateDeviceObject,rmDeviceAllocateDeviceObject,DriverOpRequest,standard,host,not-applicable,,
aether.rm_device.allocate-subdevice,aether,rm_device,allocateSubdevice,rmDeviceAllocateSubdevice,DriverOpRequest,standard,host,not-applicable,,
aether.rm_device.free-device-object,aether,rm_device,freeDeviceObject,rmDeviceFreeDeviceObject,DriverOpRequest,standard,host,not-applicable,,
aether.rm_device.free-subdevice,aether,rm_device,freeSubdevice,rmDeviceFreeSubdevice,DriverOpRequest,standard,host,not-applicable,,
aether.rm_device.query-architecture-info,aether,rm_device,queryArchitectureInfo,rmDeviceQueryArchitectureInfo,DriverOpRequest,standard,host,not-applicable,,
aether.rm_device.query-bar-info,aether,rm_device,queryBarInfo,rmDeviceQueryBarInfo,DriverOpRequest,standard,host,not-applicable,,
aether.rm_device.query-clock-info,aether,rm_device,queryClockInfo,rmDeviceQueryClockInfo,DriverOpRequest,standard,host,not-applicable,,
aether.rm_device.query-device-info,aether,rm_device,queryDeviceInfo,rmDeviceQueryDeviceInfo,DriverOpRequest,standard,host,not-applicable,,
aether.rm_device.query-ecc-info,aether,rm_device,queryEccInfo,rmDeviceQueryEccInfo,DriverOpRequest,standard,host,not-applicable,,
aether.rm_device.query-engine-info,aether,rm_device,queryEngineInfo,rmDeviceQueryEngineInfo,DriverOpRequest,standard,host,not-applicable,,
aether.rm_device.query-gsp-info,aether,rm_device,queryGspInfo,rmDeviceQueryGspInfo,DriverOpRequest,standard,host,not-applicable,,
aether.rm_device.query-memory-info,aether,rm_device,queryMemoryInfo,rmDeviceQueryMemoryInfo,DriverOpRequest,standard,host,not-applicable,,
aether.rm_device.query-pci-info,aether,rm_device,queryPciInfo,rmDeviceQueryPciInfo,DriverOpRequest,standard,host,not-applicable,,
aether.rm_device.query-power-info,aether,rm_device,queryPowerInfo,rmDeviceQueryPowerInfo,DriverOpRequest,standard,host,not-applicable,,
aether.rm_device.query-reset-status,aether,rm_device,queryResetStatus,rmDeviceQueryResetStatus,DriverOpRequest,standard,host,not-applicable,,
aether.rm_device.query-subdevice-info,aether,rm_device,querySubdeviceInfo,rmDeviceQuerySubdeviceInfo,DriverOpRequest,standard,host,not-applicable,,
aether.rm_device.query-thermal-info,aether,rm_device,queryThermalInfo,rmDeviceQueryThermalInfo,DriverOpRequest,standard,host,not-applicable,,
aether.rm_device.query-vbios-info,aether,rm_device,queryVbiosInfo,rmDeviceQueryVbiosInfo,DriverOpRequest,standard,host,not-applicable,,
aether.rm_vaspace_memory.allocate-memory-object,aether,rm_vaspace_memory,allocateMemoryObject,rmVaspaceMemoryAllocateMemoryObject,DriverOpRequest,standard,host,not-applicable,,
aether.rm_vaspace_memory.allocate-va-space,aether,rm_vaspace_memory,allocateVaSpace,rmVaspaceMemoryAllocateVaSpace,DriverOpRequest,standard,host,not-applicable,,
aether.rm_vaspace_memory.bind-memory-to-va-space,aether,rm_vaspace_memory,bindMemoryToVaSpace,rmVaspaceMemoryBindMemoryToVaSpace,DriverOpRequest,standard,host,not-applicable,,
aether.rm_vaspace_memory.duplicate-memory-object,aether,rm_vaspace_memory,duplicateMemoryObject,rmVaspaceMemoryDuplicateMemoryObject,DriverOpRequest,standard,host,not-applicable,,
aether.rm_vaspace_memory.export-memory-object,aether,rm_vaspace_memory,exportMemoryObject,rmVaspaceMemoryExportMemoryObject,DriverOpRequest,standard,host,not-applicable,,
aether.rm_vaspace_memory.free-memory-object,aether,rm_vaspace_memory,freeMemoryObject,rmVaspaceMemoryFreeMemoryObject,DriverOpRequest,standard,host,not-applicable,,
aether.rm_vaspace_memory.free-va-space,aether,rm_vaspace_memory,freeVaSpace,rmVaspaceMemoryFreeVaSpace,DriverOpRequest,standard,host,not-applicable,,
aether.rm_vaspace_memory.import-memory-object,aether,rm_vaspace_memory,importMemoryObject,rmVaspaceMemoryImportMemoryObject,DriverOpRequest,standard,host,not-applicable,,
aether.rm_vaspace_memory.map-memory-object,aether,rm_vaspace_memory,mapMemoryObject,rmVaspaceMemoryMapMemoryObject,DriverOpRequest,standard,host,not-applicable,,
aether.rm_vaspace_memory.query-memory-object,aether,rm_vaspace_memory,queryMemoryObject,rmVaspaceMemoryQueryMemoryObject,DriverOpRequest,standard,host,not-applicable,,
aether.rm_vaspace_memory.register-memory-object,aether,rm_vaspace_memory,registerMemoryObject,rmVaspaceMemoryRegisterMemoryObject,DriverOpRequest,standard,host,not-applicable,,
aether.rm_vaspace_memory.set-memory-object-flags,aether,rm_vaspace_memory,setMemoryObjectFlags,rmVaspaceMemorySetMemoryObjectFlags,DriverOpRequest,standard,host,not-applicable,,
aether.rm_vaspace_memory.unbind-memory-from-va-space,aether,rm_vaspace_memory,unbindMemoryFromVaSpace,rmVaspaceMemoryUnbindMemoryFromVaSpace,DriverOpRequest,standard,host,not-applicable,,
aether.rm_vaspace_memory.unmap-memory-object,aether,rm_vaspace_memory,unmapMemoryObject,rmVaspaceMemoryUnmapMemoryObject,DriverOpRequest,standard,host,not-applicable,,
aether.rm_vaspace_memory.unregister-memory-object,aether,rm_vaspace_memory,unregisterMemoryObject,rmVaspaceMemoryUnregisterMemoryObject,DriverOpRequest,standard,host,not-applicable,,
aether.uvm.uvm-deinitialize,aether,uvm,uvmDeinitialize,uvmUvmDeinitialize,DriverOpRequest,standard,host,not-applicable,,open-gpu-modules
aether.uvm.uvm-flush-fault-buffer,aether,uvm,uvmFlushFaultBuffer,uvmUvmFlushFaultBuffer,DriverOpRequest,standard,host,not-applicable,,open-gpu-modules
aether.uvm.uvm-initialize,aether,uvm,uvmInitialize,uvmUvmInitialize,DriverOpRequest,standard,host,not-applicable,,open-gpu-modules
aether.uvm.uvm-map-external-allocation,aether,uvm,uvmMapExternalAllocation,uvmUvmMapExternalAllocation,DriverOpRequest,standard,host,not-applicable,,open-gpu-modules
aether.uvm.uvm-migrate,aether,uvm,uvmMigrate,uvmUvmMigrate,DriverOpRequest,standard,host,not-applicable,,open-gpu-modules
aether.uvm.uvm-prefetch,aether,uvm,uvmPrefetch,uvmUvmPrefetch,DriverOpRequest,standard,host,not-applicable,,open-gpu-modules
aether.uvm.uvm-query-faults,aether,uvm,uvmQueryFaults,uvmUvmQueryFaults,DriverOpRequest,standard,host,not-applicable,,open-gpu-modules
aether.uvm.uvm-query-page-residency,aether,uvm,uvmQueryPageResidency,uvmUvmQueryPageResidency,DriverOpRequest,standard,host,not-applicable,,open-gpu-modules
aether.uvm.uvm-register-channel,aether,uvm,uvmRegisterChannel,uvmUvmRegisterChannel,DriverOpRequest,standard,host,not-applicable,,open-gpu-modules
aether.uvm.uvm-register-gpu,aether,uvm,uvmRegisterGpu,uvmUvmRegisterGpu,DriverOpRequest,standard,host,not-applicable,,open-gpu-modules
aether.uvm.uvm-register-va-space,aether,uvm,uvmRegisterVaSpace,uvmUvmRegisterVaSpace,DriverOpRequest,standard,host,not-applicable,,open-gpu-modules
aether.uvm.uvm-service-fault,aether,uvm,uvmServiceFault,uvmUvmServiceFault,DriverOpRequest,standard,host,not-applicable,,open-gpu-modules
aether.uvm.uvm-set-accessed-by,aether,uvm,uvmSetAccessedBy,uvmUvmSetAccessedBy,DriverOpRequest,standard,host,not-applicable,,open-gpu-modules
aether.uvm.uvm-set-preferred-location,aether,uvm,uvmSetPreferredLocation,uvmUvmSetPreferredLocation,DriverOpRequest,standard,host,not-applicable,,open-gpu-modules
aether.uvm.uvm-set-read-mostly,aether,uvm,uvmSetReadMostly,uvmUvmSetReadMostly,DriverOpRequest,standard,host,not-applicable,,open-gpu-modules
aether.uvm.uvm-unmap-external-allocation,aether,uvm,uvmUnmapExternalAllocation,uvmUvmUnmapExternalAllocation,DriverOpRequest,standard,host,not-applicable,,open-gpu-modules
aether.uvm.uvm-unregister-channel,aether,uvm,uvmUnregisterChannel,uvmUvmUnregisterChannel,DriverOpRequest,standard,host,not-applicable,,open-gpu-modules
aether.uvm.uvm-unregister-gpu,aether,uvm,uvmUnregisterGpu,uvmUvmUnregisterGpu,DriverOpRequest,standard,host,not-applicable,,open-gpu-modules
aether.uvm.uvm-unregister-va-space,aether,uvm,uvmUnregisterVaSpace,uvmUvmUnregisterVaSpace,DriverOpRequest,standard,host,not-applicable,,open-gpu-modules
alpha.attention.attention-backward,alpha,attention,attentionBackward,attentionAttentionBackward,AttentionRequest,standard,architecture-agnostic,differentiable-or-estimator,attention;softmax,flashattention;mamba
alpha.attention.attention-checksum,alpha,attention,attentionChecksum,attentionAttentionChecksum,AttentionRequest,research,architecture-agnostic,differentiable-or-estimator,attention;softmax,flashattention;mamba
alpha.attention.attention-kv-append,alpha,attention,attentionKvAppend,attentionAttentionKvAppend,AttentionRequest,standard,architecture-agnostic,differentiable-or-estimator,attention;softmax,flashattention;mamba
alpha.attention.attention-kv-compact,alpha,attention,attentionKvCompact,attentionAttentionKvCompact,AttentionRequest,standard,architecture-agnostic,differentiable-or-estimator,attention;softmax,flashattention;mamba
alpha.attention.attention-kv-evict,alpha,attention,attentionKvEvict,attentionAttentionKvEvict,AttentionRequest,standard,architecture-agnostic,differentiable-or-estimator,attention;softmax,flashattention;mamba
alpha.attention.attention-kv-gather,alpha,attention,attentionKvGather,attentionAttentionKvGather,AttentionRequest,standard,architecture-agnostic,differentiable-or-estimator,attention;softmax,flashattention;mamba
alpha.attention.attention-kv-quantize,alpha,attention,attentionKvQuantize,attentionAttentionKvQuantize,AttentionRequest,standard,architecture-agnostic,differentiable-or-estimator,attention;softmax,flashattention;mamba
alpha.attention.attention-prefix-share,alpha,attention,attentionPrefixShare,attentionAttentionPrefixShare,AttentionRequest,standard,architecture-agnostic,differentiable-or-estimator,attention;softmax,flashattention;mamba
alpha.attention.attention-score-only,alpha,attention,attentionScoreOnly,attentionAttentionScoreOnly,AttentionRequest,standard,architecture-agnostic,differentiable-or-estimator,attention;softmax,flashattention;mamba
alpha.attention.attention-tree-share,alpha,attention,attentionTreeShare,attentionAttentionTreeShare,AttentionRequest,standard,architecture-agnostic,differentiable-or-estimator,attention;softmax,flashattention;mamba
alpha.attention.attention-value-only,alpha,attention,attentionValueOnly,attentionAttentionValueOnly,AttentionRequest,standard,architecture-agnostic,differentiable-or-estimator,attention;softmax,flashattention;mamba
alpha.attention.attention-with-retrieval,alpha,attention,attentionWithRetrieval,attentionAttentionWithRetrieval,AttentionRequest,standard,architecture-agnostic,differentiable-or-estimator,attention;softmax,flashattention;mamba
alpha.attention.bidirectional-attention,alpha,attention,bidirectionalAttention,attentionBidirectionalAttention,AttentionRequest,standard,architecture-agnostic,differentiable-or-estimator,attention;softmax,flashattention;mamba
alpha.attention.block-sparse-attention,alpha,attention,blockSparseAttention,attentionBlockSparseAttention,AttentionRequest,standard,architecture-agnostic,differentiable-or-estimator,attention;softmax,flashattention;mamba
alpha.attention.causal-attention,alpha,attention,causalAttention,attentionCausalAttention,AttentionRequest,standard,architecture-agnostic,differentiable-or-estimator,attention;softmax,flashattention;mamba
alpha.attention.chunked-attention,alpha,attention,chunkedAttention,attentionChunkedAttention,AttentionRequest,standard,architecture-agnostic,differentiable-or-estimator,attention;softmax,flashattention;mamba
alpha.attention.cosine-attention,alpha,attention,cosineAttention,attentionCosineAttention,AttentionRequest,standard,architecture-agnostic,differentiable-or-estimator,attention;softmax,flashattention;mamba
alpha.attention.cross-attention,alpha,attention,crossAttention,attentionCrossAttention,AttentionRequest,standard,architecture-agnostic,differentiable-or-estimator,attention;softmax,flashattention;mamba
alpha.attention.delta-net-attention,alpha,attention,deltaNetAttention,attentionDeltaNetAttention,AttentionRequest,standard,architecture-agnostic,differentiable-or-estimator,attention;softmax,flashattention;mamba
alpha.attention.dilated-attention,alpha,attention,dilatedAttention,attentionDilatedAttention,AttentionRequest,standard,architecture-agnostic,differentiable-or-estimator,attention;softmax,flashattention;mamba
alpha.attention.entmax-attention,alpha,attention,entmaxAttention,attentionEntmaxAttention,AttentionRequest,standard,architecture-agnostic;future-or-emulated,differentiable-or-estimator,attention;softmax,flashattention;mamba
alpha.attention.flash-attention,alpha,attention,flashAttention,attentionFlashAttention,AttentionRequest,standard,architecture-agnostic,differentiable-or-estimator,attention;softmax,flashattention;mamba
alpha.attention.flash-attention-backward,alpha,attention,flashAttentionBackward,attentionFlashAttentionBackward,AttentionRequest,standard,architecture-agnostic,differentiable-or-estimator,attention;softmax,flashattention;mamba
alpha.attention.flash-decoding,alpha,attention,flashDecoding,attentionFlashDecoding,AttentionRequest,standard,architecture-agnostic,differentiable-or-estimator,attention;softmax,flashattention;mamba
alpha.attention.gated-delta-net,alpha,attention,gatedDeltaNet,attentionGatedDeltaNet,AttentionRequest,standard,architecture-agnostic,differentiable-or-estimator,attention;softmax,flashattention;mamba
alpha.attention.gated-retention,alpha,attention,gatedRetention,attentionGatedRetention,AttentionRequest,standard,architecture-agnostic,differentiable-or-estimator,attention;softmax,flashattention;mamba
alpha.attention.global-local-attention,alpha,attention,globalLocalAttention,attentionGlobalLocalAttention,AttentionRequest,standard,architecture-agnostic,differentiable-or-estimator,attention;softmax,flashattention;mamba
alpha.attention.grouped-query-attention,alpha,attention,groupedQueryAttention,attentionGroupedQueryAttention,AttentionRequest,standard,architecture-agnostic,differentiable-or-estimator,attention;softmax,flashattention;mamba
alpha.attention.hard-attention,alpha,attention,hardAttention,attentionHardAttention,AttentionRequest,standard,architecture-agnostic,differentiable-or-estimator,attention;softmax,flashattention;mamba
alpha.attention.hash-attention,alpha,attention,hashAttention,attentionHashAttention,AttentionRequest,standard,architecture-agnostic,differentiable-or-estimator,attention;softmax,flashattention;mamba
alpha.attention.kernel-linear-attention,alpha,attention,kernelLinearAttention,attentionKernelLinearAttention,AttentionRequest,standard,architecture-agnostic,differentiable-or-estimator,attention;softmax,flashattention;mamba
alpha.attention.local-attention,alpha,attention,localAttention,attentionLocalAttention,AttentionRequest,standard,architecture-agnostic,differentiable-or-estimator,attention;softmax,flashattention;mamba
alpha.attention.memory-compressed-attention,alpha,attention,memoryCompressedAttention,attentionMemoryCompressedAttention,AttentionRequest,standard,architecture-agnostic,differentiable-or-estimator,attention;softmax,flashattention;mamba
alpha.attention.monotonic-attention,alpha,attention,monotonicAttention,attentionMonotonicAttention,AttentionRequest,standard,architecture-agnostic,differentiable-or-estimator,attention;softmax,flashattention;mamba
alpha.attention.multi-head-attention,alpha,attention,multiHeadAttention,attentionMultiHeadAttention,AttentionRequest,standard,architecture-agnostic,differentiable-or-estimator,attention;softmax,flashattention;mamba
alpha.attention.multi-head-latent-attention,alpha,attention,multiHeadLatentAttention,attentionMultiHeadLatentAttention,AttentionRequest,standard,architecture-agnostic,differentiable-or-estimator,attention;softmax,flashattention;mamba
alpha.attention.multi-query-attention,alpha,attention,multiQueryAttention,attentionMultiQueryAttention,AttentionRequest,standard,architecture-agnostic,differentiable-or-estimator,attention;softmax,flashattention;mamba
alpha.attention.online-softmax-attention,alpha,attention,onlineSoftmaxAttention,attentionOnlineSoftmaxAttention,AttentionRequest,standard,architecture-agnostic;future-or-emulated,differentiable-or-estimator,attention;softmax,flashattention;mamba
alpha.attention.paged-attention,alpha,attention,pagedAttention,attentionPagedAttention,AttentionRequest,standard,architecture-agnostic,differentiable-or-estimator,attention;softmax,flashattention;mamba
alpha.attention.performer-attention,alpha,attention,performerAttention,attentionPerformerAttention,AttentionRequest,standard,architecture-agnostic,differentiable-or-estimator,attention;softmax,flashattention;mamba
alpha.attention.prefix-attention,alpha,attention,prefixAttention,attentionPrefixAttention,AttentionRequest,standard,architecture-agnostic,differentiable-or-estimator,attention;softmax,flashattention;mamba
alpha.attention.recurrent-attention,alpha,attention,recurrentAttention,attentionRecurrentAttention,AttentionRequest,standard,architecture-agnostic,differentiable-or-estimator,attention;softmax,flashattention;mamba
alpha.attention.retention,alpha,attention,retention,attentionRetention,AttentionRequest,standard,architecture-agnostic,differentiable-or-estimator,attention;softmax,flashattention;mamba
alpha.attention.ring-attention,alpha,attention,ringAttention,attentionRingAttention,AttentionRequest,standard,architecture-agnostic,differentiable-or-estimator,attention;softmax,flashattention;mamba
alpha.attention.routing-attention,alpha,attention,routingAttention,attentionRoutingAttention,AttentionRequest,standard,architecture-agnostic,differentiable-or-estimator,attention;softmax,flashattention;mamba
alpha.attention.scaled-dot-product-attention,alpha,attention,scaledDotProductAttention,attentionScaledDotProductAttention,AttentionRequest,standard,architecture-agnostic,differentiable-or-estimator,attention;softmax,flashattention;mamba
alpha.attention.sinkhorn-attention,alpha,attention,sinkhornAttention,attentionSinkhornAttention,AttentionRequest,standard,architecture-agnostic,differentiable-or-estimator,attention;softmax,flashattention;mamba
alpha.attention.sliding-window-attention,alpha,attention,slidingWindowAttention,attentionSlidingWindowAttention,AttentionRequest,standard,architecture-agnostic,differentiable-or-estimator,attention;softmax,flashattention;mamba
alpha.attention.sparsemax-attention,alpha,attention,sparsemaxAttention,attentionSparsemaxAttention,AttentionRequest,standard,architecture-agnostic,differentiable-or-estimator,attention;softmax,flashattention;mamba
alpha.attention.streaming-attention,alpha,attention,streamingAttention,attentionStreamingAttention,AttentionRequest,standard,architecture-agnostic,differentiable-or-estimator,attention;softmax,flashattention;mamba
alpha.attention.strided-attention,alpha,attention,stridedAttention,attentionStridedAttention,AttentionRequest,standard,architecture-agnostic,differentiable-or-estimator,attention;softmax,flashattention;mamba
alpha.attention.top-kattention,alpha,attention,topKAttention,attentionTopKAttention,AttentionRequest,standard,architecture-agnostic,differentiable-or-estimator,attention;softmax,flashattention;mamba
alpha.autodiff.checkpoint,alpha,autodiff,checkpoint,autodiffCheckpoint,AutodiffRequest,standard,architecture-agnostic,meta,,mlir-linalg
alpha.autodiff.complex-step-derivative,alpha,autodiff,complexStepDerivative,autodiffComplexStepDerivative,AutodiffRequest,standard,architecture-agnostic,meta,,mlir-linalg
alpha.autodiff.custom-jvp,alpha,autodiff,customJvp,autodiffCustomJvp,AutodiffRequest,standard,architecture-agnostic,meta,,mlir-linalg
alpha.autodiff.custom-vjp,alpha,autodiff,customVjp,autodiffCustomVjp,AutodiffRequest,standard,architecture-agnostic,meta,,mlir-linalg
alpha.autodiff.equilibrium-adjoint,alpha,autodiff,equilibriumAdjoint,autodiffEquilibriumAdjoint,AutodiffRequest,standard,architecture-agnostic,meta,,mlir-linalg
alpha.autodiff.finite-difference,alpha,autodiff,finiteDifference,autodiffFiniteDifference,AutodiffRequest,standard,architecture-agnostic,meta,,mlir-linalg
alpha.autodiff.forward-mode,alpha,autodiff,forwardMode,autodiffForwardMode,AutodiffRequest,standard,architecture-agnostic,meta,,mlir-linalg
alpha.autodiff.forward-over-reverse,alpha,autodiff,forwardOverReverse,autodiffForwardOverReverse,AutodiffRequest,standard,architecture-agnostic,meta,,mlir-linalg
alpha.autodiff.gradient-accumulate,alpha,autodiff,gradientAccumulate,autodiffGradientAccumulate,AutodiffRequest,standard,architecture-agnostic,meta,,mlir-linalg
alpha.autodiff.gradient-all-reduce,alpha,autodiff,gradientAllReduce,autodiffGradientAllReduce,AutodiffRequest,standard,architecture-agnostic,meta,,mlir-linalg
alpha.autodiff.gradient-centralize,alpha,autodiff,gradientCentralize,autodiffGradientCentralize,AutodiffRequest,standard,architecture-agnostic,meta,,mlir-linalg
alpha.autodiff.gradient-clip-norm,alpha,autodiff,gradientClipNorm,autodiffGradientClipNorm,AutodiffRequest,standard,architecture-agnostic,meta,,mlir-linalg
alpha.autodiff.gradient-clip-value,alpha,autodiff,gradientClipValue,autodiffGradientClipValue,AutodiffRequest,standard,architecture-agnostic,meta,,mlir-linalg
alpha.autodiff.gradient-compress,alpha,autodiff,gradientCompress,autodiffGradientCompress,AutodiffRequest,standard,architecture-agnostic,meta,,mlir-linalg
alpha.autodiff.gradient-error-feedback,alpha,autodiff,gradientErrorFeedback,autodiffGradientErrorFeedback,AutodiffRequest,research,architecture-agnostic,meta,,mlir-linalg
alpha.autodiff.gradient-noise-inject,alpha,autodiff,gradientNoiseInject,autodiffGradientNoiseInject,AutodiffRequest,standard,architecture-agnostic,meta,,mlir-linalg
alpha.autodiff.gradient-reduce-scatter,alpha,autodiff,gradientReduceScatter,autodiffGradientReduceScatter,AutodiffRequest,standard,architecture-agnostic,meta,,mlir-linalg
alpha.autodiff.gradient-scale,alpha,autodiff,gradientScale,autodiffGradientScale,AutodiffRequest,standard,architecture-agnostic,meta,,mlir-linalg
alpha.autodiff.gradient-sketch,alpha,autodiff,gradientSketch,autodiffGradientSketch,AutodiffRequest,research,architecture-agnostic,meta,,mlir-linalg
alpha.autodiff.gradient-unscale,alpha,autodiff,gradientUnscale,autodiffGradientUnscale,AutodiffRequest,standard,architecture-agnostic,meta,,mlir-linalg
alpha.autodiff.hessian,alpha,autodiff,hessian,autodiffHessian,AutodiffRequest,standard,architecture-agnostic,meta,,mlir-linalg
alpha.autodiff.hessian-vector-product,alpha,autodiff,hessianVectorProduct,autodiffHessianVectorProduct,AutodiffRequest,standard,architecture-agnostic,meta,,mlir-linalg
alpha.autodiff.implicit-differentiate,alpha,autodiff,implicitDifferentiate,autodiffImplicitDifferentiate,AutodiffRequest,standard,architecture-agnostic,meta,,mlir-linalg
alpha.autodiff.jacobian,alpha,autodiff,jacobian,autodiffJacobian,AutodiffRequest,standard,architecture-agnostic,meta,,mlir-linalg
alpha.autodiff.jvp,alpha,autodiff,jvp,autodiffJvp,AutodiffRequest,standard,architecture-agnostic,meta,,mlir-linalg
alpha.autodiff.quantized-adjoint,alpha,autodiff,quantizedAdjoint,autodiffQuantizedAdjoint,AutodiffRequest,standard,architecture-agnostic,meta,,mlir-linalg
alpha.autodiff.recompute,alpha,autodiff,recompute,autodiffRecompute,AutodiffRequest,standard,architecture-agnostic,meta,,mlir-linalg
alpha.autodiff.rematerialize,alpha,autodiff,rematerialize,autodiffRematerialize,AutodiffRequest,standard,architecture-agnostic,meta,,mlir-linalg
alpha.autodiff.reparameterization-estimator,alpha,autodiff,reparameterizationEstimator,autodiffReparameterizationEstimator,AutodiffRequest,standard,architecture-agnostic,meta,,mlir-linalg
alpha.autodiff.reverse-mode,alpha,autodiff,reverseMode,autodiffReverseMode,AutodiffRequest,standard,architecture-agnostic,meta,,mlir-linalg
alpha.autodiff.reverse-over-forward,alpha,autodiff,reverseOverForward,autodiffReverseOverForward,AutodiffRequest,standard,architecture-agnostic,meta,,mlir-linalg
alpha.autodiff.scan-adjoint,alpha,autodiff,scanAdjoint,autodiffScanAdjoint,AutodiffRequest,standard,architecture-agnostic,meta,,mlir-linalg
alpha.autodiff.score-function-estimator,alpha,autodiff,scoreFunctionEstimator,autodiffScoreFunctionEstimator,AutodiffRequest,standard,architecture-agnostic,meta,,mlir-linalg
alpha.autodiff.sparse-adjoint,alpha,autodiff,sparseAdjoint,autodiffSparseAdjoint,AutodiffRequest,standard,architecture-agnostic,meta,,mlir-linalg
alpha.autodiff.stop-gradient,alpha,autodiff,stopGradient,autodiffStopGradient,AutodiffRequest,standard,architecture-agnostic,meta,,mlir-linalg
alpha.autodiff.straight-through-estimator,alpha,autodiff,straightThroughEstimator,autodiffStraightThroughEstimator,AutodiffRequest,standard,architecture-agnostic,meta,,mlir-linalg
alpha.autodiff.vector-hessian-product,alpha,autodiff,vectorHessianProduct,autodiffVectorHessianProduct,AutodiffRequest,standard,architecture-agnostic,meta,,mlir-linalg
alpha.autodiff.vjp,alpha,autodiff,vjp,autodiffVjp,AutodiffRequest,standard,architecture-agnostic,meta,,mlir-linalg
alpha.binary_math.add,alpha,binary_math,add,binaryMathAdd,ScalarOpRequest,standard,architecture-agnostic,usually-differentiable,elementwise,stablehlo;mlir-arith;ptx
alpha.binary_math.atan2,alpha,binary_math,atan2,binaryMathAtan2,ScalarOpRequest,standard,architecture-agnostic,usually-differentiable,elementwise,stablehlo;mlir-arith;ptx
alpha.binary_math.average-rounded,alpha,binary_math,averageRounded,binaryMathAverageRounded,ScalarOpRequest,standard,architecture-agnostic,usually-differentiable,elementwise,stablehlo;mlir-arith;ptx
alpha.binary_math.bitwise-and,alpha,binary_math,bitwiseAnd,binaryMathBitwiseAnd,ScalarOpRequest,standard,architecture-agnostic,usually-differentiable,elementwise,stablehlo;mlir-arith;ptx
alpha.binary_math.bitwise-or,alpha,binary_math,bitwiseOr,binaryMathBitwiseOr,ScalarOpRequest,standard,architecture-agnostic,usually-differentiable,elementwise,stablehlo;mlir-arith;ptx
alpha.binary_math.bitwise-xor,alpha,binary_math,bitwiseXor,binaryMathBitwiseXor,ScalarOpRequest,standard,architecture-agnostic,usually-differentiable,elementwise,stablehlo;mlir-arith;ptx
alpha.binary_math.complex-div,alpha,binary_math,complexDiv,binaryMathComplexDiv,ScalarOpRequest,standard,architecture-agnostic,usually-differentiable,elementwise,stablehlo;mlir-arith;ptx
alpha.binary_math.complex-mul,alpha,binary_math,complexMul,binaryMathComplexMul,ScalarOpRequest,standard,architecture-agnostic,usually-differentiable,elementwise,stablehlo;mlir-arith;ptx
alpha.binary_math.copy-sign,alpha,binary_math,copySign,binaryMathCopySign,ScalarOpRequest,standard,architecture-agnostic,usually-differentiable,elementwise,stablehlo;mlir-arith;ptx
alpha.binary_math.div,alpha,binary_math,div,binaryMathDiv,ScalarOpRequest,standard,architecture-agnostic,usually-differentiable,elementwise,stablehlo;mlir-arith;ptx
alpha.binary_math.dual-number-mul,alpha,binary_math,dualNumberMul,binaryMathDualNumberMul,ScalarOpRequest,speculative,architecture-agnostic,usually-differentiable,elementwise,stablehlo;mlir-arith;ptx
alpha.binary_math.equal,alpha,binary_math,equal,binaryMathEqual,ScalarOpRequest,standard,architecture-agnostic,usually-differentiable,elementwise,stablehlo;mlir-arith;ptx
alpha.binary_math.floor-div,alpha,binary_math,floorDiv,binaryMathFloorDiv,ScalarOpRequest,standard,architecture-agnostic,usually-differentiable,elementwise,stablehlo;mlir-arith;ptx
alpha.binary_math.fmax,alpha,binary_math,fmax,binaryMathFmax,ScalarOpRequest,standard,architecture-agnostic,usually-differentiable,elementwise,stablehlo;mlir-arith;ptx
alpha.binary_math.fmin,alpha,binary_math,fmin,binaryMathFmin,ScalarOpRequest,standard,architecture-agnostic,usually-differentiable,elementwise,stablehlo;mlir-arith;ptx
alpha.binary_math.fmod,alpha,binary_math,fmod,binaryMathFmod,ScalarOpRequest,standard,architecture-agnostic,usually-differentiable,elementwise,stablehlo;mlir-arith;ptx
alpha.binary_math.gcd,alpha,binary_math,gcd,binaryMathGcd,ScalarOpRequest,standard,architecture-agnostic,usually-differentiable,elementwise,stablehlo;mlir-arith;ptx
alpha.binary_math.greater,alpha,binary_math,greater,binaryMathGreater,ScalarOpRequest,standard,architecture-agnostic,usually-differentiable,elementwise,stablehlo;mlir-arith;ptx
alpha.binary_math.greater-equal,alpha,binary_math,greaterEqual,binaryMathGreaterEqual,ScalarOpRequest,standard,architecture-agnostic,usually-differentiable,elementwise,stablehlo;mlir-arith;ptx
alpha.binary_math.hypot,alpha,binary_math,hypot,binaryMathHypot,ScalarOpRequest,standard,architecture-agnostic,usually-differentiable,elementwise,stablehlo;mlir-arith;ptx
alpha.binary_math.interval-add,alpha,binary_math,intervalAdd,binaryMathIntervalAdd,ScalarOpRequest,speculative,architecture-agnostic,usually-differentiable,elementwise,stablehlo;mlir-arith;ptx
alpha.binary_math.interval-mul,alpha,binary_math,intervalMul,binaryMathIntervalMul,ScalarOpRequest,speculative,architecture-agnostic,usually-differentiable,elementwise,stablehlo;mlir-arith;ptx
alpha.binary_math.lcm,alpha,binary_math,lcm,binaryMathLcm,ScalarOpRequest,standard,architecture-agnostic,usually-differentiable,elementwise,stablehlo;mlir-arith;ptx
alpha.binary_math.less,alpha,binary_math,less,binaryMathLess,ScalarOpRequest,standard,architecture-agnostic,usually-differentiable,elementwise,stablehlo;mlir-arith;ptx
alpha.binary_math.less-equal,alpha,binary_math,lessEqual,binaryMathLessEqual,ScalarOpRequest,standard,architecture-agnostic,usually-differentiable,elementwise,stablehlo;mlir-arith;ptx
alpha.binary_math.log-add-exp,alpha,binary_math,logAddExp,binaryMathLogAddExp,ScalarOpRequest,standard,architecture-agnostic,usually-differentiable,elementwise,stablehlo;mlir-arith;ptx
alpha.binary_math.log-add-exp2,alpha,binary_math,logAddExp2,binaryMathLogAddExp2,ScalarOpRequest,standard,architecture-agnostic,usually-differentiable,elementwise,stablehlo;mlir-arith;ptx
alpha.binary_math.logical-and,alpha,binary_math,logicalAnd,binaryMathLogicalAnd,ScalarOpRequest,standard,architecture-agnostic,usually-differentiable,elementwise,stablehlo;mlir-arith;ptx
alpha.binary_math.logical-or,alpha,binary_math,logicalOr,binaryMathLogicalOr,ScalarOpRequest,standard,architecture-agnostic,usually-differentiable,elementwise,stablehlo;mlir-arith;ptx
alpha.binary_math.logical-xor,alpha,binary_math,logicalXor,binaryMathLogicalXor,ScalarOpRequest,standard,architecture-agnostic,usually-differentiable,elementwise,stablehlo;mlir-arith;ptx
alpha.binary_math.maximum,alpha,binary_math,maximum,binaryMathMaximum,ScalarOpRequest,standard,architecture-agnostic,usually-differentiable,elementwise,stablehlo;mlir-arith;ptx
alpha.binary_math.minimum,alpha,binary_math,minimum,binaryMathMinimum,ScalarOpRequest,standard,architecture-agnostic,usually-differentiable,elementwise,stablehlo;mlir-arith;ptx
alpha.binary_math.mul,alpha,binary_math,mul,binaryMathMul,ScalarOpRequest,standard,architecture-agnostic,usually-differentiable,elementwise,stablehlo;mlir-arith;ptx
alpha.binary_math.next-after,alpha,binary_math,nextAfter,binaryMathNextAfter,ScalarOpRequest,standard,architecture-agnostic,usually-differentiable,elementwise,stablehlo;mlir-arith;ptx
alpha.binary_math.not-equal,alpha,binary_math,notEqual,binaryMathNotEqual,ScalarOpRequest,standard,architecture-agnostic,usually-differentiable,elementwise,stablehlo;mlir-arith;ptx
alpha.binary_math.pow,alpha,binary_math,pow,binaryMathPow,ScalarOpRequest,standard,architecture-agnostic,usually-differentiable,elementwise,stablehlo;mlir-arith;ptx
alpha.binary_math.remainder,alpha,binary_math,remainder,binaryMathRemainder,ScalarOpRequest,standard,architecture-agnostic,usually-differentiable,elementwise,stablehlo;mlir-arith;ptx
alpha.binary_math.rotate-left,alpha,binary_math,rotateLeft,binaryMathRotateLeft,ScalarOpRequest,standard,architecture-agnostic,usually-differentiable,elementwise,stablehlo;mlir-arith;ptx
alpha.binary_math.rotate-right,alpha,binary_math,rotateRight,binaryMathRotateRight,ScalarOpRequest,standard,architecture-agnostic,usually-differentiable,elementwise,stablehlo;mlir-arith;ptx
alpha.binary_math.saturating-add,alpha,binary_math,saturatingAdd,binaryMathSaturatingAdd,ScalarOpRequest,standard,architecture-agnostic,usually-differentiable,elementwise,stablehlo;mlir-arith;ptx
alpha.binary_math.saturating-sub,alpha,binary_math,saturatingSub,binaryMathSaturatingSub,ScalarOpRequest,standard,architecture-agnostic,usually-differentiable,elementwise,stablehlo;mlir-arith;ptx
alpha.binary_math.shift-left,alpha,binary_math,shiftLeft,binaryMathShiftLeft,ScalarOpRequest,standard,architecture-agnostic,usually-differentiable,elementwise,stablehlo;mlir-arith;ptx
alpha.binary_math.shift-right-arithmetic,alpha,binary_math,shiftRightArithmetic,binaryMathShiftRightArithmetic,ScalarOpRequest,standard,architecture-agnostic,usually-differentiable,elementwise,stablehlo;mlir-arith;ptx
alpha.binary_math.shift-right-logical,alpha,binary_math,shiftRightLogical,binaryMathShiftRightLogical,ScalarOpRequest,standard,architecture-agnostic,usually-differentiable,elementwise,stablehlo;mlir-arith;ptx
alpha.binary_math.squared-difference,alpha,binary_math,squaredDifference,binaryMathSquaredDifference,ScalarOpRequest,standard,architecture-agnostic,usually-differentiable,elementwise,stablehlo;mlir-arith;ptx
alpha.binary_math.sub,alpha,binary_math,sub,binaryMathSub,ScalarOpRequest,standard,architecture-agnostic,usually-differentiable,elementwise,stablehlo;mlir-arith;ptx
alpha.binary_math.true-div,alpha,binary_math,trueDiv,binaryMathTrueDiv,ScalarOpRequest,standard,architecture-agnostic,usually-differentiable,elementwise,stablehlo;mlir-arith;ptx
alpha.binary_math.trunc-div,alpha,binary_math,truncDiv,binaryMathTruncDiv,ScalarOpRequest,standard,architecture-agnostic,usually-differentiable,elementwise,stablehlo;mlir-arith;ptx
alpha.binary_math.unordered-compare,alpha,binary_math,unorderedCompare,binaryMathUnorderedCompare,ScalarOpRequest,standard,architecture-agnostic,usually-differentiable,elementwise,stablehlo;mlir-arith;ptx
alpha.binary_math.xlog1py,alpha,binary_math,xlog1py,binaryMathXlog1py,ScalarOpRequest,standard,architecture-agnostic,usually-differentiable,elementwise,stablehlo;mlir-arith;ptx
alpha.binary_math.xlogy,alpha,binary_math,xlogy,binaryMathXlogy,ScalarOpRequest,standard,architecture-agnostic,usually-differentiable,elementwise,stablehlo;mlir-arith;ptx
alpha.blas1.asum,alpha,blas1,asum,blas1Asum,MatmulRequest,standard,architecture-agnostic,differentiable,,blas;cublas
alpha.blas1.axpby,alpha,blas1,axpby,blas1Axpby,MatmulRequest,standard,architecture-agnostic,differentiable,,blas;cublas
alpha.blas1.axpy,alpha,blas1,axpy,blas1Axpy,MatmulRequest,standard,architecture-agnostic,differentiable,,blas;cublas
alpha.blas1.dot,alpha,blas1,dot,blas1Dot,MatmulRequest,standard,architecture-agnostic,differentiable,,blas;cublas
alpha.blas1.dot-conjugate,alpha,blas1,dotConjugate,blas1DotConjugate,MatmulRequest,standard,architecture-agnostic,differentiable,,blas;cublas
alpha.blas1.generate-givens,alpha,blas1,generateGivens,blas1GenerateGivens,MatmulRequest,standard,architecture-agnostic,differentiable,,blas;cublas
alpha.blas1.generate-modified-givens,alpha,blas1,generateModifiedGivens,blas1GenerateModifiedGivens,MatmulRequest,standard,architecture-agnostic,differentiable,,blas;cublas
alpha.blas1.iamax,alpha,blas1,iamax,blas1Iamax,MatmulRequest,standard,architecture-agnostic,differentiable,,blas;cublas
alpha.blas1.iamin,alpha,blas1,iamin,blas1Iamin,MatmulRequest,standard,architecture-agnostic,differentiable,,blas;cublas
alpha.blas1.modified-givens,alpha,blas1,modifiedGivens,blas1ModifiedGivens,MatmulRequest,standard,architecture-agnostic,differentiable,,blas;cublas
alpha.blas1.norm1,alpha,blas1,norm1,blas1Norm1,MatmulRequest,standard,architecture-agnostic,differentiable,,blas;cublas
alpha.blas1.norm2,alpha,blas1,norm2,blas1Norm2,MatmulRequest,standard,architecture-agnostic,differentiable,,blas;cublas
alpha.blas1.norm-inf,alpha,blas1,normInf,blas1NormInf,MatmulRequest,standard,architecture-agnostic,differentiable,,blas;cublas
alpha.blas1.plane-rotation,alpha,blas1,planeRotation,blas1PlaneRotation,MatmulRequest,standard,architecture-agnostic,differentiable,,blas;cublas
alpha.blas1.vector-copy,alpha,blas1,vectorCopy,blas1VectorCopy,MatmulRequest,standard,architecture-agnostic,differentiable,,blas;cublas
alpha.blas1.vector-scale,alpha,blas1,vectorScale,blas1VectorScale,MatmulRequest,standard,architecture-agnostic,differentiable,,blas;cublas
alpha.blas1.vector-swap,alpha,blas1,vectorSwap,blas1VectorSwap,MatmulRequest,standard,architecture-agnostic,differentiable,,blas;cublas
alpha.blas2.gbmv,alpha,blas2,gbmv,blas2Gbmv,MatmulRequest,standard,architecture-agnostic,differentiable,,blas;cublas
alpha.blas2.gemv,alpha,blas2,gemv,blas2Gemv,MatmulRequest,standard,architecture-agnostic,differentiable,,blas;cublas
alpha.blas2.ger,alpha,blas2,ger,blas2Ger,MatmulRequest,standard,architecture-agnostic,differentiable,,blas;cublas
alpha.blas2.ger-conjugate,alpha,blas2,gerConjugate,blas2GerConjugate,MatmulRequest,standard,architecture-agnostic,differentiable,,blas;cublas
alpha.blas2.hbmv,alpha,blas2,hbmv,blas2Hbmv,MatmulRequest,standard,architecture-agnostic,differentiable,,blas;cublas
alpha.blas2.hemv,alpha,blas2,hemv,blas2Hemv,MatmulRequest,standard,architecture-agnostic,differentiable,,blas;cublas
alpha.blas2.her,alpha,blas2,her,blas2Her,MatmulRequest,standard,architecture-agnostic,differentiable,,blas;cublas
alpha.blas2.her2,alpha,blas2,her2,blas2Her2,MatmulRequest,standard,architecture-agnostic,differentiable,,blas;cublas
alpha.blas2.hpmv-packed,alpha,blas2,hpmvPacked,blas2HpmvPacked,MatmulRequest,standard,architecture-agnostic,differentiable,,blas;cublas
alpha.blas2.hpr,alpha,blas2,hpr,blas2Hpr,MatmulRequest,standard,architecture-agnostic,differentiable,,blas;cublas
alpha.blas2.hpr2,alpha,blas2,hpr2,blas2Hpr2,MatmulRequest,standard,architecture-agnostic,differentiable,,blas;cublas
alpha.blas2.outer-product,alpha,blas2,outerProduct,blas2OuterProduct,MatmulRequest,standard,architecture-agnostic,differentiable,,blas;cublas
alpha.blas2.rank-one-update,alpha,blas2,rankOneUpdate,blas2RankOneUpdate,MatmulRequest,standard,architecture-agnostic,differentiable,,blas;cublas
alpha.blas2.rank-two-update,alpha,blas2,rankTwoUpdate,blas2RankTwoUpdate,MatmulRequest,standard,architecture-agnostic,differentiable,,blas;cublas
alpha.blas2.sbmv,alpha,blas2,sbmv,blas2Sbmv,MatmulRequest,standard,architecture-agnostic,differentiable,,blas;cublas
alpha.blas2.spmv-packed,alpha,blas2,spmvPacked,blas2SpmvPacked,MatmulRequest,standard,architecture-agnostic,differentiable,,blas;cublas
alpha.blas2.spr,alpha,blas2,spr,blas2Spr,MatmulRequest,standard,architecture-agnostic,differentiable,,blas;cublas
alpha.blas2.spr2,alpha,blas2,spr2,blas2Spr2,MatmulRequest,standard,architecture-agnostic,differentiable,,blas;cublas
alpha.blas2.symv,alpha,blas2,symv,blas2Symv,MatmulRequest,standard,architecture-agnostic,differentiable,,blas;cublas
alpha.blas2.syr,alpha,blas2,syr,blas2Syr,MatmulRequest,standard,architecture-agnostic,differentiable,,blas;cublas
alpha.blas2.syr2,alpha,blas2,syr2,blas2Syr2,MatmulRequest,standard,architecture-agnostic,differentiable,,blas;cublas
alpha.blas2.tbmv,alpha,blas2,tbmv,blas2Tbmv,MatmulRequest,standard,architecture-agnostic,differentiable,,blas;cublas
alpha.blas2.tbsv,alpha,blas2,tbsv,blas2Tbsv,MatmulRequest,standard,architecture-agnostic,differentiable,,blas;cublas
alpha.blas2.tpmv,alpha,blas2,tpmv,blas2Tpmv,MatmulRequest,standard,architecture-agnostic,differentiable,,blas;cublas
alpha.blas2.tpsv,alpha,blas2,tpsv,blas2Tpsv,MatmulRequest,standard,architecture-agnostic,differentiable,,blas;cublas
alpha.blas2.trmv,alpha,blas2,trmv,blas2Trmv,MatmulRequest,standard,architecture-agnostic,differentiable,,blas;cublas
alpha.blas2.trsv,alpha,blas2,trsv,blas2Trsv,MatmulRequest,standard,architecture-agnostic,differentiable,,blas;cublas
alpha.blas3.batched-trsm,alpha,blas3,batchedTrsm,blas3BatchedTrsm,MatmulRequest,standard,architecture-agnostic,differentiable,,blas;cublas
alpha.blas3.hemm,alpha,blas3,hemm,blas3Hemm,MatmulRequest,standard,architecture-agnostic,differentiable,,blas;cublas
alpha.blas3.her2k,alpha,blas3,her2k,blas3Her2k,MatmulRequest,standard,architecture-agnostic,differentiable,,blas;cublas
alpha.blas3.herk,alpha,blas3,herk,blas3Herk,MatmulRequest,standard,architecture-agnostic,differentiable,,blas;cublas
alpha.blas3.matrix-rank-kupdate,alpha,blas3,matrixRankKUpdate,blas3MatrixRankKUpdate,MatmulRequest,standard,architecture-agnostic,differentiable,,blas;cublas
alpha.blas3.symm,alpha,blas3,symm,blas3Symm,MatmulRequest,standard,architecture-agnostic,differentiable,,blas;cublas
alpha.blas3.syr2k,alpha,blas3,syr2k,blas3Syr2k,MatmulRequest,standard,architecture-agnostic,differentiable,,blas;cublas
alpha.blas3.syrk,alpha,blas3,syrk,blas3Syrk,MatmulRequest,standard,architecture-agnostic,differentiable,,blas;cublas
alpha.blas3.triangular-solve-matrix,alpha,blas3,triangularSolveMatrix,blas3TriangularSolveMatrix,MatmulRequest,standard,architecture-agnostic,differentiable,,blas;cublas
alpha.blas3.trmm,alpha,blas3,trmm,blas3Trmm,MatmulRequest,standard,architecture-agnostic,differentiable,,blas;cublas
alpha.blas3.trsm,alpha,blas3,trsm,blas3Trsm,MatmulRequest,standard,architecture-agnostic,differentiable,,blas;cublas
alpha.convolution.block-sparse-conv,alpha,convolution,blockSparseConv,convolutionBlockSparseConv,TensorOpRequest,standard,architecture-agnostic,differentiable,convolution,mlir-linalg;cutlass;cufft
alpha.convolution.causal-conv,alpha,convolution,causalConv,convolutionCausalConv,TensorOpRequest,standard,architecture-agnostic,differentiable,convolution,mlir-linalg;cutlass;cufft
alpha.convolution.conv1d,alpha,convolution,conv1d,convolutionConv1d,TensorOpRequest,standard,architecture-agnostic,differentiable,convolution,mlir-linalg;cutlass;cufft
alpha.convolution.conv2d,alpha,convolution,conv2d,convolutionConv2d,TensorOpRequest,standard,architecture-agnostic,differentiable,convolution,mlir-linalg;cutlass;cufft
alpha.convolution.conv3d,alpha,convolution,conv3d,convolutionConv3d,TensorOpRequest,standard,architecture-agnostic,differentiable,convolution,mlir-linalg;cutlass;cufft
alpha.convolution.conv-backward-bias,alpha,convolution,convBackwardBias,convolutionConvBackwardBias,TensorOpRequest,standard,architecture-agnostic,differentiable,convolution,mlir-linalg;cutlass;cufft
alpha.convolution.conv-backward-input,alpha,convolution,convBackwardInput,convolutionConvBackwardInput,TensorOpRequest,standard,architecture-agnostic,differentiable,convolution,mlir-linalg;cutlass;cufft
alpha.convolution.conv-backward-weight,alpha,convolution,convBackwardWeight,convolutionConvBackwardWeight,TensorOpRequest,standard,architecture-agnostic,differentiable,convolution,mlir-linalg;cutlass;cufft
alpha.convolution.conv-transpose1d,alpha,convolution,convTranspose1d,convolutionConvTranspose1d,TensorOpRequest,standard,architecture-agnostic,differentiable,convolution,mlir-linalg;cutlass;cufft
alpha.convolution.conv-transpose2d,alpha,convolution,convTranspose2d,convolutionConvTranspose2d,TensorOpRequest,standard,architecture-agnostic,differentiable,convolution,mlir-linalg;cutlass;cufft
alpha.convolution.conv-transpose3d,alpha,convolution,convTranspose3d,convolutionConvTranspose3d,TensorOpRequest,standard,architecture-agnostic,differentiable,convolution,mlir-linalg;cutlass;cufft
alpha.convolution.deformable-conv,alpha,convolution,deformableConv,convolutionDeformableConv,TensorOpRequest,standard,architecture-agnostic,differentiable,convolution,mlir-linalg;cutlass;cufft
alpha.convolution.depthwise-conv,alpha,convolution,depthwiseConv,convolutionDepthwiseConv,TensorOpRequest,standard,architecture-agnostic,differentiable,convolution,mlir-linalg;cutlass;cufft
alpha.convolution.dilated-conv,alpha,convolution,dilatedConv,convolutionDilatedConv,TensorOpRequest,standard,architecture-agnostic,differentiable,convolution,mlir-linalg;cutlass;cufft
alpha.convolution.direct-conv,alpha,convolution,directConv,convolutionDirectConv,TensorOpRequest,standard,architecture-agnostic,differentiable,convolution,mlir-linalg;cutlass;cufft
alpha.convolution.dynamic-conv,alpha,convolution,dynamicConv,convolutionDynamicConv,TensorOpRequest,standard,architecture-agnostic,differentiable,convolution,mlir-linalg;cutlass;cufft
alpha.convolution.fft-conv,alpha,convolution,fftConv,convolutionFftConv,TensorOpRequest,standard,architecture-agnostic,differentiable,convolution,mlir-linalg;cutlass;cufft
alpha.convolution.grouped-conv,alpha,convolution,groupedConv,convolutionGroupedConv,TensorOpRequest,standard,architecture-agnostic,differentiable,convolution,mlir-linalg;cutlass;cufft
alpha.convolution.hyena-long-conv,alpha,convolution,hyenaLongConv,convolutionHyenaLongConv,TensorOpRequest,standard,architecture-agnostic,differentiable,convolution,mlir-linalg;cutlass;cufft
alpha.convolution.implicit-gemm-conv,alpha,convolution,implicitGemmConv,convolutionImplicitGemmConv,TensorOpRequest,standard,architecture-agnostic,differentiable,convolution,mlir-linalg;cutlass;cufft
alpha.convolution.masked-conv,alpha,convolution,maskedConv,convolutionMaskedConv,TensorOpRequest,standard,architecture-agnostic,differentiable,convolution,mlir-linalg;cutlass;cufft
alpha.convolution.pointwise-conv,alpha,convolution,pointwiseConv,convolutionPointwiseConv,TensorOpRequest,standard,architecture-agnostic,differentiable,convolution,mlir-linalg;cutlass;cufft
alpha.convolution.separable-conv,alpha,convolution,separableConv,convolutionSeparableConv,TensorOpRequest,standard,architecture-agnostic,differentiable,convolution,mlir-linalg;cutlass;cufft
alpha.convolution.state-space-conv,alpha,convolution,stateSpaceConv,convolutionStateSpaceConv,TensorOpRequest,standard,architecture-agnostic,differentiable,convolution,mlir-linalg;cutlass;cufft
alpha.convolution.toeplitz-conv,alpha,convolution,toeplitzConv,convolutionToeplitzConv,TensorOpRequest,standard,architecture-agnostic,differentiable,convolution,mlir-linalg;cutlass;cufft
alpha.convolution.winograd-conv,alpha,convolution,winogradConv,convolutionWinogradConv,TensorOpRequest,standard,architecture-agnostic,differentiable,convolution,mlir-linalg;cutlass;cufft
alpha.distributed_collective.all-gather,alpha,distributed_collective,allGather,distributedCollectiveAllGather,CollectiveOpRequest,standard,architecture-agnostic,custom-adjoint,,nccl;nvshmem
alpha.distributed_collective.all-reduce,alpha,distributed_collective,allReduce,distributedCollectiveAllReduce,CollectiveOpRequest,standard,architecture-agnostic,custom-adjoint,,nccl;nvshmem
alpha.distributed_collective.all-to-all,alpha,distributed_collective,allToAll,distributedCollectiveAllToAll,CollectiveOpRequest,standard,architecture-agnostic,custom-adjoint,,nccl;nvshmem
alpha.distributed_collective.all-to-all-v,alpha,distributed_collective,allToAllV,distributedCollectiveAllToAllV,CollectiveOpRequest,standard,architecture-agnostic,custom-adjoint,,nccl;nvshmem
alpha.distributed_collective.barrier,alpha,distributed_collective,barrier,distributedCollectiveBarrier,CollectiveOpRequest,standard,architecture-agnostic,custom-adjoint,,nccl;nvshmem
alpha.distributed_collective.broadcast,alpha,distributed_collective,broadcast,distributedCollectiveBroadcast,CollectiveOpRequest,standard,architecture-agnostic,custom-adjoint,,nccl;nvshmem
alpha.distributed_collective.expert-parallel-combine,alpha,distributed_collective,expertParallelCombine,distributedCollectiveExpertParallelCombine,CollectiveOpRequest,standard,architecture-agnostic,custom-adjoint,,nccl;nvshmem
alpha.distributed_collective.expert-parallel-dispatch,alpha,distributed_collective,expertParallelDispatch,distributedCollectiveExpertParallelDispatch,CollectiveOpRequest,standard,architecture-agnostic,custom-adjoint,,nccl;nvshmem
alpha.distributed_collective.gather,alpha,distributed_collective,gather,distributedCollectiveGather,CollectiveOpRequest,standard,architecture-agnostic,custom-adjoint,,nccl;nvshmem
alpha.distributed_collective.gossip-average,alpha,distributed_collective,gossipAverage,distributedCollectiveGossipAverage,CollectiveOpRequest,standard,architecture-agnostic,custom-adjoint,,nccl;nvshmem
alpha.distributed_collective.hierarchical-all-reduce,alpha,distributed_collective,hierarchicalAllReduce,distributedCollectiveHierarchicalAllReduce,CollectiveOpRequest,standard,architecture-agnostic,custom-adjoint,,nccl;nvshmem
alpha.distributed_collective.neighbor-all-gather,alpha,distributed_collective,neighborAllGather,distributedCollectiveNeighborAllGather,CollectiveOpRequest,standard,architecture-agnostic,custom-adjoint,,nccl;nvshmem
alpha.distributed_collective.neighbor-all-to-all,alpha,distributed_collective,neighborAllToAll,distributedCollectiveNeighborAllToAll,CollectiveOpRequest,standard,architecture-agnostic,custom-adjoint,,nccl;nvshmem
alpha.distributed_collective.parameter-server-pull,alpha,distributed_collective,parameterServerPull,distributedCollectiveParameterServerPull,CollectiveOpRequest,standard,architecture-agnostic,custom-adjoint,,nccl;nvshmem
alpha.distributed_collective.parameter-server-push,alpha,distributed_collective,parameterServerPush,distributedCollectiveParameterServerPush,CollectiveOpRequest,standard,architecture-agnostic,custom-adjoint,,nccl;nvshmem
alpha.distributed_collective.pipeline-recv,alpha,distributed_collective,pipelineRecv,distributedCollectivePipelineRecv,CollectiveOpRequest,standard,architecture-agnostic,custom-adjoint,,nccl;nvshmem
alpha.distributed_collective.pipeline-send,alpha,distributed_collective,pipelineSend,distributedCollectivePipelineSend,CollectiveOpRequest,standard,architecture-agnostic,custom-adjoint,,nccl;nvshmem
alpha.distributed_collective.recv,alpha,distributed_collective,recv,distributedCollectiveRecv,CollectiveOpRequest,standard,architecture-agnostic,custom-adjoint,,nccl;nvshmem
alpha.distributed_collective.reduce,alpha,distributed_collective,reduce,distributedCollectiveReduce,CollectiveOpRequest,standard,architecture-agnostic,custom-adjoint,,nccl;nvshmem
alpha.distributed_collective.reduce-scatter,alpha,distributed_collective,reduceScatter,distributedCollectiveReduceScatter,CollectiveOpRequest,standard,architecture-agnostic,custom-adjoint,,nccl;nvshmem
alpha.distributed_collective.remote-district-call,alpha,distributed_collective,remoteDistrictCall,distributedCollectiveRemoteDistrictCall,CollectiveOpRequest,research,architecture-agnostic,custom-adjoint,,nccl;nvshmem
alpha.distributed_collective.remote-district-return,alpha,distributed_collective,remoteDistrictReturn,distributedCollectiveRemoteDistrictReturn,CollectiveOpRequest,research,architecture-agnostic,custom-adjoint,,nccl;nvshmem
alpha.distributed_collective.ring-all-reduce,alpha,distributed_collective,ringAllReduce,distributedCollectiveRingAllReduce,CollectiveOpRequest,standard,architecture-agnostic,custom-adjoint,,nccl;nvshmem
alpha.distributed_collective.scatter,alpha,distributed_collective,scatter,distributedCollectiveScatter,CollectiveOpRequest,standard,architecture-agnostic,custom-adjoint,,nccl;nvshmem
alpha.distributed_collective.send,alpha,distributed_collective,send,distributedCollectiveSend,CollectiveOpRequest,standard,architecture-agnostic,custom-adjoint,,nccl;nvshmem
alpha.distributed_collective.send-recv,alpha,distributed_collective,sendRecv,distributedCollectiveSendRecv,CollectiveOpRequest,standard,architecture-agnostic,custom-adjoint,,nccl;nvshmem
alpha.distributed_collective.sequence-parallel-shard,alpha,distributed_collective,sequenceParallelShard,distributedCollectiveSequenceParallelShard,CollectiveOpRequest,standard,architecture-agnostic,custom-adjoint,,nccl;nvshmem
alpha.distributed_collective.tensor-parallel-shard,alpha,distributed_collective,tensorParallelShard,distributedCollectiveTensorParallelShard,CollectiveOpRequest,standard,architecture-agnostic,custom-adjoint,,nccl;nvshmem
alpha.distributed_collective.tree-all-reduce,alpha,distributed_collective,treeAllReduce,distributedCollectiveTreeAllReduce,CollectiveOpRequest,standard,architecture-agnostic,custom-adjoint,,nccl;nvshmem
alpha.gemm.gemm,alpha,gemm,gemm,gemmGemm,MatmulRequest,standard,architecture-agnostic,differentiable-or-estimator,gemm;epilogue,cublaslt;cutlass;graphblas;mlir-vector
alpha.gemm.gemm-amax,alpha,gemm,gemmAmax,gemmGemmAmax,MatmulRequest,standard,architecture-agnostic,differentiable-or-estimator,gemm;epilogue,cublaslt;cutlass;graphblas;mlir-vector
alpha.gemm.gemm-anytime-bitplane,alpha,gemm,gemmAnytimeBitplane,gemmGemmAnytimeBitplane,MatmulRequest,research,architecture-agnostic,differentiable-or-estimator,gemm;epilogue,cublaslt;cutlass;graphblas;mlir-vector
alpha.gemm.gemm-automatic-precision,alpha,gemm,gemmAutomaticPrecision,gemmGemmAutomaticPrecision,MatmulRequest,standard,architecture-agnostic,differentiable-or-estimator,gemm;epilogue,cublaslt;cutlass;graphblas;mlir-vector
alpha.gemm.gemm-banded,alpha,gemm,gemmBanded,gemmGemmBanded,MatmulRequest,standard,architecture-agnostic,differentiable-or-estimator,gemm;epilogue,cublaslt;cutlass;graphblas;mlir-vector
alpha.gemm.gemm-bf16,alpha,gemm,gemmBf16,gemmGemmBf16,MatmulRequest,standard,architecture-agnostic,differentiable-or-estimator,gemm;epilogue,cublaslt;cutlass;graphblas;mlir-vector
alpha.gemm.gemm-bias,alpha,gemm,gemmBias,gemmGemmBias,MatmulRequest,standard,architecture-agnostic,differentiable-or-estimator,gemm;epilogue,cublaslt;cutlass;graphblas;mlir-vector
alpha.gemm.gemm-bias-gelu,alpha,gemm,gemmBiasGelu,gemmGemmBiasGelu,MatmulRequest,standard,architecture-agnostic,differentiable-or-estimator,gemm;epilogue,cublaslt;cutlass;graphblas;mlir-vector
alpha.gemm.gemm-bias-relu,alpha,gemm,gemmBiasRelu,gemmGemmBiasRelu,MatmulRequest,standard,architecture-agnostic,differentiable-or-estimator,gemm;epilogue,cublaslt;cutlass;graphblas;mlir-vector
alpha.gemm.gemm-bias-silu,alpha,gemm,gemmBiasSilu,gemmGemmBiasSilu,MatmulRequest,standard,architecture-agnostic,differentiable-or-estimator,gemm;epilogue,cublaslt;cutlass;graphblas;mlir-vector
alpha.gemm.gemm-bias-swi-glu,alpha,gemm,gemmBiasSwiGLU,gemmGemmBiasSwiGLU,MatmulRequest,standard,architecture-agnostic,differentiable-or-estimator,gemm;epilogue,cublaslt;cutlass;graphblas;mlir-vector
alpha.gemm.gemm-binary,alpha,gemm,gemmBinary,gemmGemmBinary,MatmulRequest,standard,architecture-agnostic,differentiable-or-estimator,gemm;epilogue,cublaslt;cutlass;graphblas;mlir-vector
alpha.gemm.gemm-block-diagonal,alpha,gemm,gemmBlockDiagonal,gemmGemmBlockDiagonal,MatmulRequest,standard,architecture-agnostic,differentiable-or-estimator,gemm;epilogue,cublaslt;cutlass;graphblas;mlir-vector
alpha.gemm.gemm-block-sparse,alpha,gemm,gemmBlockSparse,gemmGemmBlockSparse,MatmulRequest,standard,architecture-agnostic,differentiable-or-estimator,gemm;epilogue,cublaslt;cutlass;graphblas;mlir-vector
alpha.gemm.gemm-boolean-or-and,alpha,gemm,gemmBooleanOrAnd,gemmGemmBooleanOrAnd,MatmulRequest,standard,architecture-agnostic,differentiable-or-estimator,gemm;epilogue,cublaslt;cutlass;graphblas;mlir-vector
alpha.gemm.gemm-boolean-xor-and,alpha,gemm,gemmBooleanXorAnd,gemmGemmBooleanXorAnd,MatmulRequest,standard,architecture-agnostic,differentiable-or-estimator,gemm;epilogue,cublaslt;cutlass;graphblas;mlir-vector
alpha.gemm.gemm-broadcast-batched,alpha,gemm,gemmBroadcastBatched,gemmGemmBroadcastBatched,MatmulRequest,standard,architecture-agnostic,differentiable-or-estimator,gemm;epilogue,cublaslt;cutlass;graphblas;mlir-vector
alpha.gemm.gemm-butterfly,alpha,gemm,gemmButterfly,gemmGemmButterfly,MatmulRequest,standard,architecture-agnostic,differentiable-or-estimator,gemm;epilogue,cublaslt;cutlass;graphblas;mlir-vector
alpha.gemm.gemm-checksum-verified,alpha,gemm,gemmChecksumVerified,gemmGemmChecksumVerified,MatmulRequest,research,architecture-agnostic,differentiable-or-estimator,gemm;epilogue,cublaslt;cutlass;graphblas;mlir-vector
alpha.gemm.gemm-circulant,alpha,gemm,gemmCirculant,gemmGemmCirculant,MatmulRequest,standard,architecture-agnostic,differentiable-or-estimator,gemm;epilogue,cublaslt;cutlass;graphblas;mlir-vector
alpha.gemm.gemm-coded-microbatch,alpha,gemm,gemmCodedMicrobatch,gemmGemmCodedMicrobatch,MatmulRequest,research,architecture-agnostic,differentiable-or-estimator,gemm;epilogue,cublaslt;cutlass;graphblas;mlir-vector
alpha.gemm.gemm-complex,alpha,gemm,gemmComplex,gemmGemmComplex,MatmulRequest,standard,architecture-agnostic,differentiable-or-estimator,gemm;epilogue,cublaslt;cutlass;graphblas;mlir-vector
alpha.gemm.gemm-conserved-moment,alpha,gemm,gemmConservedMoment,gemmGemmConservedMoment,MatmulRequest,research,architecture-agnostic,differentiable-or-estimator,gemm;epilogue,cublaslt;cutlass;graphblas;mlir-vector
alpha.gemm.gemm-cooperative,alpha,gemm,gemmCooperative,gemmGemmCooperative,MatmulRequest,standard,architecture-agnostic,differentiable-or-estimator,gemm;epilogue,cublaslt;cutlass;graphblas;mlir-vector
alpha.gemm.gemm-countercurrent,alpha,gemm,gemmCountercurrent,gemmGemmCountercurrent,MatmulRequest,research,architecture-agnostic,differentiable-or-estimator,gemm;epilogue,cublaslt;cutlass;graphblas;mlir-vector
alpha.gemm.gemm-count-sketch,alpha,gemm,gemmCountSketch,gemmGemmCountSketch,MatmulRequest,research,architecture-agnostic,differentiable-or-estimator,gemm;epilogue,cublaslt;cutlass;graphblas;mlir-vector
alpha.gemm.gemm-covariance-accumulating,alpha,gemm,gemmCovarianceAccumulating,gemmGemmCovarianceAccumulating,MatmulRequest,research,architecture-agnostic,differentiable-or-estimator,gemm;epilogue,cublaslt;cutlass;graphblas;mlir-vector
alpha.gemm.gemm-deferred-weight-gradient,alpha,gemm,gemmDeferredWeightGradient,gemmGemmDeferredWeightGradient,MatmulRequest,research,architecture-agnostic,differentiable-or-estimator,gemm;epilogue,cublaslt;cutlass;graphblas;mlir-vector
alpha.gemm.gemm-dequantize,alpha,gemm,gemmDequantize,gemmGemmDequantize,MatmulRequest,standard,architecture-agnostic,differentiable-or-estimator,gemm;epilogue,cublaslt;cutlass;graphblas;mlir-vector
alpha.gemm.gemm-diagonal-plus-low-rank,alpha,gemm,gemmDiagonalPlusLowRank,gemmGemmDiagonalPlusLowRank,MatmulRequest,standard,architecture-agnostic,differentiable-or-estimator,gemm;epilogue,cublaslt;cutlass;graphblas;mlir-vector
alpha.gemm.gemm-dropout,alpha,gemm,gemmDropout,gemmGemmDropout,MatmulRequest,standard,architecture-agnostic,differentiable-or-estimator,gemm;epilogue,cublaslt;cutlass;graphblas;mlir-vector
alpha.gemm.gemm-dual-number,alpha,gemm,gemmDualNumber,gemmGemmDualNumber,MatmulRequest,speculative,architecture-agnostic,differentiable-or-estimator,gemm;epilogue,cublaslt;cutlass;graphblas;mlir-vector
alpha.gemm.gemm-error-feedback,alpha,gemm,gemmErrorFeedback,gemmGemmErrorFeedback,MatmulRequest,research,architecture-agnostic,differentiable-or-estimator,gemm;epilogue,cublaslt;cutlass;graphblas;mlir-vector
alpha.gemm.gemm-ex,alpha,gemm,gemmEx,gemmGemmEx,MatmulRequest,standard,architecture-agnostic,differentiable-or-estimator,gemm;epilogue,cublaslt;cutlass;graphblas;mlir-vector
alpha.gemm.gemm-finite-field,alpha,gemm,gemmFiniteField,gemmGemmFiniteField,MatmulRequest,speculative,architecture-agnostic,differentiable-or-estimator,gemm;epilogue,cublaslt;cutlass;graphblas;mlir-vector
alpha.gemm.gemm-fp16,alpha,gemm,gemmFp16,gemmGemmFp16,MatmulRequest,standard,architecture-agnostic,differentiable-or-estimator,gemm;epilogue,cublaslt;cutlass;graphblas;mlir-vector
alpha.gemm.gemm-fused-epilogue,alpha,gemm,gemmFusedEpilogue,gemmGemmFusedEpilogue,MatmulRequest,standard,architecture-agnostic,differentiable-or-estimator,gemm;epilogue,cublaslt;cutlass;graphblas;mlir-vector
alpha.gemm.gemm-fused-prologue,alpha,gemm,gemmFusedPrologue,gemmGemmFusedPrologue,MatmulRequest,standard,architecture-agnostic,differentiable-or-estimator,gemm;epilogue,cublaslt;cutlass;graphblas;mlir-vector
alpha.gemm.gemm-fused-prologue-epilogue,alpha,gemm,gemmFusedPrologueEpilogue,gemmGemmFusedPrologueEpilogue,MatmulRequest,standard,architecture-agnostic,differentiable-or-estimator,gemm;epilogue,cublaslt;cutlass;graphblas;mlir-vector
alpha.gemm.gemm-gather-a,alpha,gemm,gemmGatherA,gemmGemmGatherA,MatmulRequest,standard,architecture-agnostic,differentiable-or-estimator,gemm;epilogue,cublaslt;cutlass;graphblas;mlir-vector
alpha.gemm.gemm-gather-b,alpha,gemm,gemmGatherB,gemmGemmGatherB,MatmulRequest,standard,architecture-agnostic,differentiable-or-estimator,gemm;epilogue,cublaslt;cutlass;graphblas;mlir-vector
alpha.gemm.gemm-gradient-sketch,alpha,gemm,gemmGradientSketch,gemmGemmGradientSketch,MatmulRequest,research,architecture-agnostic,differentiable-or-estimator,gemm;epilogue,cublaslt;cutlass;graphblas;mlir-vector
alpha.gemm.gemm-grouped,alpha,gemm,gemmGrouped,gemmGemmGrouped,MatmulRequest,standard,architecture-agnostic,differentiable-or-estimator,gemm;epilogue,cublaslt;cutlass;graphblas;mlir-vector
alpha.gemm.gemm-hadamard-factored,alpha,gemm,gemmHadamardFactored,gemmGemmHadamardFactored,MatmulRequest,standard,architecture-agnostic,differentiable-or-estimator,gemm;epilogue,cublaslt;cutlass;graphblas;mlir-vector
alpha.gemm.gemm-hermitian,alpha,gemm,gemmHermitian,gemmGemmHermitian,MatmulRequest,standard,architecture-agnostic,differentiable-or-estimator,gemm;epilogue,cublaslt;cutlass;graphblas;mlir-vector
alpha.gemm.gemm-innovation-only,alpha,gemm,gemmInnovationOnly,gemmGemmInnovationOnly,MatmulRequest,research,architecture-agnostic,differentiable-or-estimator,gemm;epilogue,cublaslt;cutlass;graphblas;mlir-vector
alpha.gemm.gemm-int4,alpha,gemm,gemmInt4,gemmGemmInt4,MatmulRequest,standard,architecture-agnostic,differentiable-or-estimator,gemm;epilogue,cublaslt;cutlass;graphblas;mlir-vector
alpha.gemm.gemm-int8,alpha,gemm,gemmInt8,gemmGemmInt8,MatmulRequest,standard,architecture-agnostic,differentiable-or-estimator,gemm;epilogue,cublaslt;cutlass;graphblas;mlir-vector
alpha.gemm.gemm-interval,alpha,gemm,gemmInterval,gemmGemmInterval,MatmulRequest,speculative,architecture-agnostic,differentiable-or-estimator,gemm;epilogue,cublaslt;cutlass;graphblas;mlir-vector
alpha.gemm.gemm-khatri-rao,alpha,gemm,gemmKhatriRao,gemmGemmKhatriRao,MatmulRequest,standard,architecture-agnostic,differentiable-or-estimator,gemm;epilogue,cublaslt;cutlass;graphblas;mlir-vector
alpha.gemm.gemm-kronecker-factored,alpha,gemm,gemmKroneckerFactored,gemmGemmKroneckerFactored,MatmulRequest,standard,architecture-agnostic,differentiable-or-estimator,gemm;epilogue,cublaslt;cutlass;graphblas;mlir-vector
alpha.gemm.gemm-log-sum-exp-plus,alpha,gemm,gemmLogSumExpPlus,gemmGemmLogSumExpPlus,MatmulRequest,standard,architecture-agnostic,differentiable-or-estimator,gemm;epilogue,cublaslt;cutlass;graphblas;mlir-vector
alpha.gemm.gemm-low-rank,alpha,gemm,gemmLowRank,gemmGemmLowRank,MatmulRequest,standard,architecture-agnostic,differentiable-or-estimator,gemm;epilogue,cublaslt;cutlass;graphblas;mlir-vector
alpha.gemm.gemm-masked,alpha,gemm,gemmMasked,gemmGemmMasked,MatmulRequest,standard,architecture-agnostic,differentiable-or-estimator,gemm;epilogue,cublaslt;cutlass;graphblas;mlir-vector
alpha.gemm.gemm-max-plus,alpha,gemm,gemmMaxPlus,gemmGemmMaxPlus,MatmulRequest,standard,architecture-agnostic,differentiable-or-estimator,gemm;epilogue,cublaslt;cutlass;graphblas;mlir-vector
alpha.gemm.gemm-max-times,alpha,gemm,gemmMaxTimes,gemmGemmMaxTimes,MatmulRequest,standard,architecture-agnostic,differentiable-or-estimator,gemm;epilogue,cublaslt;cutlass;graphblas;mlir-vector
alpha.gemm.gemm-min-max,alpha,gemm,gemmMinMax,gemmGemmMinMax,MatmulRequest,standard,architecture-agnostic,differentiable-or-estimator,gemm;epilogue,cublaslt;cutlass;graphblas;mlir-vector
alpha.gemm.gemm-min-plus,alpha,gemm,gemmMinPlus,gemmGemmMinPlus,MatmulRequest,standard,architecture-agnostic,differentiable-or-estimator,gemm;epilogue,cublaslt;cutlass;graphblas;mlir-vector
alpha.gemm.gemm-mixed-accumulator,alpha,gemm,gemmMixedAccumulator,gemmGemmMixedAccumulator,MatmulRequest,standard,architecture-agnostic,differentiable-or-estimator,gemm;epilogue,cublaslt;cutlass;graphblas;mlir-vector
alpha.gemm.gemm-mixed-input,alpha,gemm,gemmMixedInput,gemmGemmMixedInput,MatmulRequest,standard,architecture-agnostic,differentiable-or-estimator,gemm;epilogue,cublaslt;cutlass;graphblas;mlir-vector
alpha.gemm.gemm-muon-update,alpha,gemm,gemmMuonUpdate,gemmGemmMuonUpdate,MatmulRequest,research,architecture-agnostic,differentiable-or-estimator,gemm;epilogue,cublaslt;cutlass;graphblas;mlir-vector
alpha.gemm.gemm-optimizer-consumed,alpha,gemm,gemmOptimizerConsumed,gemmGemmOptimizerConsumed,MatmulRequest,research,architecture-agnostic,differentiable-or-estimator,gemm;epilogue,cublaslt;cutlass;graphblas;mlir-vector
alpha.gemm.gemm-path-counting,alpha,gemm,gemmPathCounting,gemmGemmPathCounting,MatmulRequest,standard,architecture-agnostic,differentiable-or-estimator,gemm;epilogue,cublaslt;cutlass;graphblas;mlir-vector
alpha.gemm.gemm-persistent,alpha,gemm,gemmPersistent,gemmGemmPersistent,MatmulRequest,standard,architecture-agnostic,differentiable-or-estimator,gemm;epilogue,cublaslt;cutlass;graphblas;mlir-vector
alpha.gemm.gemm-pointer-array-batched,alpha,gemm,gemmPointerArrayBatched,gemmGemmPointerArrayBatched,MatmulRequest,standard,architecture-agnostic,differentiable-or-estimator,gemm;epilogue,cublaslt;cutlass;graphblas;mlir-vector
alpha.gemm.gemm-polar-epilogue,alpha,gemm,gemmPolarEpilogue,gemmGemmPolarEpilogue,MatmulRequest,research,architecture-agnostic,differentiable-or-estimator,gemm;epilogue,cublaslt;cutlass;graphblas;mlir-vector
alpha.gemm.gemm-quantize,alpha,gemm,gemmQuantize,gemmGemmQuantize,MatmulRequest,standard,architecture-agnostic,differentiable-or-estimator,gemm;epilogue,cublaslt;cutlass;graphblas;mlir-vector
alpha.gemm.gemm-quaternion,alpha,gemm,gemmQuaternion,gemmGemmQuaternion,MatmulRequest,standard,architecture-agnostic,differentiable-or-estimator,gemm;epilogue,cublaslt;cutlass;graphblas;mlir-vector
alpha.gemm.gemm-random-projection,alpha,gemm,gemmRandomProjection,gemmGemmRandomProjection,MatmulRequest,standard,architecture-agnostic,differentiable-or-estimator,gemm;epilogue,cublaslt;cutlass;graphblas;mlir-vector
alpha.gemm.gemm-reduce-batch,alpha,gemm,gemmReduceBatch,gemmGemmReduceBatch,MatmulRequest,standard,architecture-agnostic,differentiable-or-estimator,gemm;epilogue,cublaslt;cutlass;graphblas;mlir-vector
alpha.gemm.gemm-requantize,alpha,gemm,gemmRequantize,gemmGemmRequantize,MatmulRequest,standard,architecture-agnostic,differentiable-or-estimator,gemm;epilogue,cublaslt;cutlass;graphblas;mlir-vector
alpha.gemm.gemm-residual,alpha,gemm,gemmResidual,gemmGemmResidual,MatmulRequest,standard,architecture-agnostic,differentiable-or-estimator,gemm;epilogue,cublaslt;cutlass;graphblas;mlir-vector
alpha.gemm.gemm-residual-norm,alpha,gemm,gemmResidualNorm,gemmGemmResidualNorm,MatmulRequest,standard,architecture-agnostic,differentiable-or-estimator,gemm;epilogue,cublaslt;cutlass;graphblas;mlir-vector
alpha.gemm.gemm-residue-corrected,alpha,gemm,gemmResidueCorrected,gemmGemmResidueCorrected,MatmulRequest,research,architecture-agnostic,differentiable-or-estimator,gemm;epilogue,cublaslt;cutlass;graphblas;mlir-vector
alpha.gemm.gemm-sampled-output,alpha,gemm,gemmSampledOutput,gemmGemmSampledOutput,MatmulRequest,standard,architecture-agnostic,differentiable-or-estimator,gemm;epilogue,cublaslt;cutlass;graphblas;mlir-vector
alpha.gemm.gemm-scatter-d,alpha,gemm,gemmScatterD,gemmGemmScatterD,MatmulRequest,standard,architecture-agnostic,differentiable-or-estimator,gemm;epilogue,cublaslt;cutlass;graphblas;mlir-vector
alpha.gemm.gemm-semiring,alpha,gemm,gemmSemiring,gemmGemmSemiring,MatmulRequest,standard,architecture-agnostic,differentiable-or-estimator,gemm;epilogue,cublaslt;cutlass;graphblas;mlir-vector
alpha.gemm.gemm-sparse2of4,alpha,gemm,gemmSparse2of4,gemmGemmSparse2of4,MatmulRequest,standard,architecture-agnostic,differentiable-or-estimator,gemm;epilogue,cublaslt;cutlass;graphblas;mlir-vector
alpha.gemm.gemm-sparse-nm,alpha,gemm,gemmSparseNm,gemmGemmSparseNm,MatmulRequest,standard,architecture-agnostic,differentiable-or-estimator,gemm;epilogue,cublaslt;cutlass;graphblas;mlir-vector
alpha.gemm.gemm-split-kparallel,alpha,gemm,gemmSplitKParallel,gemmGemmSplitKParallel,MatmulRequest,standard,architecture-agnostic,differentiable-or-estimator,gemm;epilogue,cublaslt;cutlass;graphblas;mlir-vector
alpha.gemm.gemm-split-kserial,alpha,gemm,gemmSplitKSerial,gemmGemmSplitKSerial,MatmulRequest,standard,architecture-agnostic,differentiable-or-estimator,gemm;epilogue,cublaslt;cutlass;graphblas;mlir-vector
alpha.gemm.gemm-stream-k,alpha,gemm,gemmStreamK,gemmGemmStreamK,MatmulRequest,standard,architecture-agnostic,differentiable-or-estimator,gemm;epilogue,cublaslt;cutlass;graphblas;mlir-vector
alpha.gemm.gemm-strided-batched,alpha,gemm,gemmStridedBatched,gemmGemmStridedBatched,MatmulRequest,standard,architecture-agnostic,differentiable-or-estimator,gemm;epilogue,cublaslt;cutlass;graphblas;mlir-vector
alpha.gemm.gemm-symmetric,alpha,gemm,gemmSymmetric,gemmGemmSymmetric,MatmulRequest,standard,architecture-agnostic,differentiable-or-estimator,gemm;epilogue,cublaslt;cutlass;graphblas;mlir-vector
alpha.gemm.gemm-tensor-sketch,alpha,gemm,gemmTensorSketch,gemmGemmTensorSketch,MatmulRequest,research,architecture-agnostic,differentiable-or-estimator,gemm;epilogue,cublaslt;cutlass;graphblas;mlir-vector
alpha.gemm.gemm-ternary,alpha,gemm,gemmTernary,gemmGemmTernary,MatmulRequest,standard,architecture-agnostic,differentiable-or-estimator,gemm;epilogue,cublaslt;cutlass;graphblas;mlir-vector
alpha.gemm.gemm-tf32,alpha,gemm,gemmTf32,gemmGemmTf32,MatmulRequest,standard,architecture-agnostic,differentiable-or-estimator,gemm;epilogue,cublaslt;cutlass;graphblas;mlir-vector
alpha.gemm.gemm-tile-stream,alpha,gemm,gemmTileStream,gemmGemmTileStream,MatmulRequest,standard,architecture-agnostic,differentiable-or-estimator,gemm;epilogue,cublaslt;cutlass;graphblas;mlir-vector
alpha.gemm.gemm-toeplitz,alpha,gemm,gemmToeplitz,gemmGemmToeplitz,MatmulRequest,standard,architecture-agnostic,differentiable-or-estimator,gemm;epilogue,cublaslt;cutlass;graphblas;mlir-vector
alpha.gemm.gemm-triangular,alpha,gemm,gemmTriangular,gemmGemmTriangular,MatmulRequest,standard,architecture-agnostic,differentiable-or-estimator,gemm;epilogue,cublaslt;cutlass;graphblas;mlir-vector
alpha.gemm.gemm-variable-batched,alpha,gemm,gemmVariableBatched,gemmGemmVariableBatched,MatmulRequest,standard,architecture-agnostic,differentiable-or-estimator,gemm;epilogue,cublaslt;cutlass;graphblas;mlir-vector
alpha.gemm.gemm-viterbi,alpha,gemm,gemmViterbi,gemmGemmViterbi,MatmulRequest,standard,architecture-agnostic,differentiable-or-estimator,gemm;epilogue,cublaslt;cutlass;graphblas;mlir-vector
alpha.gemm.gemm-warp-specialized,alpha,gemm,gemmWarpSpecialized,gemmGemmWarpSpecialized,MatmulRequest,standard,architecture-agnostic,differentiable-or-estimator,gemm;epilogue,cublaslt;cutlass;graphblas;mlir-vector
alpha.indexing.argsort,alpha,indexing,argsort,indexingArgsort,TensorOpRequest,standard,architecture-agnostic,piecewise-or-custom,indexing,stablehlo;mlir-vector;cub
alpha.indexing.argwhere,alpha,indexing,argwhere,indexingArgwhere,TensorOpRequest,standard,architecture-agnostic,piecewise-or-custom,indexing,stablehlo;mlir-vector;cub
alpha.indexing.bitonic-sort,alpha,indexing,bitonicSort,indexingBitonicSort,TensorOpRequest,standard,architecture-agnostic,piecewise-or-custom,indexing,stablehlo;mlir-vector;cub
alpha.indexing.bottom-k,alpha,indexing,bottomK,indexingBottomK,TensorOpRequest,standard,architecture-agnostic,piecewise-or-custom,indexing,stablehlo;mlir-vector;cub
alpha.indexing.bucketize,alpha,indexing,bucketize,indexingBucketize,TensorOpRequest,standard,architecture-agnostic,piecewise-or-custom,indexing,stablehlo;mlir-vector;cub
alpha.indexing.dynamic-slice,alpha,indexing,dynamicSlice,indexingDynamicSlice,TensorOpRequest,standard,architecture-agnostic,piecewise-or-custom,indexing,stablehlo;mlir-vector;cub
alpha.indexing.dynamic-update-slice,alpha,indexing,dynamicUpdateSlice,indexingDynamicUpdateSlice,TensorOpRequest,standard,architecture-agnostic,piecewise-or-custom,indexing,stablehlo;mlir-vector;cub
alpha.indexing.embedding-bag,alpha,indexing,embeddingBag,indexingEmbeddingBag,TensorOpRequest,standard,architecture-agnostic,piecewise-or-custom,indexing,stablehlo;mlir-vector;cub
alpha.indexing.embedding-lookup,alpha,indexing,embeddingLookup,indexingEmbeddingLookup,TensorOpRequest,standard,architecture-agnostic,piecewise-or-custom,indexing,stablehlo;mlir-vector;cub
alpha.indexing.gather,alpha,indexing,gather,indexingGather,TensorOpRequest,standard,architecture-agnostic,piecewise-or-custom,indexing,stablehlo;mlir-vector;cub
alpha.indexing.gather-nd,alpha,indexing,gatherNd,indexingGatherNd,TensorOpRequest,standard,architecture-agnostic,piecewise-or-custom,indexing,stablehlo;mlir-vector;cub
alpha.indexing.index-add,alpha,indexing,indexAdd,indexingIndexAdd,TensorOpRequest,standard,architecture-agnostic,piecewise-or-custom,indexing,stablehlo;mlir-vector;cub
alpha.indexing.index-put,alpha,indexing,indexPut,indexingIndexPut,TensorOpRequest,standard,architecture-agnostic,piecewise-or-custom,indexing,stablehlo;mlir-vector;cub
alpha.indexing.index-select,alpha,indexing,indexSelect,indexingIndexSelect,TensorOpRequest,standard,architecture-agnostic,piecewise-or-custom,indexing,stablehlo;mlir-vector;cub
alpha.indexing.kth-value,alpha,indexing,kthValue,indexingKthValue,TensorOpRequest,standard,architecture-agnostic,piecewise-or-custom,indexing,stablehlo;mlir-vector;cub
alpha.indexing.lex-sort,alpha,indexing,lexSort,indexingLexSort,TensorOpRequest,standard,architecture-agnostic,piecewise-or-custom,indexing,stablehlo;mlir-vector;cub
alpha.indexing.masked-fill,alpha,indexing,maskedFill,indexingMaskedFill,TensorOpRequest,standard,architecture-agnostic,piecewise-or-custom,indexing,stablehlo;mlir-vector;cub
alpha.indexing.masked-scatter,alpha,indexing,maskedScatter,indexingMaskedScatter,TensorOpRequest,standard,architecture-agnostic,piecewise-or-custom,indexing,stablehlo;mlir-vector;cub
alpha.indexing.masked-select,alpha,indexing,maskedSelect,indexingMaskedSelect,TensorOpRequest,standard,architecture-agnostic,piecewise-or-custom,indexing,stablehlo;mlir-vector;cub
alpha.indexing.merge-sorted,alpha,indexing,mergeSorted,indexingMergeSorted,TensorOpRequest,standard,architecture-agnostic,piecewise-or-custom,indexing,stablehlo;mlir-vector;cub
alpha.indexing.narrow,alpha,indexing,narrow,indexingNarrow,TensorOpRequest,standard,architecture-agnostic,piecewise-or-custom,indexing,stablehlo;mlir-vector;cub
alpha.indexing.nonzero,alpha,indexing,nonzero,indexingNonzero,TensorOpRequest,standard,architecture-agnostic,piecewise-or-custom,indexing,stablehlo;mlir-vector;cub
alpha.indexing.nth-element,alpha,indexing,nthElement,indexingNthElement,TensorOpRequest,standard,architecture-agnostic,piecewise-or-custom,indexing,stablehlo;mlir-vector;cub
alpha.indexing.one-hot,alpha,indexing,oneHot,indexingOneHot,TensorOpRequest,standard,architecture-agnostic,piecewise-or-custom,indexing,stablehlo;mlir-vector;cub
alpha.indexing.partition,alpha,indexing,partition,indexingPartition,TensorOpRequest,standard,architecture-agnostic,piecewise-or-custom,indexing,stablehlo;mlir-vector;cub
alpha.indexing.put,alpha,indexing,put,indexingPut,TensorOpRequest,standard,architecture-agnostic,piecewise-or-custom,indexing,stablehlo;mlir-vector;cub
alpha.indexing.put-along-dim,alpha,indexing,putAlongDim,indexingPutAlongDim,TensorOpRequest,standard,architecture-agnostic,piecewise-or-custom,indexing,stablehlo;mlir-vector;cub
alpha.indexing.radix-sort,alpha,indexing,radixSort,indexingRadixSort,TensorOpRequest,standard,architecture-agnostic,piecewise-or-custom,indexing,stablehlo;mlir-vector;cub
alpha.indexing.sample-without-replacement,alpha,indexing,sampleWithoutReplacement,indexingSampleWithoutReplacement,TensorOpRequest,standard,architecture-agnostic,piecewise-or-custom,indexing,stablehlo;mlir-vector;cub
alpha.indexing.scatter,alpha,indexing,scatter,indexingScatter,TensorOpRequest,standard,architecture-agnostic,piecewise-or-custom,indexing,stablehlo;mlir-vector;cub
alpha.indexing.scatter-add,alpha,indexing,scatterAdd,indexingScatterAdd,TensorOpRequest,standard,architecture-agnostic,piecewise-or-custom,indexing,stablehlo;mlir-vector;cub
alpha.indexing.scatter-max,alpha,indexing,scatterMax,indexingScatterMax,TensorOpRequest,standard,architecture-agnostic,piecewise-or-custom,indexing,stablehlo;mlir-vector;cub
alpha.indexing.scatter-mean,alpha,indexing,scatterMean,indexingScatterMean,TensorOpRequest,standard,architecture-agnostic,piecewise-or-custom,indexing,stablehlo;mlir-vector;cub
alpha.indexing.scatter-min,alpha,indexing,scatterMin,indexingScatterMin,TensorOpRequest,standard,architecture-agnostic,piecewise-or-custom,indexing,stablehlo;mlir-vector;cub
alpha.indexing.scatter-mul,alpha,indexing,scatterMul,indexingScatterMul,TensorOpRequest,standard,architecture-agnostic,piecewise-or-custom,indexing,stablehlo;mlir-vector;cub
alpha.indexing.scatter-reduce,alpha,indexing,scatterReduce,indexingScatterReduce,TensorOpRequest,standard,architecture-agnostic,piecewise-or-custom,indexing,stablehlo;mlir-vector;cub
alpha.indexing.search-sorted,alpha,indexing,searchSorted,indexingSearchSorted,TensorOpRequest,standard,architecture-agnostic,piecewise-or-custom,indexing,stablehlo;mlir-vector;cub
alpha.indexing.segment-ids,alpha,indexing,segmentIds,indexingSegmentIds,TensorOpRequest,standard,architecture-agnostic,piecewise-or-custom,indexing,stablehlo;mlir-vector;cub
alpha.indexing.select,alpha,indexing,select,indexingSelect,TensorOpRequest,standard,architecture-agnostic,piecewise-or-custom,indexing,stablehlo;mlir-vector;cub
alpha.indexing.slice,alpha,indexing,slice,indexingSlice,TensorOpRequest,standard,architecture-agnostic,piecewise-or-custom,indexing,stablehlo;mlir-vector;cub
alpha.indexing.slice-update,alpha,indexing,sliceUpdate,indexingSliceUpdate,TensorOpRequest,standard,architecture-agnostic,piecewise-or-custom,indexing,stablehlo;mlir-vector;cub
alpha.indexing.sort,alpha,indexing,sort,indexingSort,TensorOpRequest,standard,architecture-agnostic,piecewise-or-custom,indexing,stablehlo;mlir-vector;cub
alpha.indexing.stable-sort,alpha,indexing,stableSort,indexingStableSort,TensorOpRequest,standard,architecture-agnostic,piecewise-or-custom,indexing,stablehlo;mlir-vector;cub
alpha.indexing.take,alpha,indexing,take,indexingTake,TensorOpRequest,standard,architecture-agnostic,piecewise-or-custom,indexing,stablehlo;mlir-vector;cub
alpha.indexing.take-along-dim,alpha,indexing,takeAlongDim,indexingTakeAlongDim,TensorOpRequest,standard,architecture-agnostic,piecewise-or-custom,indexing,stablehlo;mlir-vector;cub
alpha.indexing.top-k,alpha,indexing,topK,indexingTopK,TensorOpRequest,standard,architecture-agnostic,piecewise-or-custom,indexing,stablehlo;mlir-vector;cub
alpha.indexing.unique,alpha,indexing,unique,indexingUnique,TensorOpRequest,standard,architecture-agnostic,piecewise-or-custom,indexing,stablehlo;mlir-vector;cub
alpha.indexing.unique-consecutive,alpha,indexing,uniqueConsecutive,indexingUniqueConsecutive,TensorOpRequest,standard,architecture-agnostic,piecewise-or-custom,indexing,stablehlo;mlir-vector;cub
alpha.indexing.where,alpha,indexing,where,indexingWhere,TensorOpRequest,standard,architecture-agnostic,piecewise-or-custom,indexing,stablehlo;mlir-vector;cub
alpha.memory_retrieval.associative-memory-read,alpha,memory_retrieval,associativeMemoryRead,memoryRetrievalAssociativeMemoryRead,ActorOpRequest,standard,architecture-agnostic,custom-or-none,memory,
alpha.memory_retrieval.associative-memory-write,alpha,memory_retrieval,associativeMemoryWrite,memoryRetrievalAssociativeMemoryWrite,ActorOpRequest,standard,architecture-agnostic,custom-or-none,memory,
alpha.memory_retrieval.content-addressed-read,alpha,memory_retrieval,contentAddressedRead,memoryRetrievalContentAddressedRead,ActorOpRequest,standard,architecture-agnostic,custom-or-none,memory,
alpha.memory_retrieval.conversation-passport-decode,alpha,memory_retrieval,conversationPassportDecode,memoryRetrievalConversationPassportDecode,ActorOpRequest,research,architecture-agnostic,custom-or-none,memory,
alpha.memory_retrieval.conversation-passport-encode,alpha,memory_retrieval,conversationPassportEncode,memoryRetrievalConversationPassportEncode,ActorOpRequest,research,architecture-agnostic,custom-or-none,memory,
alpha.memory_retrieval.delta-memory-update,alpha,memory_retrieval,deltaMemoryUpdate,memoryRetrievalDeltaMemoryUpdate,ActorOpRequest,standard,architecture-agnostic,custom-or-none,memory,
alpha.memory_retrieval.episodic-append,alpha,memory_retrieval,episodicAppend,memoryRetrievalEpisodicAppend,ActorOpRequest,standard,architecture-agnostic,custom-or-none,memory,
alpha.memory_retrieval.episodic-compact,alpha,memory_retrieval,episodicCompact,memoryRetrievalEpisodicCompact,ActorOpRequest,standard,architecture-agnostic,custom-or-none,memory,
alpha.memory_retrieval.episodic-evict,alpha,memory_retrieval,episodicEvict,memoryRetrievalEpisodicEvict,ActorOpRequest,standard,architecture-agnostic,custom-or-none,memory,
alpha.memory_retrieval.episodic-exact-span-read,alpha,memory_retrieval,episodicExactSpanRead,memoryRetrievalEpisodicExactSpanRead,ActorOpRequest,standard,architecture-agnostic,custom-or-none,memory,
alpha.memory_retrieval.episodic-lookup,alpha,memory_retrieval,episodicLookup,memoryRetrievalEpisodicLookup,ActorOpRequest,standard,architecture-agnostic,custom-or-none,memory,
alpha.memory_retrieval.episodic-top-k,alpha,memory_retrieval,episodicTopK,memoryRetrievalEpisodicTopK,ActorOpRequest,standard,architecture-agnostic,custom-or-none,memory,
alpha.memory_retrieval.fast-weight-memory-read,alpha,memory_retrieval,fastWeightMemoryRead,memoryRetrievalFastWeightMemoryRead,ActorOpRequest,standard,architecture-agnostic,custom-or-none,memory,
alpha.memory_retrieval.fast-weight-memory-write,alpha,memory_retrieval,fastWeightMemoryWrite,memoryRetrievalFastWeightMemoryWrite,ActorOpRequest,standard,architecture-agnostic,custom-or-none,memory,
alpha.memory_retrieval.hash-table-lookup,alpha,memory_retrieval,hashTableLookup,memoryRetrievalHashTableLookup,ActorOpRequest,standard,architecture-agnostic,custom-or-none,memory,
alpha.memory_retrieval.inverted-file-search,alpha,memory_retrieval,invertedFileSearch,memoryRetrievalInvertedFileSearch,ActorOpRequest,standard,architecture-agnostic,custom-or-none,memory,
alpha.memory_retrieval.kv-memory-read,alpha,memory_retrieval,kvMemoryRead,memoryRetrievalKvMemoryRead,ActorOpRequest,standard,architecture-agnostic,custom-or-none,memory,
alpha.memory_retrieval.kv-memory-write,alpha,memory_retrieval,kvMemoryWrite,memoryRetrievalKvMemoryWrite,ActorOpRequest,standard,architecture-agnostic,custom-or-none,memory,
alpha.memory_retrieval.location-addressed-read,alpha,memory_retrieval,locationAddressedRead,memoryRetrievalLocationAddressedRead,ActorOpRequest,standard,architecture-agnostic,custom-or-none,memory,
alpha.memory_retrieval.memory-confidence-update,alpha,memory_retrieval,memoryConfidenceUpdate,memoryRetrievalMemoryConfidenceUpdate,ActorOpRequest,standard,architecture-agnostic,custom-or-none,memory,
alpha.memory_retrieval.memory-conflict-detect,alpha,memory_retrieval,memoryConflictDetect,memoryRetrievalMemoryConflictDetect,ActorOpRequest,standard,architecture-agnostic,custom-or-none,memory,
alpha.memory_retrieval.memory-provenance-attach,alpha,memory_retrieval,memoryProvenanceAttach,memoryRetrievalMemoryProvenanceAttach,ActorOpRequest,standard,architecture-agnostic,custom-or-none,memory,
alpha.memory_retrieval.memory-restore,alpha,memory_retrieval,memoryRestore,memoryRetrievalMemoryRestore,ActorOpRequest,standard,architecture-agnostic,custom-or-none,memory,
alpha.memory_retrieval.memory-snapshot,alpha,memory_retrieval,memorySnapshot,memoryRetrievalMemorySnapshot,ActorOpRequest,standard,architecture-agnostic,custom-or-none,memory,
alpha.memory_retrieval.product-quantized-search,alpha,memory_retrieval,productQuantizedSearch,memoryRetrievalProductQuantizedSearch,ActorOpRequest,standard,architecture-agnostic,custom-or-none,memory,
alpha.memory_retrieval.typed-binding-delete,alpha,memory_retrieval,typedBindingDelete,memoryRetrievalTypedBindingDelete,ActorOpRequest,standard,architecture-agnostic,custom-or-none,memory,
alpha.memory_retrieval.typed-binding-read,alpha,memory_retrieval,typedBindingRead,memoryRetrievalTypedBindingRead,ActorOpRequest,standard,architecture-agnostic,custom-or-none,memory,
alpha.memory_retrieval.typed-binding-resolve,alpha,memory_retrieval,typedBindingResolve,memoryRetrievalTypedBindingResolve,ActorOpRequest,standard,architecture-agnostic,custom-or-none,memory,
alpha.memory_retrieval.typed-binding-supersede,alpha,memory_retrieval,typedBindingSupersede,memoryRetrievalTypedBindingSupersede,ActorOpRequest,standard,architecture-agnostic,custom-or-none,memory,
alpha.memory_retrieval.typed-binding-write,alpha,memory_retrieval,typedBindingWrite,memoryRetrievalTypedBindingWrite,ActorOpRequest,standard,architecture-agnostic,custom-or-none,memory,
alpha.memory_retrieval.vector-index-search,alpha,memory_retrieval,vectorIndexSearch,memoryRetrievalVectorIndexSearch,ActorOpRequest,standard,architecture-agnostic,custom-or-none,memory,
alpha.normalization.batch-norm,alpha,normalization,batchNorm,normalizationBatchNorm,TensorOpRequest,standard,architecture-agnostic,differentiable,normalization;residual,cublaslt;mlir-linalg
alpha.normalization.cosine-norm,alpha,normalization,cosineNorm,normalizationCosineNorm,TensorOpRequest,standard,architecture-agnostic,differentiable,normalization;residual,cublaslt;mlir-linalg
alpha.normalization.deep-norm,alpha,normalization,deepNorm,normalizationDeepNorm,TensorOpRequest,standard,architecture-agnostic,differentiable,normalization;residual,cublaslt;mlir-linalg
alpha.normalization.fused-add-norm,alpha,normalization,fusedAddNorm,normalizationFusedAddNorm,TensorOpRequest,standard,architecture-agnostic,differentiable,normalization;residual,cublaslt;mlir-linalg
alpha.normalization.fused-norm-linear,alpha,normalization,fusedNormLinear,normalizationFusedNormLinear,TensorOpRequest,standard,architecture-agnostic,differentiable,normalization;residual,cublaslt;mlir-linalg
alpha.normalization.group-norm,alpha,normalization,groupNorm,normalizationGroupNorm,TensorOpRequest,standard,architecture-agnostic,differentiable,normalization;residual,cublaslt;mlir-linalg
alpha.normalization.instance-norm,alpha,normalization,instanceNorm,normalizationInstanceNorm,TensorOpRequest,standard,architecture-agnostic,differentiable,normalization;residual,cublaslt;mlir-linalg
alpha.normalization.layer-norm,alpha,normalization,layerNorm,normalizationLayerNorm,TensorOpRequest,standard,architecture-agnostic,differentiable,normalization;residual,cublaslt;mlir-linalg
alpha.normalization.local-response-norm,alpha,normalization,localResponseNorm,normalizationLocalResponseNorm,TensorOpRequest,standard,architecture-agnostic,differentiable,normalization;residual,cublaslt;mlir-linalg
alpha.normalization.mean-only-norm,alpha,normalization,meanOnlyNorm,normalizationMeanOnlyNorm,TensorOpRequest,standard,architecture-agnostic,differentiable,normalization;residual,cublaslt;mlir-linalg
alpha.normalization.norm-backward,alpha,normalization,normBackward,normalizationNormBackward,TensorOpRequest,standard,architecture-agnostic,differentiable,normalization;residual,cublaslt;mlir-linalg
alpha.normalization.online-norm,alpha,normalization,onlineNorm,normalizationOnlineNorm,TensorOpRequest,standard,architecture-agnostic,differentiable,normalization;residual,cublaslt;mlir-linalg
alpha.normalization.power-norm,alpha,normalization,powerNorm,normalizationPowerNorm,TensorOpRequest,standard,architecture-agnostic,differentiable,normalization;residual,cublaslt;mlir-linalg
alpha.normalization.residual-layer-norm,alpha,normalization,residualLayerNorm,normalizationResidualLayerNorm,TensorOpRequest,standard,architecture-agnostic,differentiable,normalization;residual,cublaslt;mlir-linalg
alpha.normalization.residual-rms-norm,alpha,normalization,residualRmsNorm,normalizationResidualRmsNorm,TensorOpRequest,standard,architecture-agnostic,differentiable,normalization;residual,cublaslt;mlir-linalg
alpha.normalization.rms-norm,alpha,normalization,rmsNorm,normalizationRmsNorm,TensorOpRequest,standard,architecture-agnostic,differentiable,normalization;residual,cublaslt;mlir-linalg
alpha.normalization.scale-norm,alpha,normalization,scaleNorm,normalizationScaleNorm,TensorOpRequest,standard,architecture-agnostic,differentiable,normalization;residual,cublaslt;mlir-linalg
alpha.normalization.spectral-norm,alpha,normalization,spectralNorm,normalizationSpectralNorm,TensorOpRequest,standard,architecture-agnostic,differentiable,normalization;residual,cublaslt;mlir-linalg
alpha.normalization.streaming-norm,alpha,normalization,streamingNorm,normalizationStreamingNorm,TensorOpRequest,standard,architecture-agnostic,differentiable,normalization;residual,cublaslt;mlir-linalg
alpha.normalization.unit-norm,alpha,normalization,unitNorm,normalizationUnitNorm,TensorOpRequest,standard,architecture-agnostic,differentiable,normalization;residual,cublaslt;mlir-linalg
alpha.normalization.weight-norm,alpha,normalization,weightNorm,normalizationWeightNorm,TensorOpRequest,standard,architecture-agnostic,differentiable,normalization;residual,cublaslt;mlir-linalg
alpha.normalization.welford-norm,alpha,normalization,welfordNorm,normalizationWelfordNorm,TensorOpRequest,standard,architecture-agnostic,differentiable,normalization;residual,cublaslt;mlir-linalg
alpha.optimizer.adadelta,alpha,optimizer,adadelta,optimizerAdadelta,OptimizerRequest,standard,architecture-agnostic,not-applicable,,alpha-briefing
alpha.optimizer.adafactor,alpha,optimizer,adafactor,optimizerAdafactor,OptimizerRequest,standard,architecture-agnostic,not-applicable,,alpha-briefing
alpha.optimizer.adagrad,alpha,optimizer,adagrad,optimizerAdagrad,OptimizerRequest,standard,architecture-agnostic,not-applicable,,alpha-briefing
alpha.optimizer.adam,alpha,optimizer,adam,optimizerAdam,OptimizerRequest,standard,architecture-agnostic,not-applicable,,alpha-briefing
alpha.optimizer.adam-w,alpha,optimizer,adamW,optimizerAdamW,OptimizerRequest,standard,architecture-agnostic,not-applicable,,alpha-briefing
alpha.optimizer.amsgrad,alpha,optimizer,amsgrad,optimizerAmsgrad,OptimizerRequest,standard,architecture-agnostic,not-applicable,,alpha-briefing
alpha.optimizer.blockwise-optimizer-update,alpha,optimizer,blockwiseOptimizerUpdate,optimizerBlockwiseOptimizerUpdate,OptimizerRequest,standard,architecture-agnostic,not-applicable,,alpha-briefing
alpha.optimizer.conservation-projected-update,alpha,optimizer,conservationProjectedUpdate,optimizerConservationProjectedUpdate,OptimizerRequest,standard,architecture-agnostic,not-applicable,,alpha-briefing
alpha.optimizer.distributed-shampoo,alpha,optimizer,distributedShampoo,optimizerDistributedShampoo,OptimizerRequest,standard,architecture-agnostic,not-applicable,,alpha-briefing
alpha.optimizer.ekfac,alpha,optimizer,ekfac,optimizerEkfac,OptimizerRequest,standard,architecture-agnostic,not-applicable,,alpha-briefing
alpha.optimizer.ema,alpha,optimizer,ema,optimizerEma,OptimizerRequest,standard,architecture-agnostic,not-applicable,,alpha-briefing
alpha.optimizer.event-triggered-optimizer-step,alpha,optimizer,eventTriggeredOptimizerStep,optimizerEventTriggeredOptimizerStep,OptimizerRequest,standard,architecture-agnostic,not-applicable,,alpha-briefing
alpha.optimizer.gradient-trust-ratio,alpha,optimizer,gradientTrustRatio,optimizerGradientTrustRatio,OptimizerRequest,standard,architecture-agnostic,not-applicable,,alpha-briefing
alpha.optimizer.kfac,alpha,optimizer,kfac,optimizerKfac,OptimizerRequest,standard,architecture-agnostic,not-applicable,,alpha-briefing
alpha.optimizer.lamb,alpha,optimizer,lamb,optimizerLamb,OptimizerRequest,standard,architecture-agnostic,not-applicable,,alpha-briefing
alpha.optimizer.lars,alpha,optimizer,lars,optimizerLars,OptimizerRequest,standard,architecture-agnostic,not-applicable,,alpha-briefing
alpha.optimizer.learning-rate-schedule,alpha,optimizer,learningRateSchedule,optimizerLearningRateSchedule,OptimizerRequest,standard,architecture-agnostic,not-applicable,,alpha-briefing
alpha.optimizer.lion,alpha,optimizer,lion,optimizerLion,OptimizerRequest,standard,architecture-agnostic,not-applicable,,alpha-briefing
alpha.optimizer.lookahead,alpha,optimizer,lookahead,optimizerLookahead,OptimizerRequest,standard,architecture-agnostic,not-applicable,,alpha-briefing
alpha.optimizer.loss-scale-update,alpha,optimizer,lossScaleUpdate,optimizerLossScaleUpdate,OptimizerRequest,standard,architecture-agnostic,not-applicable,,alpha-briefing
alpha.optimizer.low-rank-optimizer-update,alpha,optimizer,lowRankOptimizerUpdate,optimizerLowRankOptimizerUpdate,OptimizerRequest,standard,architecture-agnostic,not-applicable,,alpha-briefing
alpha.optimizer.muon,alpha,optimizer,muon,optimizerMuon,OptimizerRequest,research,architecture-agnostic,not-applicable,,alpha-briefing
alpha.optimizer.nadam,alpha,optimizer,nadam,optimizerNadam,OptimizerRequest,standard,architecture-agnostic,not-applicable,,alpha-briefing
alpha.optimizer.natural-gradient,alpha,optimizer,naturalGradient,optimizerNaturalGradient,OptimizerRequest,standard,architecture-agnostic,not-applicable,,alpha-briefing
alpha.optimizer.nesterov,alpha,optimizer,nesterov,optimizerNesterov,OptimizerRequest,standard,architecture-agnostic,not-applicable,,alpha-briefing
alpha.optimizer.newton-schulz,alpha,optimizer,newtonSchulz,optimizerNewtonSchulz,OptimizerRequest,standard,architecture-agnostic,not-applicable,,alpha-briefing
alpha.optimizer.optimizer-state-offload,alpha,optimizer,optimizerStateOffload,optimizerOptimizerStateOffload,OptimizerRequest,standard,architecture-agnostic,not-applicable,,alpha-briefing
alpha.optimizer.optimizer-state-quantize,alpha,optimizer,optimizerStateQuantize,optimizerOptimizerStateQuantize,OptimizerRequest,standard,architecture-agnostic,not-applicable,,alpha-briefing
alpha.optimizer.optimizer-state-shard,alpha,optimizer,optimizerStateShard,optimizerOptimizerStateShard,OptimizerRequest,standard,architecture-agnostic,not-applicable,,alpha-briefing
alpha.optimizer.orthogonalized-momentum,alpha,optimizer,orthogonalizedMomentum,optimizerOrthogonalizedMomentum,OptimizerRequest,standard,architecture-agnostic,not-applicable,,alpha-briefing
alpha.optimizer.polar-sigma-delta-update,alpha,optimizer,polarSigmaDeltaUpdate,optimizerPolarSigmaDeltaUpdate,OptimizerRequest,research,architecture-agnostic,not-applicable,,alpha-briefing
alpha.optimizer.polyak-average,alpha,optimizer,polyakAverage,optimizerPolyakAverage,OptimizerRequest,standard,architecture-agnostic,not-applicable,,alpha-briefing
alpha.optimizer.radam,alpha,optimizer,radam,optimizerRadam,OptimizerRequest,standard,architecture-agnostic,not-applicable,,alpha-briefing
alpha.optimizer.rmsprop,alpha,optimizer,rmsprop,optimizerRmsprop,OptimizerRequest,standard,architecture-agnostic,not-applicable,,alpha-briefing
alpha.optimizer.sgd,alpha,optimizer,sgd,optimizerSgd,OptimizerRequest,standard,architecture-agnostic,not-applicable,,alpha-briefing
alpha.optimizer.sgd-momentum,alpha,optimizer,sgdMomentum,optimizerSgdMomentum,OptimizerRequest,standard,architecture-agnostic,not-applicable,,alpha-briefing
alpha.optimizer.shampoo,alpha,optimizer,shampoo,optimizerShampoo,OptimizerRequest,standard,architecture-agnostic,not-applicable,,alpha-briefing
alpha.optimizer.sophia,alpha,optimizer,sophia,optimizerSophia,OptimizerRequest,standard,architecture-agnostic,not-applicable,,alpha-briefing
alpha.optimizer.weight-decay,alpha,optimizer,weightDecay,optimizerWeightDecay,OptimizerRequest,standard,architecture-agnostic,not-applicable,,alpha-briefing
alpha.pooling_resample.adaptive-avg-pool,alpha,pooling_resample,adaptiveAvgPool,poolingResampleAdaptiveAvgPool,TensorOpRequest,standard,architecture-agnostic,custom-adjoint,,mlir-linalg;stablehlo
alpha.pooling_resample.adaptive-max-pool,alpha,pooling_resample,adaptiveMaxPool,poolingResampleAdaptiveMaxPool,TensorOpRequest,standard,architecture-agnostic,custom-adjoint,,mlir-linalg;stablehlo
alpha.pooling_resample.area-resize,alpha,pooling_resample,areaResize,poolingResampleAreaResize,TensorOpRequest,standard,architecture-agnostic,custom-adjoint,,mlir-linalg;stablehlo
alpha.pooling_resample.avg-pool,alpha,pooling_resample,avgPool,poolingResampleAvgPool,TensorOpRequest,standard,architecture-agnostic,custom-adjoint,,mlir-linalg;stablehlo
alpha.pooling_resample.bicubic-resize,alpha,pooling_resample,bicubicResize,poolingResampleBicubicResize,TensorOpRequest,standard,architecture-agnostic,custom-adjoint,,mlir-linalg;stablehlo
alpha.pooling_resample.bilinear-resize,alpha,pooling_resample,bilinearResize,poolingResampleBilinearResize,TensorOpRequest,standard,architecture-agnostic,custom-adjoint,,mlir-linalg;stablehlo
alpha.pooling_resample.fractional-max-pool,alpha,pooling_resample,fractionalMaxPool,poolingResampleFractionalMaxPool,TensorOpRequest,standard,architecture-agnostic,custom-adjoint,,mlir-linalg;stablehlo
alpha.pooling_resample.global-avg-pool,alpha,pooling_resample,globalAvgPool,poolingResampleGlobalAvgPool,TensorOpRequest,standard,architecture-agnostic,custom-adjoint,,mlir-linalg;stablehlo
alpha.pooling_resample.grid-sample,alpha,pooling_resample,gridSample,poolingResampleGridSample,TensorOpRequest,standard,architecture-agnostic,custom-adjoint,,mlir-linalg;stablehlo
alpha.pooling_resample.lanczos-resize,alpha,pooling_resample,lanczosResize,poolingResampleLanczosResize,TensorOpRequest,standard,architecture-agnostic,custom-adjoint,,mlir-linalg;stablehlo
alpha.pooling_resample.linear-resize,alpha,pooling_resample,linearResize,poolingResampleLinearResize,TensorOpRequest,standard,architecture-agnostic,custom-adjoint,,mlir-linalg;stablehlo
alpha.pooling_resample.lp-pool,alpha,pooling_resample,lpPool,poolingResampleLpPool,TensorOpRequest,standard,architecture-agnostic,custom-adjoint,,mlir-linalg;stablehlo
alpha.pooling_resample.max-pool,alpha,pooling_resample,maxPool,poolingResampleMaxPool,TensorOpRequest,standard,architecture-agnostic,custom-adjoint,,mlir-linalg;stablehlo
alpha.pooling_resample.min-pool,alpha,pooling_resample,minPool,poolingResampleMinPool,TensorOpRequest,standard,architecture-agnostic,custom-adjoint,,mlir-linalg;stablehlo
alpha.pooling_resample.nearest-resize,alpha,pooling_resample,nearestResize,poolingResampleNearestResize,TensorOpRequest,standard,architecture-agnostic,custom-adjoint,,mlir-linalg;stablehlo
alpha.pooling_resample.roi-align,alpha,pooling_resample,roiAlign,poolingResampleRoiAlign,TensorOpRequest,standard,architecture-agnostic,custom-adjoint,,mlir-linalg;stablehlo
alpha.pooling_resample.roi-pool,alpha,pooling_resample,roiPool,poolingResampleRoiPool,TensorOpRequest,standard,architecture-agnostic,custom-adjoint,,mlir-linalg;stablehlo
alpha.pooling_resample.stochastic-pool,alpha,pooling_resample,stochasticPool,poolingResampleStochasticPool,TensorOpRequest,standard,architecture-agnostic,custom-adjoint,,mlir-linalg;stablehlo
alpha.pooling_resample.unpool,alpha,pooling_resample,unpool,poolingResampleUnpool,TensorOpRequest,standard,architecture-agnostic,custom-adjoint,,mlir-linalg;stablehlo
alpha.position_encoding.absolute-position-embedding,alpha,position_encoding,absolutePositionEmbedding,positionEncodingAbsolutePositionEmbedding,TensorOpRequest,standard,architecture-agnostic,differentiable,attention-prologue,
alpha.position_encoding.alibi-bias,alpha,position_encoding,alibiBias,positionEncodingAlibiBias,TensorOpRequest,standard,architecture-agnostic,differentiable,attention-prologue,
alpha.position_encoding.dynamic-ntk-scaling,alpha,position_encoding,dynamicNtkScaling,positionEncodingDynamicNtkScaling,TensorOpRequest,standard,architecture-agnostic,differentiable,attention-prologue,
alpha.position_encoding.learned-phase-position,alpha,position_encoding,learnedPhasePosition,positionEncodingLearnedPhasePosition,TensorOpRequest,standard,architecture-agnostic,differentiable,attention-prologue,
alpha.position_encoding.long-rope,alpha,position_encoding,longRope,positionEncodingLongRope,TensorOpRequest,standard,architecture-agnostic,differentiable,attention-prologue,
alpha.position_encoding.position-interpolation,alpha,position_encoding,positionInterpolation,positionEncodingPositionInterpolation,TensorOpRequest,standard,architecture-agnostic,differentiable,attention-prologue,
alpha.position_encoding.randomized-position,alpha,position_encoding,randomizedPosition,positionEncodingRandomizedPosition,TensorOpRequest,standard,architecture-agnostic,differentiable,attention-prologue,
alpha.position_encoding.relative-position-bias,alpha,position_encoding,relativePositionBias,positionEncodingRelativePositionBias,TensorOpRequest,standard,architecture-agnostic,differentiable,attention-prologue,
alpha.position_encoding.rotary-position,alpha,position_encoding,rotaryPosition,positionEncodingRotaryPosition,TensorOpRequest,standard,architecture-agnostic,differentiable,attention-prologue,
alpha.position_encoding.rotary-position2d,alpha,position_encoding,rotaryPosition2d,positionEncodingRotaryPosition2d,TensorOpRequest,standard,architecture-agnostic,differentiable,attention-prologue,
alpha.position_encoding.rotary-position-interleaved,alpha,position_encoding,rotaryPositionInterleaved,positionEncodingRotaryPositionInterleaved,TensorOpRequest,standard,architecture-agnostic,differentiable,attention-prologue,
alpha.position_encoding.sinusoidal-position,alpha,position_encoding,sinusoidalPosition,positionEncodingSinusoidalPosition,TensorOpRequest,standard,architecture-agnostic,differentiable,attention-prologue,
alpha.position_encoding.t5-relative-bias,alpha,position_encoding,t5RelativeBias,positionEncodingT5RelativeBias,TensorOpRequest,standard,architecture-agnostic,differentiable,attention-prologue,
alpha.position_encoding.xpos,alpha,position_encoding,xpos,positionEncodingXpos,TensorOpRequest,standard,architecture-agnostic,differentiable,attention-prologue,
alpha.position_encoding.yarn,alpha,position_encoding,yarn,positionEncodingYarn,TensorOpRequest,standard,architecture-agnostic,differentiable,attention-prologue,
alpha.probability_loss.adaptive-softmax-loss,alpha,probability_loss,adaptiveSoftmaxLoss,probabilityLossAdaptiveSoftmaxLoss,TensorOpRequest,standard,architecture-agnostic;future-or-emulated,differentiable,softmax;loss,
alpha.probability_loss.binary-cross-entropy,alpha,probability_loss,binaryCrossEntropy,probabilityLossBinaryCrossEntropy,TensorOpRequest,standard,architecture-agnostic,differentiable,softmax;loss,
alpha.probability_loss.contrastive-loss,alpha,probability_loss,contrastiveLoss,probabilityLossContrastiveLoss,TensorOpRequest,standard,architecture-agnostic,differentiable,softmax;loss,
alpha.probability_loss.cosine-embedding-loss,alpha,probability_loss,cosineEmbeddingLoss,probabilityLossCosineEmbeddingLoss,TensorOpRequest,standard,architecture-agnostic,differentiable,softmax;loss,
alpha.probability_loss.crf-backward,alpha,probability_loss,crfBackward,probabilityLossCrfBackward,TensorOpRequest,standard,architecture-agnostic,differentiable,softmax;loss,
alpha.probability_loss.crf-forward,alpha,probability_loss,crfForward,probabilityLossCrfForward,TensorOpRequest,standard,architecture-agnostic,differentiable,softmax;loss,
alpha.probability_loss.cross-entropy,alpha,probability_loss,crossEntropy,probabilityLossCrossEntropy,TensorOpRequest,standard,architecture-agnostic,differentiable,softmax;loss,
alpha.probability_loss.ctc-loss,alpha,probability_loss,ctcLoss,probabilityLossCtcLoss,TensorOpRequest,standard,architecture-agnostic,differentiable,softmax;loss,
alpha.probability_loss.dpo-loss,alpha,probability_loss,dpoLoss,probabilityLossDpoLoss,TensorOpRequest,standard,architecture-agnostic,differentiable,softmax;loss,
alpha.probability_loss.entmax15,alpha,probability_loss,entmax15,probabilityLossEntmax15,TensorOpRequest,standard,architecture-agnostic;future-or-emulated,differentiable,softmax;loss,
alpha.probability_loss.focal-loss,alpha,probability_loss,focalLoss,probabilityLossFocalLoss,TensorOpRequest,standard,architecture-agnostic,differentiable,softmax;loss,
alpha.probability_loss.gumbel-softmax,alpha,probability_loss,gumbelSoftmax,probabilityLossGumbelSoftmax,TensorOpRequest,standard,architecture-agnostic;future-or-emulated,differentiable,softmax;loss,
alpha.probability_loss.halting-calibration-loss,alpha,probability_loss,haltingCalibrationLoss,probabilityLossHaltingCalibrationLoss,TensorOpRequest,standard,architecture-agnostic,differentiable,softmax;loss,
alpha.probability_loss.hellinger-distance,alpha,probability_loss,hellingerDistance,probabilityLossHellingerDistance,TensorOpRequest,standard,architecture-agnostic,differentiable,softmax;loss,
alpha.probability_loss.hierarchical-softmax-loss,alpha,probability_loss,hierarchicalSoftmaxLoss,probabilityLossHierarchicalSoftmaxLoss,TensorOpRequest,standard,architecture-agnostic;future-or-emulated,differentiable,softmax;loss,
alpha.probability_loss.huber-loss,alpha,probability_loss,huberLoss,probabilityLossHuberLoss,TensorOpRequest,standard,architecture-agnostic,differentiable,softmax;loss,
alpha.probability_loss.info-nce-loss,alpha,probability_loss,infoNceLoss,probabilityLossInfoNceLoss,TensorOpRequest,standard,architecture-agnostic,differentiable,softmax;loss,
alpha.probability_loss.ipo-loss,alpha,probability_loss,ipoLoss,probabilityLossIpoLoss,TensorOpRequest,standard,architecture-agnostic,differentiable,softmax;loss,
alpha.probability_loss.js-divergence,alpha,probability_loss,jsDivergence,probabilityLossJsDivergence,TensorOpRequest,standard,architecture-agnostic,differentiable,softmax;loss,
alpha.probability_loss.kl-divergence,alpha,probability_loss,klDivergence,probabilityLossKlDivergence,TensorOpRequest,standard,architecture-agnostic,differentiable,softmax;loss,
alpha.probability_loss.kto-loss,alpha,probability_loss,ktoLoss,probabilityLossKtoLoss,TensorOpRequest,standard,architecture-agnostic,differentiable,softmax;loss,
alpha.probability_loss.label-smoothed-cross-entropy,alpha,probability_loss,labelSmoothedCrossEntropy,probabilityLossLabelSmoothedCrossEntropy,TensorOpRequest,standard,architecture-agnostic,differentiable,softmax;loss,
alpha.probability_loss.load-balance-loss,alpha,probability_loss,loadBalanceLoss,probabilityLossLoadBalanceLoss,TensorOpRequest,standard,architecture-agnostic,differentiable,softmax;loss,
alpha.probability_loss.log-softmax,alpha,probability_loss,logSoftmax,probabilityLossLogSoftmax,TensorOpRequest,standard,architecture-agnostic;future-or-emulated,differentiable,softmax;loss,
alpha.probability_loss.mae-loss,alpha,probability_loss,maeLoss,probabilityLossMaeLoss,TensorOpRequest,standard,architecture-agnostic,differentiable,softmax;loss,
alpha.probability_loss.margin-ranking-loss,alpha,probability_loss,marginRankingLoss,probabilityLossMarginRankingLoss,TensorOpRequest,standard,architecture-agnostic,differentiable,softmax;loss,
alpha.probability_loss.masked-softmax,alpha,probability_loss,maskedSoftmax,probabilityLossMaskedSoftmax,TensorOpRequest,standard,architecture-agnostic;future-or-emulated,differentiable,softmax;loss,
alpha.probability_loss.memory-reconstruction-loss,alpha,probability_loss,memoryReconstructionLoss,probabilityLossMemoryReconstructionLoss,TensorOpRequest,standard,architecture-agnostic,differentiable,softmax;loss,
alpha.probability_loss.mse-loss,alpha,probability_loss,mseLoss,probabilityLossMseLoss,TensorOpRequest,standard,architecture-agnostic,differentiable,softmax;loss,
alpha.probability_loss.noise-contrastive-estimation,alpha,probability_loss,noiseContrastiveEstimation,probabilityLossNoiseContrastiveEstimation,TensorOpRequest,standard,architecture-agnostic,differentiable,softmax;loss,
alpha.probability_loss.online-softmax,alpha,probability_loss,onlineSoftmax,probabilityLossOnlineSoftmax,TensorOpRequest,standard,architecture-agnostic;future-or-emulated,differentiable,softmax;loss,
alpha.probability_loss.orpo-loss,alpha,probability_loss,orpoLoss,probabilityLossOrpoLoss,TensorOpRequest,standard,architecture-agnostic,differentiable,softmax;loss,
alpha.probability_loss.preference-loss,alpha,probability_loss,preferenceLoss,probabilityLossPreferenceLoss,TensorOpRequest,standard,architecture-agnostic,differentiable,softmax;loss,
alpha.probability_loss.renyi-divergence,alpha,probability_loss,renyiDivergence,probabilityLossRenyiDivergence,TensorOpRequest,standard,architecture-agnostic,differentiable,softmax;loss,
alpha.probability_loss.reverse-kl,alpha,probability_loss,reverseKl,probabilityLossReverseKl,TensorOpRequest,standard,architecture-agnostic,differentiable,softmax;loss,
alpha.probability_loss.reward-model-loss,alpha,probability_loss,rewardModelLoss,probabilityLossRewardModelLoss,TensorOpRequest,standard,architecture-agnostic,differentiable,softmax;loss,
alpha.probability_loss.route-consistency-loss,alpha,probability_loss,routeConsistencyLoss,probabilityLossRouteConsistencyLoss,TensorOpRequest,standard,architecture-agnostic,differentiable,softmax;loss,
alpha.probability_loss.sampled-softmax-loss,alpha,probability_loss,sampledSoftmaxLoss,probabilityLossSampledSoftmaxLoss,TensorOpRequest,standard,architecture-agnostic;future-or-emulated,differentiable,softmax;loss,
alpha.probability_loss.sequence-risk-loss,alpha,probability_loss,sequenceRiskLoss,probabilityLossSequenceRiskLoss,TensorOpRequest,standard,architecture-agnostic,differentiable,softmax;loss,
alpha.probability_loss.smooth-l1-loss,alpha,probability_loss,smoothL1Loss,probabilityLossSmoothL1Loss,TensorOpRequest,standard,architecture-agnostic,differentiable,softmax;loss,
alpha.probability_loss.softmax,alpha,probability_loss,softmax,probabilityLossSoftmax,TensorOpRequest,standard,architecture-agnostic;future-or-emulated,differentiable,softmax;loss,
alpha.probability_loss.sparsemax,alpha,probability_loss,sparsemax,probabilityLossSparsemax,TensorOpRequest,standard,architecture-agnostic,differentiable,softmax;loss,
alpha.probability_loss.temperature-softmax,alpha,probability_loss,temperatureSoftmax,probabilityLossTemperatureSoftmax,TensorOpRequest,standard,architecture-agnostic;future-or-emulated,differentiable,softmax;loss,
alpha.probability_loss.triplet-loss,alpha,probability_loss,tripletLoss,probabilityLossTripletLoss,TensorOpRequest,standard,architecture-agnostic,differentiable,softmax;loss,
alpha.probability_loss.wasserstein-loss,alpha,probability_loss,wassersteinLoss,probabilityLossWassersteinLoss,TensorOpRequest,standard,architecture-agnostic,differentiable,softmax;loss,
alpha.quantization.asymmetric-quantize,alpha,quantization,asymmetricQuantize,quantizationAsymmetricQuantize,QuantizationRequest,standard,architecture-agnostic,straight-through-or-none,quantize;epilogue,cutlass;cublaslt;bitnet
alpha.quantization.binary-code-quantize,alpha,quantization,binaryCodeQuantize,quantizationBinaryCodeQuantize,QuantizationRequest,standard,architecture-agnostic,straight-through-or-none,quantize;epilogue,cutlass;cublaslt;bitnet
alpha.quantization.block-scale-quantize,alpha,quantization,blockScaleQuantize,quantizationBlockScaleQuantize,QuantizationRequest,standard,architecture-agnostic,straight-through-or-none,quantize;epilogue,cutlass;cublaslt;bitnet
alpha.quantization.codebook-quantize,alpha,quantization,codebookQuantize,quantizationCodebookQuantize,QuantizationRequest,standard,architecture-agnostic,straight-through-or-none,quantize;epilogue,cutlass;cublaslt;bitnet
alpha.quantization.compute-amax,alpha,quantization,computeAmax,quantizationComputeAmax,QuantizationRequest,standard,architecture-agnostic,straight-through-or-none,quantize;epilogue,cutlass;cublaslt;bitnet
alpha.quantization.compute-scale,alpha,quantization,computeScale,quantizationComputeScale,QuantizationRequest,standard,architecture-agnostic,straight-through-or-none,quantize;epilogue,cutlass;cublaslt;bitnet
alpha.quantization.compute-zero-point,alpha,quantization,computeZeroPoint,quantizationComputeZeroPoint,QuantizationRequest,standard,architecture-agnostic,straight-through-or-none,quantize;epilogue,cutlass;cublaslt;bitnet
alpha.quantization.dequantize,alpha,quantization,dequantize,quantizationDequantize,QuantizationRequest,standard,architecture-agnostic,straight-through-or-none,quantize;epilogue,cutlass;cublaslt;bitnet
alpha.quantization.dynamic-quantize,alpha,quantization,dynamicQuantize,quantizationDynamicQuantize,QuantizationRequest,standard,architecture-agnostic,straight-through-or-none,quantize;epilogue,cutlass;cublaslt;bitnet
alpha.quantization.error-feedback-quantize,alpha,quantization,errorFeedbackQuantize,quantizationErrorFeedbackQuantize,QuantizationRequest,research,architecture-agnostic,straight-through-or-none,quantize;epilogue,cutlass;cublaslt;bitnet
alpha.quantization.fake-quantize,alpha,quantization,fakeQuantize,quantizationFakeQuantize,QuantizationRequest,standard,architecture-agnostic,straight-through-or-none,quantize;epilogue,cutlass;cublaslt;bitnet
alpha.quantization.hadamard-quantize,alpha,quantization,hadamardQuantize,quantizationHadamardQuantize,QuantizationRequest,standard,architecture-agnostic,straight-through-or-none,quantize;epilogue,cutlass;cublaslt;bitnet
alpha.quantization.microscale-quantize,alpha,quantization,microscaleQuantize,quantizationMicroscaleQuantize,QuantizationRequest,standard,architecture-agnostic;future-or-emulated,straight-through-or-none,quantize;epilogue,cutlass;cublaslt;bitnet
alpha.quantization.outlier-restore,alpha,quantization,outlierRestore,quantizationOutlierRestore,QuantizationRequest,standard,architecture-agnostic,straight-through-or-none,quantize;epilogue,cutlass;cublaslt;bitnet
alpha.quantization.outlier-split,alpha,quantization,outlierSplit,quantizationOutlierSplit,QuantizationRequest,standard,architecture-agnostic,straight-through-or-none,quantize;epilogue,cutlass;cublaslt;bitnet
alpha.quantization.pack-binary,alpha,quantization,packBinary,quantizationPackBinary,QuantizationRequest,standard,architecture-agnostic,straight-through-or-none,quantize;epilogue,cutlass;cublaslt;bitnet
alpha.quantization.pack-fp8,alpha,quantization,packFp8,quantizationPackFp8,QuantizationRequest,standard,architecture-agnostic;future-or-emulated,straight-through-or-none,quantize;epilogue,cutlass;cublaslt;bitnet
alpha.quantization.pack-int2,alpha,quantization,packInt2,quantizationPackInt2,QuantizationRequest,standard,architecture-agnostic,straight-through-or-none,quantize;epilogue,cutlass;cublaslt;bitnet
alpha.quantization.pack-int4,alpha,quantization,packInt4,quantizationPackInt4,QuantizationRequest,standard,architecture-agnostic,straight-through-or-none,quantize;epilogue,cutlass;cublaslt;bitnet
alpha.quantization.pack-int8,alpha,quantization,packInt8,quantizationPackInt8,QuantizationRequest,standard,architecture-agnostic,straight-through-or-none,quantize;epilogue,cutlass;cublaslt;bitnet
alpha.quantization.pack-nf4,alpha,quantization,packNf4,quantizationPackNf4,QuantizationRequest,standard,architecture-agnostic,straight-through-or-none,quantize;epilogue,cutlass;cublaslt;bitnet
alpha.quantization.pack-ternary,alpha,quantization,packTernary,quantizationPackTernary,QuantizationRequest,standard,architecture-agnostic,straight-through-or-none,quantize;epilogue,cutlass;cublaslt;bitnet
alpha.quantization.per-channel-quantize,alpha,quantization,perChannelQuantize,quantizationPerChannelQuantize,QuantizationRequest,standard,architecture-agnostic,straight-through-or-none,quantize;epilogue,cutlass;cublaslt;bitnet
alpha.quantization.per-column-quantize,alpha,quantization,perColumnQuantize,quantizationPerColumnQuantize,QuantizationRequest,standard,architecture-agnostic,straight-through-or-none,quantize;epilogue,cutlass;cublaslt;bitnet
alpha.quantization.per-group-quantize,alpha,quantization,perGroupQuantize,quantizationPerGroupQuantize,QuantizationRequest,standard,architecture-agnostic,straight-through-or-none,quantize;epilogue,cutlass;cublaslt;bitnet
alpha.quantization.per-row-quantize,alpha,quantization,perRowQuantize,quantizationPerRowQuantize,QuantizationRequest,standard,architecture-agnostic,straight-through-or-none,quantize;epilogue,cutlass;cublaslt;bitnet
alpha.quantization.per-tensor-quantize,alpha,quantization,perTensorQuantize,quantizationPerTensorQuantize,QuantizationRequest,standard,architecture-agnostic,straight-through-or-none,quantize;epilogue,cutlass;cublaslt;bitnet
alpha.quantization.per-token-quantize,alpha,quantization,perTokenQuantize,quantizationPerTokenQuantize,QuantizationRequest,standard,architecture-agnostic,straight-through-or-none,quantize;epilogue,cutlass;cublaslt;bitnet
alpha.quantization.product-quantize,alpha,quantization,productQuantize,quantizationProductQuantize,QuantizationRequest,standard,architecture-agnostic,straight-through-or-none,quantize;epilogue,cutlass;cublaslt;bitnet
alpha.quantization.quantization-calibration,alpha,quantization,quantizationCalibration,quantizationQuantizationCalibration,QuantizationRequest,standard,architecture-agnostic,straight-through-or-none,quantize;epilogue,cutlass;cublaslt;bitnet
alpha.quantization.quantization-error-metric,alpha,quantization,quantizationErrorMetric,quantizationQuantizationErrorMetric,QuantizationRequest,standard,architecture-agnostic,straight-through-or-none,quantize;epilogue,cutlass;cublaslt;bitnet
alpha.quantization.quantize,alpha,quantization,quantize,quantizationQuantize,QuantizationRequest,standard,architecture-agnostic,straight-through-or-none,quantize;epilogue,cutlass;cublaslt;bitnet
alpha.quantization.requantize,alpha,quantization,requantize,quantizationRequantize,QuantizationRequest,standard,architecture-agnostic,straight-through-or-none,quantize;epilogue,cutlass;cublaslt;bitnet
alpha.quantization.residual-quantize,alpha,quantization,residualQuantize,quantizationResidualQuantize,QuantizationRequest,standard,architecture-agnostic,straight-through-or-none,quantize;epilogue,cutlass;cublaslt;bitnet
alpha.quantization.rotation-quantize,alpha,quantization,rotationQuantize,quantizationRotationQuantize,QuantizationRequest,standard,architecture-agnostic,straight-through-or-none,quantize;epilogue,cutlass;cublaslt;bitnet
alpha.quantization.round-to-nearest-even,alpha,quantization,roundToNearestEven,quantizationRoundToNearestEven,QuantizationRequest,standard,architecture-agnostic,straight-through-or-none,quantize;epilogue,cutlass;cublaslt;bitnet
alpha.quantization.round-toward-negative,alpha,quantization,roundTowardNegative,quantizationRoundTowardNegative,QuantizationRequest,standard,architecture-agnostic,straight-through-or-none,quantize;epilogue,cutlass;cublaslt;bitnet
alpha.quantization.round-toward-positive,alpha,quantization,roundTowardPositive,quantizationRoundTowardPositive,QuantizationRequest,standard,architecture-agnostic,straight-through-or-none,quantize;epilogue,cutlass;cublaslt;bitnet
alpha.quantization.round-toward-zero,alpha,quantization,roundTowardZero,quantizationRoundTowardZero,QuantizationRequest,standard,architecture-agnostic,straight-through-or-none,quantize;epilogue,cutlass;cublaslt;bitnet
alpha.quantization.sigma-delta-quantize,alpha,quantization,sigmaDeltaQuantize,quantizationSigmaDeltaQuantize,QuantizationRequest,research,architecture-agnostic,straight-through-or-none,quantize;epilogue,cutlass;cublaslt;bitnet
alpha.quantization.smooth-quant,alpha,quantization,smoothQuant,quantizationSmoothQuant,QuantizationRequest,standard,architecture-agnostic,straight-through-or-none,quantize;epilogue,cutlass;cublaslt;bitnet
alpha.quantization.static-quantize,alpha,quantization,staticQuantize,quantizationStaticQuantize,QuantizationRequest,standard,architecture-agnostic,straight-through-or-none,quantize;epilogue,cutlass;cublaslt;bitnet
alpha.quantization.stochastic-round,alpha,quantization,stochasticRound,quantizationStochasticRound,QuantizationRequest,standard,architecture-agnostic,straight-through-or-none,quantize;epilogue,cutlass;cublaslt;bitnet
alpha.quantization.symmetric-quantize,alpha,quantization,symmetricQuantize,quantizationSymmetricQuantize,QuantizationRequest,standard,architecture-agnostic,straight-through-or-none,quantize;epilogue,cutlass;cublaslt;bitnet
alpha.quantization.unpack-binary,alpha,quantization,unpackBinary,quantizationUnpackBinary,QuantizationRequest,standard,architecture-agnostic,straight-through-or-none,quantize;epilogue,cutlass;cublaslt;bitnet
alpha.quantization.unpack-fp8,alpha,quantization,unpackFp8,quantizationUnpackFp8,QuantizationRequest,standard,architecture-agnostic;future-or-emulated,straight-through-or-none,quantize;epilogue,cutlass;cublaslt;bitnet
alpha.quantization.unpack-int2,alpha,quantization,unpackInt2,quantizationUnpackInt2,QuantizationRequest,standard,architecture-agnostic,straight-through-or-none,quantize;epilogue,cutlass;cublaslt;bitnet
alpha.quantization.unpack-int4,alpha,quantization,unpackInt4,quantizationUnpackInt4,QuantizationRequest,standard,architecture-agnostic,straight-through-or-none,quantize;epilogue,cutlass;cublaslt;bitnet
alpha.quantization.unpack-int8,alpha,quantization,unpackInt8,quantizationUnpackInt8,QuantizationRequest,standard,architecture-agnostic,straight-through-or-none,quantize;epilogue,cutlass;cublaslt;bitnet
alpha.quantization.unpack-nf4,alpha,quantization,unpackNf4,quantizationUnpackNf4,QuantizationRequest,standard,architecture-agnostic,straight-through-or-none,quantize;epilogue,cutlass;cublaslt;bitnet
alpha.quantization.unpack-ternary,alpha,quantization,unpackTernary,quantizationUnpackTernary,QuantizationRequest,standard,architecture-agnostic,straight-through-or-none,quantize;epilogue,cutlass;cublaslt;bitnet
alpha.quantization.vector-quantize,alpha,quantization,vectorQuantize,quantizationVectorQuantize,QuantizationRequest,standard,architecture-agnostic,straight-through-or-none,quantize;epilogue,cutlass;cublaslt;bitnet
alpha.random_sampling.beam-search-step,alpha,random_sampling,beamSearchStep,randomSamplingBeamSearchStep,RandomRequest,standard,architecture-agnostic,not-applicable-or-estimator,,curand
alpha.random_sampling.bernoulli-random,alpha,random_sampling,bernoulliRandom,randomSamplingBernoulliRandom,RandomRequest,standard,architecture-agnostic,not-applicable-or-estimator,,curand
alpha.random_sampling.beta-random,alpha,random_sampling,betaRandom,randomSamplingBetaRandom,RandomRequest,standard,architecture-agnostic,not-applicable-or-estimator,,curand
alpha.random_sampling.binomial-random,alpha,random_sampling,binomialRandom,randomSamplingBinomialRandom,RandomRequest,standard,architecture-agnostic,not-applicable-or-estimator,,curand
alpha.random_sampling.categorical-random,alpha,random_sampling,categoricalRandom,randomSamplingCategoricalRandom,RandomRequest,standard,architecture-agnostic,not-applicable-or-estimator,,curand
alpha.random_sampling.contrastive-search-step,alpha,random_sampling,contrastiveSearchStep,randomSamplingContrastiveSearchStep,RandomRequest,standard,architecture-agnostic,not-applicable-or-estimator,,curand
alpha.random_sampling.dirichlet-random,alpha,random_sampling,dirichletRandom,randomSamplingDirichletRandom,RandomRequest,standard,architecture-agnostic,not-applicable-or-estimator,,curand
alpha.random_sampling.diverse-beam-step,alpha,random_sampling,diverseBeamStep,randomSamplingDiverseBeamStep,RandomRequest,standard,architecture-agnostic,not-applicable-or-estimator,,curand
alpha.random_sampling.dropout-mask,alpha,random_sampling,dropoutMask,randomSamplingDropoutMask,RandomRequest,standard,architecture-agnostic;future-or-emulated,not-applicable-or-estimator,,curand
alpha.random_sampling.epsilon-sample,alpha,random_sampling,epsilonSample,randomSamplingEpsilonSample,RandomRequest,standard,architecture-agnostic,not-applicable-or-estimator,,curand
alpha.random_sampling.eta-sample,alpha,random_sampling,etaSample,randomSamplingEtaSample,RandomRequest,standard,architecture-agnostic,not-applicable-or-estimator,,curand
alpha.random_sampling.exponential-random,alpha,random_sampling,exponentialRandom,randomSamplingExponentialRandom,RandomRequest,standard,architecture-agnostic,not-applicable-or-estimator,,curand
alpha.random_sampling.gamma-random,alpha,random_sampling,gammaRandom,randomSamplingGammaRandom,RandomRequest,standard,architecture-agnostic,not-applicable-or-estimator,,curand
alpha.random_sampling.gumbel-random,alpha,random_sampling,gumbelRandom,randomSamplingGumbelRandom,RandomRequest,standard,architecture-agnostic,not-applicable-or-estimator,,curand
alpha.random_sampling.halton-random,alpha,random_sampling,haltonRandom,randomSamplingHaltonRandom,RandomRequest,standard,architecture-agnostic,not-applicable-or-estimator,,curand
alpha.random_sampling.importance-sample,alpha,random_sampling,importanceSample,randomSamplingImportanceSample,RandomRequest,standard,architecture-agnostic,not-applicable-or-estimator,,curand
alpha.random_sampling.langevin-step,alpha,random_sampling,langevinStep,randomSamplingLangevinStep,RandomRequest,standard,architecture-agnostic,not-applicable-or-estimator,,curand
alpha.random_sampling.log-normal-random,alpha,random_sampling,logNormalRandom,randomSamplingLogNormalRandom,RandomRequest,standard,architecture-agnostic,not-applicable-or-estimator,,curand
alpha.random_sampling.metropolis-hastings-step,alpha,random_sampling,metropolisHastingsStep,randomSamplingMetropolisHastingsStep,RandomRequest,standard,architecture-agnostic,not-applicable-or-estimator,,curand
alpha.random_sampling.min-psample,alpha,random_sampling,minPSample,randomSamplingMinPSample,RandomRequest,standard,architecture-agnostic,not-applicable-or-estimator,,curand
alpha.random_sampling.mirostat-sample,alpha,random_sampling,mirostatSample,randomSamplingMirostatSample,RandomRequest,standard,architecture-agnostic,not-applicable-or-estimator,,curand
alpha.random_sampling.multinomial-random,alpha,random_sampling,multinomialRandom,randomSamplingMultinomialRandom,RandomRequest,standard,architecture-agnostic,not-applicable-or-estimator,,curand
alpha.random_sampling.normal-random,alpha,random_sampling,normalRandom,randomSamplingNormalRandom,RandomRequest,standard,architecture-agnostic,not-applicable-or-estimator,,curand
alpha.random_sampling.pcg-random,alpha,random_sampling,pcgRandom,randomSamplingPcgRandom,RandomRequest,standard,architecture-agnostic,not-applicable-or-estimator,,curand
alpha.random_sampling.philox-random,alpha,random_sampling,philoxRandom,randomSamplingPhiloxRandom,RandomRequest,standard,architecture-agnostic,not-applicable-or-estimator,,curand
alpha.random_sampling.poisson-random,alpha,random_sampling,poissonRandom,randomSamplingPoissonRandom,RandomRequest,standard,architecture-agnostic,not-applicable-or-estimator,,curand
alpha.random_sampling.random-permutation,alpha,random_sampling,randomPermutation,randomSamplingRandomPermutation,RandomRequest,standard,architecture-agnostic,not-applicable-or-estimator,,curand
alpha.random_sampling.rejection-sample,alpha,random_sampling,rejectionSample,randomSamplingRejectionSample,RandomRequest,standard,architecture-agnostic,not-applicable-or-estimator,,curand
alpha.random_sampling.scrambled-sobol-random,alpha,random_sampling,scrambledSobolRandom,randomSamplingScrambledSobolRandom,RandomRequest,standard,architecture-agnostic,not-applicable-or-estimator,,curand
alpha.random_sampling.sobol-random,alpha,random_sampling,sobolRandom,randomSamplingSobolRandom,RandomRequest,standard,architecture-agnostic,not-applicable-or-estimator,,curand
alpha.random_sampling.speculative-accept-reject,alpha,random_sampling,speculativeAcceptReject,randomSamplingSpeculativeAcceptReject,RandomRequest,standard,architecture-agnostic,not-applicable-or-estimator,,curand
alpha.random_sampling.stochastic-depth-mask,alpha,random_sampling,stochasticDepthMask,randomSamplingStochasticDepthMask,RandomRequest,standard,architecture-agnostic,not-applicable-or-estimator,,curand
alpha.random_sampling.threefry-random,alpha,random_sampling,threefryRandom,randomSamplingThreefryRandom,RandomRequest,standard,architecture-agnostic,not-applicable-or-estimator,,curand
alpha.random_sampling.top-ksample,alpha,random_sampling,topKSample,randomSamplingTopKSample,RandomRequest,standard,architecture-agnostic,not-applicable-or-estimator,,curand
alpha.random_sampling.top-psample,alpha,random_sampling,topPSample,randomSamplingTopPSample,RandomRequest,standard,architecture-agnostic,not-applicable-or-estimator,,curand
alpha.random_sampling.typical-sample,alpha,random_sampling,typicalSample,randomSamplingTypicalSample,RandomRequest,standard,architecture-agnostic,not-applicable-or-estimator,,curand
alpha.random_sampling.uniform-random,alpha,random_sampling,uniformRandom,randomSamplingUniformRandom,RandomRequest,standard,architecture-agnostic,not-applicable-or-estimator,,curand
alpha.random_sampling.xorshift-random,alpha,random_sampling,xorshiftRandom,randomSamplingXorshiftRandom,RandomRequest,standard,architecture-agnostic,not-applicable-or-estimator,,curand
alpha.random_sampling.xorwow-random,alpha,random_sampling,xorwowRandom,randomSamplingXorwowRandom,RandomRequest,standard,architecture-agnostic,not-applicable-or-estimator,,curand
alpha.reduction.all,alpha,reduction,all,reductionAll,ReductionRequest,standard,architecture-agnostic,custom-adjoint,reduction,cub;cutensor;mlir-vector
alpha.reduction.amax,alpha,reduction,amax,reductionAmax,ReductionRequest,standard,architecture-agnostic,custom-adjoint,reduction,cub;cutensor;mlir-vector
alpha.reduction.aminmax,alpha,reduction,aminmax,reductionAminmax,ReductionRequest,standard,architecture-agnostic,custom-adjoint,reduction,cub;cutensor;mlir-vector
alpha.reduction.any,alpha,reduction,any,reductionAny,ReductionRequest,standard,architecture-agnostic,custom-adjoint,reduction,cub;cutensor;mlir-vector
alpha.reduction.arg-max,alpha,reduction,argMax,reductionArgMax,ReductionRequest,standard,architecture-agnostic,custom-adjoint,reduction,cub;cutensor;mlir-vector
alpha.reduction.arg-min,alpha,reduction,argMin,reductionArgMin,ReductionRequest,standard,architecture-agnostic,custom-adjoint,reduction,cub;cutensor;mlir-vector
alpha.reduction.compensated-sum,alpha,reduction,compensatedSum,reductionCompensatedSum,ReductionRequest,standard,architecture-agnostic,custom-adjoint,reduction,cub;cutensor;mlir-vector
alpha.reduction.count-nonzero,alpha,reduction,countNonzero,reductionCountNonzero,ReductionRequest,standard,architecture-agnostic,custom-adjoint,reduction,cub;cutensor;mlir-vector
alpha.reduction.deterministic-reduce,alpha,reduction,deterministicReduce,reductionDeterministicReduce,ReductionRequest,standard,architecture-agnostic,custom-adjoint,reduction,cub;cutensor;mlir-vector
alpha.reduction.frobenius-norm,alpha,reduction,frobeniusNorm,reductionFrobeniusNorm,ReductionRequest,standard,architecture-agnostic,custom-adjoint,reduction,cub;cutensor;mlir-vector
alpha.reduction.kahan-sum,alpha,reduction,kahanSum,reductionKahanSum,ReductionRequest,standard,architecture-agnostic,custom-adjoint,reduction,cub;cutensor;mlir-vector
alpha.reduction.l0-norm,alpha,reduction,l0Norm,reductionL0Norm,ReductionRequest,standard,architecture-agnostic,custom-adjoint,reduction,cub;cutensor;mlir-vector
alpha.reduction.l1-norm,alpha,reduction,l1Norm,reductionL1Norm,ReductionRequest,standard,architecture-agnostic,custom-adjoint,reduction,cub;cutensor;mlir-vector
alpha.reduction.l2-norm,alpha,reduction,l2Norm,reductionL2Norm,ReductionRequest,standard,architecture-agnostic,custom-adjoint,reduction,cub;cutensor;mlir-vector
alpha.reduction.log-sum-exp,alpha,reduction,logSumExp,reductionLogSumExp,ReductionRequest,standard,architecture-agnostic,custom-adjoint,reduction,cub;cutensor;mlir-vector
alpha.reduction.lp-norm,alpha,reduction,lpNorm,reductionLpNorm,ReductionRequest,standard,architecture-agnostic,custom-adjoint,reduction,cub;cutensor;mlir-vector
alpha.reduction.masked-reduce,alpha,reduction,maskedReduce,reductionMaskedReduce,ReductionRequest,standard,architecture-agnostic,custom-adjoint,reduction,cub;cutensor;mlir-vector
alpha.reduction.max,alpha,reduction,max,reductionMax,ReductionRequest,standard,architecture-agnostic,custom-adjoint,reduction,cub;cutensor;mlir-vector
alpha.reduction.max-with-index,alpha,reduction,maxWithIndex,reductionMaxWithIndex,ReductionRequest,standard,architecture-agnostic,custom-adjoint,reduction,cub;cutensor;mlir-vector
alpha.reduction.mean,alpha,reduction,mean,reductionMean,ReductionRequest,standard,architecture-agnostic,custom-adjoint,reduction,cub;cutensor;mlir-vector
alpha.reduction.min,alpha,reduction,min,reductionMin,ReductionRequest,standard,architecture-agnostic,custom-adjoint,reduction,cub;cutensor;mlir-vector
alpha.reduction.min-with-index,alpha,reduction,minWithIndex,reductionMinWithIndex,ReductionRequest,standard,architecture-agnostic,custom-adjoint,reduction,cub;cutensor;mlir-vector
alpha.reduction.moments,alpha,reduction,moments,reductionMoments,ReductionRequest,standard,architecture-agnostic,custom-adjoint,reduction,cub;cutensor;mlir-vector
alpha.reduction.neumaier-sum,alpha,reduction,neumaierSum,reductionNeumaierSum,ReductionRequest,standard,architecture-agnostic,custom-adjoint,reduction,cub;cutensor;mlir-vector
alpha.reduction.nuclear-norm,alpha,reduction,nuclearNorm,reductionNuclearNorm,ReductionRequest,standard,architecture-agnostic,custom-adjoint,reduction,cub;cutensor;mlir-vector
alpha.reduction.pairwise-sum,alpha,reduction,pairwiseSum,reductionPairwiseSum,ReductionRequest,standard,architecture-agnostic,custom-adjoint,reduction,cub;cutensor;mlir-vector
alpha.reduction.partial-reduce,alpha,reduction,partialReduce,reductionPartialReduce,ReductionRequest,standard,architecture-agnostic,custom-adjoint,reduction,cub;cutensor;mlir-vector
alpha.reduction.product,alpha,reduction,product,reductionProduct,ReductionRequest,standard,architecture-agnostic,custom-adjoint,reduction,cub;cutensor;mlir-vector
alpha.reduction.ragged-reduce,alpha,reduction,raggedReduce,reductionRaggedReduce,ReductionRequest,standard,architecture-agnostic,custom-adjoint,reduction,cub;cutensor;mlir-vector
alpha.reduction.reduce-by-key,alpha,reduction,reduceByKey,reductionReduceByKey,ReductionRequest,standard,architecture-agnostic,custom-adjoint,reduction,cub;cutensor;mlir-vector
alpha.reduction.segmented-max,alpha,reduction,segmentedMax,reductionSegmentedMax,ReductionRequest,standard,architecture-agnostic,custom-adjoint,reduction,cub;cutensor;mlir-vector
alpha.reduction.segmented-mean,alpha,reduction,segmentedMean,reductionSegmentedMean,ReductionRequest,standard,architecture-agnostic,custom-adjoint,reduction,cub;cutensor;mlir-vector
alpha.reduction.segmented-min,alpha,reduction,segmentedMin,reductionSegmentedMin,ReductionRequest,standard,architecture-agnostic,custom-adjoint,reduction,cub;cutensor;mlir-vector
alpha.reduction.segmented-sum,alpha,reduction,segmentedSum,reductionSegmentedSum,ReductionRequest,standard,architecture-agnostic,custom-adjoint,reduction,cub;cutensor;mlir-vector
alpha.reduction.softmax-statistics,alpha,reduction,softmaxStatistics,reductionSoftmaxStatistics,ReductionRequest,standard,architecture-agnostic;future-or-emulated,custom-adjoint,reduction,cub;cutensor;mlir-vector
alpha.reduction.standard-deviation,alpha,reduction,standardDeviation,reductionStandardDeviation,ReductionRequest,standard,architecture-agnostic,custom-adjoint,reduction,cub;cutensor;mlir-vector
alpha.reduction.sum,alpha,reduction,sum,reductionSum,ReductionRequest,standard,architecture-agnostic,custom-adjoint,reduction,cub;cutensor;mlir-vector
alpha.reduction.sum-abs,alpha,reduction,sumAbs,reductionSumAbs,ReductionRequest,standard,architecture-agnostic,custom-adjoint,reduction,cub;cutensor;mlir-vector
alpha.reduction.sum-squares,alpha,reduction,sumSquares,reductionSumSquares,ReductionRequest,standard,architecture-agnostic,custom-adjoint,reduction,cub;cutensor;mlir-vector
alpha.reduction.superaccumulator-sum,alpha,reduction,superaccumulatorSum,reductionSuperaccumulatorSum,ReductionRequest,standard,architecture-agnostic,custom-adjoint,reduction,cub;cutensor;mlir-vector
alpha.reduction.tree-reduce,alpha,reduction,treeReduce,reductionTreeReduce,ReductionRequest,standard,architecture-agnostic,custom-adjoint,reduction,cub;cutensor;mlir-vector
alpha.reduction.variance,alpha,reduction,variance,reductionVariance,ReductionRequest,standard,architecture-agnostic,custom-adjoint,reduction,cub;cutensor;mlir-vector
alpha.reduction.welford-moments,alpha,reduction,welfordMoments,reductionWelfordMoments,ReductionRequest,standard,architecture-agnostic,custom-adjoint,reduction,cub;cutensor;mlir-vector
alpha.routing_moe.capacity-router,alpha,routing_moe,capacityRouter,routingMoeCapacityRouter,ActorOpRequest,standard,architecture-agnostic,straight-through-or-soft,routing;grouped-gemm,
alpha.routing_moe.combine-expert-outputs,alpha,routing_moe,combineExpertOutputs,routingMoeCombineExpertOutputs,ActorOpRequest,standard,architecture-agnostic,straight-through-or-soft,routing;grouped-gemm,
alpha.routing_moe.dispatch-to-experts,alpha,routing_moe,dispatchToExperts,routingMoeDispatchToExperts,ActorOpRequest,standard,architecture-agnostic,straight-through-or-soft,routing;grouped-gemm,
alpha.routing_moe.expert-archive,alpha,routing_moe,expertArchive,routingMoeExpertArchive,ActorOpRequest,standard,architecture-agnostic,straight-through-or-soft,routing;grouped-gemm,
alpha.routing_moe.expert-audit,alpha,routing_moe,expertAudit,routingMoeExpertAudit,ActorOpRequest,standard,architecture-agnostic,straight-through-or-soft,routing;grouped-gemm,
alpha.routing_moe.expert-choice-dispatch,alpha,routing_moe,expertChoiceDispatch,routingMoeExpertChoiceDispatch,ActorOpRequest,standard,architecture-agnostic,straight-through-or-soft,routing;grouped-gemm,
alpha.routing_moe.expert-choice-router,alpha,routing_moe,expertChoiceRouter,routingMoeExpertChoiceRouter,ActorOpRequest,standard,architecture-agnostic,straight-through-or-soft,routing;grouped-gemm,
alpha.routing_moe.expert-distill,alpha,routing_moe,expertDistill,routingMoeExpertDistill,ActorOpRequest,standard,architecture-agnostic,straight-through-or-soft,routing;grouped-gemm,
alpha.routing_moe.expert-evict,alpha,routing_moe,expertEvict,routingMoeExpertEvict,ActorOpRequest,standard,architecture-agnostic,straight-through-or-soft,routing;grouped-gemm,
alpha.routing_moe.expert-load-balance,alpha,routing_moe,expertLoadBalance,routingMoeExpertLoadBalance,ActorOpRequest,standard,architecture-agnostic,straight-through-or-soft,routing;grouped-gemm,
alpha.routing_moe.expert-merge,alpha,routing_moe,expertMerge,routingMoeExpertMerge,ActorOpRequest,research,architecture-agnostic,straight-through-or-soft,routing;grouped-gemm,
alpha.routing_moe.expert-mitosis,alpha,routing_moe,expertMitosis,routingMoeExpertMitosis,ActorOpRequest,research,architecture-agnostic,straight-through-or-soft,routing;grouped-gemm,
alpha.routing_moe.expert-prefetch,alpha,routing_moe,expertPrefetch,routingMoeExpertPrefetch,ActorOpRequest,standard,architecture-agnostic,straight-through-or-soft,routing;grouped-gemm,
alpha.routing_moe.expert-replica-select,alpha,routing_moe,expertReplicaSelect,routingMoeExpertReplicaSelect,ActorOpRequest,standard,architecture-agnostic,straight-through-or-soft,routing;grouped-gemm,
alpha.routing_moe.grouped-expert-gemm,alpha,routing_moe,groupedExpertGemm,routingMoeGroupedExpertGemm,ActorOpRequest,standard,architecture-agnostic,straight-through-or-soft,routing;grouped-gemm,
alpha.routing_moe.hash-router,alpha,routing_moe,hashRouter,routingMoeHashRouter,ActorOpRequest,standard,architecture-agnostic,straight-through-or-soft,routing;grouped-gemm,
alpha.routing_moe.hierarchical-router,alpha,routing_moe,hierarchicalRouter,routingMoeHierarchicalRouter,ActorOpRequest,standard,architecture-agnostic,straight-through-or-soft,routing;grouped-gemm,
alpha.routing_moe.router-diversity,alpha,routing_moe,routerDiversity,routingMoeRouterDiversity,ActorOpRequest,standard,architecture-agnostic,straight-through-or-soft,routing;grouped-gemm,
alpha.routing_moe.router-entropy,alpha,routing_moe,routerEntropy,routingMoeRouterEntropy,ActorOpRequest,standard,architecture-agnostic,straight-through-or-soft,routing;grouped-gemm,
alpha.routing_moe.router-locality-cost,alpha,routing_moe,routerLocalityCost,routingMoeRouterLocalityCost,ActorOpRequest,standard,architecture-agnostic,straight-through-or-soft,routing;grouped-gemm,
alpha.routing_moe.router-zloss,alpha,routing_moe,routerZLoss,routingMoeRouterZLoss,ActorOpRequest,standard,architecture-agnostic,straight-through-or-soft,routing;grouped-gemm,
alpha.routing_moe.sinkhorn-router,alpha,routing_moe,sinkhornRouter,routingMoeSinkhornRouter,ActorOpRequest,standard,architecture-agnostic,straight-through-or-soft,routing;grouped-gemm,
alpha.routing_moe.soft-router,alpha,routing_moe,softRouter,routingMoeSoftRouter,ActorOpRequest,standard,architecture-agnostic,straight-through-or-soft,routing;grouped-gemm,
alpha.routing_moe.token-choice-dispatch,alpha,routing_moe,tokenChoiceDispatch,routingMoeTokenChoiceDispatch,ActorOpRequest,standard,architecture-agnostic,straight-through-or-soft,routing;grouped-gemm,
alpha.routing_moe.top-krouter,alpha,routing_moe,topKRouter,routingMoeTopKRouter,ActorOpRequest,standard,architecture-agnostic,straight-through-or-soft,routing;grouped-gemm,
alpha.scan.affine-recurrence-scan,alpha,scan,affineRecurrenceScan,scanAffineRecurrenceScan,ScanRequest,standard,architecture-agnostic,custom-adjoint,scan;sequence,cub;mlir-vector;mamba
alpha.scan.associative-scan,alpha,scan,associativeScan,scanAssociativeScan,ScanRequest,standard,architecture-agnostic,custom-adjoint,scan;sequence,cub;mlir-vector;mamba
alpha.scan.bidirectional-scan,alpha,scan,bidirectionalScan,scanBidirectionalScan,ScanRequest,standard,architecture-agnostic,custom-adjoint,scan;sequence,cub;mlir-vector;mamba
alpha.scan.blelloch-scan,alpha,scan,blellochScan,scanBlellochScan,ScanRequest,standard,architecture-agnostic,custom-adjoint,scan;sequence,cub;mlir-vector;mamba
alpha.scan.decoupled-lookback-scan,alpha,scan,decoupledLookbackScan,scanDecoupledLookbackScan,ScanRequest,standard,architecture-agnostic,custom-adjoint,scan;sequence,cub;mlir-vector;mamba
alpha.scan.delta-rule-scan,alpha,scan,deltaRuleScan,scanDeltaRuleScan,ScanRequest,standard,architecture-agnostic,custom-adjoint,scan;sequence,cub;mlir-vector;mamba
alpha.scan.exclusive-scan,alpha,scan,exclusiveScan,scanExclusiveScan,ScanRequest,standard,architecture-agnostic,custom-adjoint,scan;sequence,cub;mlir-vector;mamba
alpha.scan.gated-delta-rule-scan,alpha,scan,gatedDeltaRuleScan,scanGatedDeltaRuleScan,ScanRequest,standard,architecture-agnostic,custom-adjoint,scan;sequence,cub;mlir-vector;mamba
alpha.scan.hillis-steele-scan,alpha,scan,hillisSteeleScan,scanHillisSteeleScan,ScanRequest,standard,architecture-agnostic,custom-adjoint,scan;sequence,cub;mlir-vector;mamba
alpha.scan.inclusive-scan,alpha,scan,inclusiveScan,scanInclusiveScan,ScanRequest,standard,architecture-agnostic,custom-adjoint,scan;sequence,cub;mlir-vector;mamba
alpha.scan.linear-recurrence-scan,alpha,scan,linearRecurrenceScan,scanLinearRecurrenceScan,ScanRequest,standard,architecture-agnostic,custom-adjoint,scan;sequence,cub;mlir-vector;mamba
alpha.scan.matrix-recurrence-scan,alpha,scan,matrixRecurrenceScan,scanMatrixRecurrenceScan,ScanRequest,standard,architecture-agnostic,custom-adjoint,scan;sequence,cub;mlir-vector;mamba
alpha.scan.parallel-prefix-doubling,alpha,scan,parallelPrefixDoubling,scanParallelPrefixDoubling,ScanRequest,standard,architecture-agnostic,custom-adjoint,scan;sequence,cub;mlir-vector;mamba
alpha.scan.prefix-and,alpha,scan,prefixAnd,scanPrefixAnd,ScanRequest,standard,architecture-agnostic,custom-adjoint,scan;sequence,cub;mlir-vector;mamba
alpha.scan.prefix-log-sum-exp,alpha,scan,prefixLogSumExp,scanPrefixLogSumExp,ScanRequest,standard,architecture-agnostic,custom-adjoint,scan;sequence,cub;mlir-vector;mamba
alpha.scan.prefix-max,alpha,scan,prefixMax,scanPrefixMax,ScanRequest,standard,architecture-agnostic,custom-adjoint,scan;sequence,cub;mlir-vector;mamba
alpha.scan.prefix-min,alpha,scan,prefixMin,scanPrefixMin,ScanRequest,standard,architecture-agnostic,custom-adjoint,scan;sequence,cub;mlir-vector;mamba
alpha.scan.prefix-or,alpha,scan,prefixOr,scanPrefixOr,ScanRequest,standard,architecture-agnostic,custom-adjoint,scan;sequence,cub;mlir-vector;mamba
alpha.scan.prefix-product,alpha,scan,prefixProduct,scanPrefixProduct,ScanRequest,standard,architecture-agnostic,custom-adjoint,scan;sequence,cub;mlir-vector;mamba
alpha.scan.prefix-sum,alpha,scan,prefixSum,scanPrefixSum,ScanRequest,standard,architecture-agnostic,custom-adjoint,scan;sequence,cub;mlir-vector;mamba
alpha.scan.prefix-xor,alpha,scan,prefixXor,scanPrefixXor,ScanRequest,standard,architecture-agnostic,custom-adjoint,scan;sequence,cub;mlir-vector;mamba
alpha.scan.reverse-scan,alpha,scan,reverseScan,scanReverseScan,ScanRequest,standard,architecture-agnostic,custom-adjoint,scan;sequence,cub;mlir-vector;mamba
alpha.scan.scan-by-key,alpha,scan,scanByKey,scanScanByKey,ScanRequest,standard,architecture-agnostic,custom-adjoint,scan;sequence,cub;mlir-vector;mamba
alpha.scan.segmented-scan,alpha,scan,segmentedScan,scanSegmentedScan,ScanRequest,standard,architecture-agnostic,custom-adjoint,scan;sequence,cub;mlir-vector;mamba
alpha.scan.selective-scan,alpha,scan,selectiveScan,scanSelectiveScan,ScanRequest,standard,architecture-agnostic,custom-adjoint,scan;sequence,cub;mlir-vector;mamba
alpha.sequence_recurrence.delta-rule,alpha,sequence_recurrence,deltaRule,sequenceRecurrenceDeltaRule,SequenceRequest,standard,architecture-agnostic,differentiable-or-implicit,sequence;scan,mamba;rwkv;xlstm
alpha.sequence_recurrence.diagonal-ssm,alpha,sequence_recurrence,diagonalSsm,sequenceRecurrenceDiagonalSsm,SequenceRequest,standard,architecture-agnostic,differentiable-or-implicit,sequence;scan,mamba;rwkv;xlstm
alpha.sequence_recurrence.equilibrium-solve,alpha,sequence_recurrence,equilibriumSolve,sequenceRecurrenceEquilibriumSolve,SequenceRequest,speculative,architecture-agnostic,differentiable-or-implicit,sequence;scan,mamba;rwkv;xlstm
alpha.sequence_recurrence.event-driven-mechanism,alpha,sequence_recurrence,eventDrivenMechanism,sequenceRecurrenceEventDrivenMechanism,SequenceRequest,research,architecture-agnostic,differentiable-or-implicit,sequence;scan,mamba;rwkv;xlstm
alpha.sequence_recurrence.fast-weight-update,alpha,sequence_recurrence,fastWeightUpdate,sequenceRecurrenceFastWeightUpdate,SequenceRequest,standard,architecture-agnostic,differentiable-or-implicit,sequence;scan,mamba;rwkv;xlstm
alpha.sequence_recurrence.fixed-wave-mechanism,alpha,sequence_recurrence,fixedWaveMechanism,sequenceRecurrenceFixedWaveMechanism,SequenceRequest,standard,architecture-agnostic,differentiable-or-implicit,sequence;scan,mamba;rwkv;xlstm
alpha.sequence_recurrence.gated-delta-rule,alpha,sequence_recurrence,gatedDeltaRule,sequenceRecurrenceGatedDeltaRule,SequenceRequest,standard,architecture-agnostic,differentiable-or-implicit,sequence;scan,mamba;rwkv;xlstm
alpha.sequence_recurrence.gru,alpha,sequence_recurrence,gru,sequenceRecurrenceGru,SequenceRequest,standard,architecture-agnostic,differentiable-or-implicit,sequence;scan,mamba;rwkv;xlstm
alpha.sequence_recurrence.h3-recurrence,alpha,sequence_recurrence,h3Recurrence,sequenceRecurrenceH3Recurrence,SequenceRequest,standard,architecture-agnostic,differentiable-or-implicit,sequence;scan,mamba;rwkv;xlstm
alpha.sequence_recurrence.hebbian-update,alpha,sequence_recurrence,hebbianUpdate,sequenceRecurrenceHebbianUpdate,SequenceRequest,standard,architecture-agnostic,differentiable-or-implicit,sequence;scan,mamba;rwkv;xlstm
alpha.sequence_recurrence.hyena-recurrence,alpha,sequence_recurrence,hyenaRecurrence,sequenceRecurrenceHyenaRecurrence,SequenceRequest,standard,architecture-agnostic,differentiable-or-implicit,sequence;scan,mamba;rwkv;xlstm
alpha.sequence_recurrence.implicit-state-update,alpha,sequence_recurrence,implicitStateUpdate,sequenceRecurrenceImplicitStateUpdate,SequenceRequest,speculative,architecture-agnostic,differentiable-or-implicit,sequence;scan,mamba;rwkv;xlstm
alpha.sequence_recurrence.ind-rnn,alpha,sequence_recurrence,indRnn,sequenceRecurrenceIndRnn,SequenceRequest,standard,architecture-agnostic,differentiable-or-implicit,sequence;scan,mamba;rwkv;xlstm
alpha.sequence_recurrence.linear-attention-recurrence,alpha,sequence_recurrence,linearAttentionRecurrence,sequenceRecurrenceLinearAttentionRecurrence,SequenceRequest,standard,architecture-agnostic,differentiable-or-implicit,sequence;scan,mamba;rwkv;xlstm
alpha.sequence_recurrence.liquid-time-constant,alpha,sequence_recurrence,liquidTimeConstant,sequenceRecurrenceLiquidTimeConstant,SequenceRequest,standard,architecture-agnostic,differentiable-or-implicit,sequence;scan,mamba;rwkv;xlstm
alpha.sequence_recurrence.lstm,alpha,sequence_recurrence,lstm,sequenceRecurrenceLstm,SequenceRequest,standard,architecture-agnostic,differentiable-or-implicit,sequence;scan,mamba;rwkv;xlstm
alpha.sequence_recurrence.mamba-selective-scan,alpha,sequence_recurrence,mambaSelectiveScan,sequenceRecurrenceMambaSelectiveScan,SequenceRequest,standard,architecture-agnostic,differentiable-or-implicit,sequence;scan,mamba;rwkv;xlstm
alpha.sequence_recurrence.minimal-gru,alpha,sequence_recurrence,minimalGru,sequenceRecurrenceMinimalGru,SequenceRequest,standard,architecture-agnostic,differentiable-or-implicit,sequence;scan,mamba;rwkv;xlstm
alpha.sequence_recurrence.m-lstm,alpha,sequence_recurrence,mLstm,sequenceRecurrenceMLstm,SequenceRequest,standard,architecture-agnostic,differentiable-or-implicit,sequence;scan,mamba;rwkv;xlstm
alpha.sequence_recurrence.modern-hopfield-update,alpha,sequence_recurrence,modernHopfieldUpdate,sequenceRecurrenceModernHopfieldUpdate,SequenceRequest,standard,architecture-agnostic,differentiable-or-implicit,sequence;scan,mamba;rwkv;xlstm
alpha.sequence_recurrence.neural-ode-step,alpha,sequence_recurrence,neuralOdeStep,sequenceRecurrenceNeuralOdeStep,SequenceRequest,standard,architecture-agnostic,differentiable-or-implicit,sequence;scan,mamba;rwkv;xlstm
alpha.sequence_recurrence.oja-update,alpha,sequence_recurrence,ojaUpdate,sequenceRecurrenceOjaUpdate,SequenceRequest,standard,architecture-agnostic,differentiable-or-implicit,sequence;scan,mamba;rwkv;xlstm
alpha.sequence_recurrence.orthogonal-rnn,alpha,sequence_recurrence,orthogonalRnn,sequenceRecurrenceOrthogonalRnn,SequenceRequest,standard,architecture-agnostic,differentiable-or-implicit,sequence;scan,mamba;rwkv;xlstm
alpha.sequence_recurrence.peephole-lstm,alpha,sequence_recurrence,peepholeLstm,sequenceRecurrencePeepholeLstm,SequenceRequest,standard,architecture-agnostic,differentiable-or-implicit,sequence;scan,mamba;rwkv;xlstm
alpha.sequence_recurrence.qrnn,alpha,sequence_recurrence,qrnn,sequenceRecurrenceQrnn,SequenceRequest,standard,architecture-agnostic,differentiable-or-implicit,sequence;scan,mamba;rwkv;xlstm
alpha.sequence_recurrence.ret-net-recurrence,alpha,sequence_recurrence,retNetRecurrence,sequenceRecurrenceRetNetRecurrence,SequenceRequest,standard,architecture-agnostic,differentiable-or-implicit,sequence;scan,mamba;rwkv;xlstm
alpha.sequence_recurrence.rwkv7-state-update,alpha,sequence_recurrence,rwkv7StateUpdate,sequenceRecurrenceRwkv7StateUpdate,SequenceRequest,standard,architecture-agnostic,differentiable-or-implicit,sequence;scan,mamba;rwkv;xlstm
alpha.sequence_recurrence.rwkv-wkv,alpha,sequence_recurrence,rwkvWkv,sequenceRecurrenceRwkvWkv,SequenceRequest,standard,architecture-agnostic,differentiable-or-implicit,sequence;scan,mamba;rwkv;xlstm
alpha.sequence_recurrence.s4-kernel,alpha,sequence_recurrence,s4Kernel,sequenceRecurrenceS4Kernel,SequenceRequest,standard,architecture-agnostic,differentiable-or-implicit,sequence;scan,mamba;rwkv;xlstm
alpha.sequence_recurrence.selective-state-update,alpha,sequence_recurrence,selectiveStateUpdate,sequenceRecurrenceSelectiveStateUpdate,SequenceRequest,standard,architecture-agnostic,differentiable-or-implicit,sequence;scan,mamba;rwkv;xlstm
alpha.sequence_recurrence.simple-rnn,alpha,sequence_recurrence,simpleRnn,sequenceRecurrenceSimpleRnn,SequenceRequest,standard,architecture-agnostic,differentiable-or-implicit,sequence;scan,mamba;rwkv;xlstm
alpha.sequence_recurrence.s-lstm,alpha,sequence_recurrence,sLstm,sequenceRecurrenceSLstm,SequenceRequest,standard,architecture-agnostic,differentiable-or-implicit,sequence;scan,mamba;rwkv;xlstm
alpha.sequence_recurrence.sru,alpha,sequence_recurrence,sru,sequenceRecurrenceSru,SequenceRequest,standard,architecture-agnostic,differentiable-or-implicit,sequence;scan,mamba;rwkv;xlstm
alpha.sequence_recurrence.state-compress,alpha,sequence_recurrence,stateCompress,sequenceRecurrenceStateCompress,SequenceRequest,standard,architecture-agnostic,differentiable-or-implicit,sequence;scan,mamba;rwkv;xlstm
alpha.sequence_recurrence.state-expand,alpha,sequence_recurrence,stateExpand,sequenceRecurrenceStateExpand,SequenceRequest,standard,architecture-agnostic,differentiable-or-implicit,sequence;scan,mamba;rwkv;xlstm
alpha.sequence_recurrence.state-reset,alpha,sequence_recurrence,stateReset,sequenceRecurrenceStateReset,SequenceRequest,standard,architecture-agnostic,differentiable-or-implicit,sequence;scan,mamba;rwkv;xlstm
alpha.sequence_recurrence.state-restore,alpha,sequence_recurrence,stateRestore,sequenceRecurrenceStateRestore,SequenceRequest,standard,architecture-agnostic,differentiable-or-implicit,sequence;scan,mamba;rwkv;xlstm
alpha.sequence_recurrence.state-snapshot,alpha,sequence_recurrence,stateSnapshot,sequenceRecurrenceStateSnapshot,SequenceRequest,standard,architecture-agnostic,differentiable-or-implicit,sequence;scan,mamba;rwkv;xlstm
alpha.sequence_recurrence.structured-ssm,alpha,sequence_recurrence,structuredSsm,sequenceRecurrenceStructuredSsm,SequenceRequest,standard,architecture-agnostic,differentiable-or-implicit,sequence;scan,mamba;rwkv;xlstm
alpha.sequence_recurrence.unitary-rnn,alpha,sequence_recurrence,unitaryRnn,sequenceRecurrenceUnitaryRnn,SequenceRequest,standard,architecture-agnostic,differentiable-or-implicit,sequence;scan,mamba;rwkv;xlstm
alpha.sequence_recurrence.x-lstm-block,alpha,sequence_recurrence,xLstmBlock,sequenceRecurrenceXLstmBlock,SequenceRequest,standard,architecture-agnostic,differentiable-or-implicit,sequence;scan,mamba;rwkv;xlstm
alpha.shape_layout.alias,alpha,shape_layout,alias,shapeLayoutAlias,TransformOpRequest,standard,architecture-agnostic,usually-differentiable,layout;view,stablehlo;mlir-vector;cutlass
alpha.shape_layout.as-strided,alpha,shape_layout,asStrided,shapeLayoutAsStrided,TransformOpRequest,standard,architecture-agnostic,usually-differentiable,layout;view,stablehlo;mlir-vector;cutlass
alpha.shape_layout.bitcast,alpha,shape_layout,bitcast,shapeLayoutBitcast,TransformOpRequest,standard,architecture-agnostic,usually-differentiable,layout;view,stablehlo;mlir-vector;cutlass
alpha.shape_layout.block,alpha,shape_layout,block,shapeLayoutBlock,TransformOpRequest,standard,architecture-agnostic,usually-differentiable,layout;view,stablehlo;mlir-vector;cutlass
alpha.shape_layout.broadcast-in-dim,alpha,shape_layout,broadcastInDim,shapeLayoutBroadcastInDim,TransformOpRequest,standard,architecture-agnostic,usually-differentiable,layout;view,stablehlo;mlir-vector;cutlass
alpha.shape_layout.broadcast-to,alpha,shape_layout,broadcastTo,shapeLayoutBroadcastTo,TransformOpRequest,standard,architecture-agnostic,usually-differentiable,layout;view,stablehlo;mlir-vector;cutlass
alpha.shape_layout.clone,alpha,shape_layout,clone,shapeLayoutClone,TransformOpRequest,standard,architecture-agnostic,usually-differentiable,layout;view,stablehlo;mlir-vector;cutlass
alpha.shape_layout.contiguous,alpha,shape_layout,contiguous,shapeLayoutContiguous,TransformOpRequest,standard,architecture-agnostic,usually-differentiable,layout;view,stablehlo;mlir-vector;cutlass
alpha.shape_layout.copy,alpha,shape_layout,copy,shapeLayoutCopy,TransformOpRequest,standard,architecture-agnostic,usually-differentiable,layout;view,stablehlo;mlir-vector;cutlass
alpha.shape_layout.crop,alpha,shape_layout,crop,shapeLayoutCrop,TransformOpRequest,standard,architecture-agnostic,usually-differentiable,layout;view,stablehlo;mlir-vector;cutlass
alpha.shape_layout.deinterleave,alpha,shape_layout,deinterleave,shapeLayoutDeinterleave,TransformOpRequest,standard,architecture-agnostic,usually-differentiable,layout;view,stablehlo;mlir-vector;cutlass
alpha.shape_layout.detach,alpha,shape_layout,detach,shapeLayoutDetach,TransformOpRequest,standard,architecture-agnostic,usually-differentiable,layout;view,stablehlo;mlir-vector;cutlass
alpha.shape_layout.devectorize,alpha,shape_layout,devectorize,shapeLayoutDevectorize,TransformOpRequest,standard,architecture-agnostic,usually-differentiable,layout;view,stablehlo;mlir-vector;cutlass
alpha.shape_layout.expand-dims,alpha,shape_layout,expandDims,shapeLayoutExpandDims,TransformOpRequest,standard,architecture-agnostic,usually-differentiable,layout;view,stablehlo;mlir-vector;cutlass
alpha.shape_layout.flatten,alpha,shape_layout,flatten,shapeLayoutFlatten,TransformOpRequest,standard,architecture-agnostic,usually-differentiable,layout;view,stablehlo;mlir-vector;cutlass
alpha.shape_layout.flip,alpha,shape_layout,flip,shapeLayoutFlip,TransformOpRequest,standard,architecture-agnostic,usually-differentiable,layout;view,stablehlo;mlir-vector;cutlass
alpha.shape_layout.interleave,alpha,shape_layout,interleave,shapeLayoutInterleave,TransformOpRequest,standard,architecture-agnostic,usually-differentiable,layout;view,stablehlo;mlir-vector;cutlass
alpha.shape_layout.layout-cast,alpha,shape_layout,layoutCast,shapeLayoutLayoutCast,TransformOpRequest,standard,architecture-agnostic,usually-differentiable,layout;view,stablehlo;mlir-vector;cutlass
alpha.shape_layout.materialize,alpha,shape_layout,materialize,shapeLayoutMaterialize,TransformOpRequest,standard,architecture-agnostic,usually-differentiable,layout;view,stablehlo;mlir-vector;cutlass
alpha.shape_layout.memory-format-cast,alpha,shape_layout,memoryFormatCast,shapeLayoutMemoryFormatCast,TransformOpRequest,standard,architecture-agnostic,usually-differentiable,layout;view,stablehlo;mlir-vector;cutlass
alpha.shape_layout.move-axis,alpha,shape_layout,moveAxis,shapeLayoutMoveAxis,TransformOpRequest,standard,architecture-agnostic,usually-differentiable,layout;view,stablehlo;mlir-vector;cutlass
alpha.shape_layout.pack,alpha,shape_layout,pack,shapeLayoutPack,TransformOpRequest,standard,architecture-agnostic,usually-differentiable,layout;view,stablehlo;mlir-vector;cutlass
alpha.shape_layout.pad,alpha,shape_layout,pad,shapeLayoutPad,TransformOpRequest,standard,architecture-agnostic,usually-differentiable,layout;view,stablehlo;mlir-vector;cutlass
alpha.shape_layout.permute,alpha,shape_layout,permute,shapeLayoutPermute,TransformOpRequest,standard,architecture-agnostic,usually-differentiable,layout;view,stablehlo;mlir-vector;cutlass
alpha.shape_layout.reinterpret,alpha,shape_layout,reinterpret,shapeLayoutReinterpret,TransformOpRequest,standard,architecture-agnostic,usually-differentiable,layout;view,stablehlo;mlir-vector;cutlass
alpha.shape_layout.repeat,alpha,shape_layout,repeat,shapeLayoutRepeat,TransformOpRequest,standard,architecture-agnostic,usually-differentiable,layout;view,stablehlo;mlir-vector;cutlass
alpha.shape_layout.repeat-interleave,alpha,shape_layout,repeatInterleave,shapeLayoutRepeatInterleave,TransformOpRequest,standard,architecture-agnostic,usually-differentiable,layout;view,stablehlo;mlir-vector;cutlass
alpha.shape_layout.replicate,alpha,shape_layout,replicate,shapeLayoutReplicate,TransformOpRequest,standard,architecture-agnostic,usually-differentiable,layout;view,stablehlo;mlir-vector;cutlass
alpha.shape_layout.reshape,alpha,shape_layout,reshape,shapeLayoutReshape,TransformOpRequest,standard,architecture-agnostic,usually-differentiable,layout;view,stablehlo;mlir-vector;cutlass
alpha.shape_layout.reshape-like,alpha,shape_layout,reshapeLike,shapeLayoutReshapeLike,TransformOpRequest,standard,architecture-agnostic,usually-differentiable,layout;view,stablehlo;mlir-vector;cutlass
alpha.shape_layout.reverse,alpha,shape_layout,reverse,shapeLayoutReverse,TransformOpRequest,standard,architecture-agnostic,usually-differentiable,layout;view,stablehlo;mlir-vector;cutlass
alpha.shape_layout.roll,alpha,shape_layout,roll,shapeLayoutRoll,TransformOpRequest,standard,architecture-agnostic,usually-differentiable,layout;view,stablehlo;mlir-vector;cutlass
alpha.shape_layout.rotate90,alpha,shape_layout,rotate90,shapeLayoutRotate90,TransformOpRequest,standard,architecture-agnostic,usually-differentiable,layout;view,stablehlo;mlir-vector;cutlass
alpha.shape_layout.shard,alpha,shape_layout,shard,shapeLayoutShard,TransformOpRequest,standard,architecture-agnostic,usually-differentiable,layout;view,stablehlo;mlir-vector;cutlass
alpha.shape_layout.sliding-window-view,alpha,shape_layout,slidingWindowView,shapeLayoutSlidingWindowView,TransformOpRequest,standard,architecture-agnostic,usually-differentiable,layout;view,stablehlo;mlir-vector;cutlass
alpha.shape_layout.squeeze,alpha,shape_layout,squeeze,shapeLayoutSqueeze,TransformOpRequest,standard,architecture-agnostic,usually-differentiable,layout;view,stablehlo;mlir-vector;cutlass
alpha.shape_layout.swap-axes,alpha,shape_layout,swapAxes,shapeLayoutSwapAxes,TransformOpRequest,standard,architecture-agnostic,usually-differentiable,layout;view,stablehlo;mlir-vector;cutlass
alpha.shape_layout.swizzle,alpha,shape_layout,swizzle,shapeLayoutSwizzle,TransformOpRequest,standard,architecture-agnostic,usually-differentiable,layout;view,stablehlo;mlir-vector;cutlass
alpha.shape_layout.tile,alpha,shape_layout,tile,shapeLayoutTile,TransformOpRequest,standard,architecture-agnostic,usually-differentiable,layout;view,stablehlo;mlir-vector;cutlass
alpha.shape_layout.transpose,alpha,shape_layout,transpose,shapeLayoutTranspose,TransformOpRequest,standard,architecture-agnostic,usually-differentiable,layout;view,stablehlo;mlir-vector;cutlass
alpha.shape_layout.unblock,alpha,shape_layout,unblock,shapeLayoutUnblock,TransformOpRequest,standard,architecture-agnostic,usually-differentiable,layout;view,stablehlo;mlir-vector;cutlass
alpha.shape_layout.unflatten,alpha,shape_layout,unflatten,shapeLayoutUnflatten,TransformOpRequest,standard,architecture-agnostic,usually-differentiable,layout;view,stablehlo;mlir-vector;cutlass
alpha.shape_layout.unpack,alpha,shape_layout,unpack,shapeLayoutUnpack,TransformOpRequest,standard,architecture-agnostic,usually-differentiable,layout;view,stablehlo;mlir-vector;cutlass
alpha.shape_layout.unreplicate,alpha,shape_layout,unreplicate,shapeLayoutUnreplicate,TransformOpRequest,standard,architecture-agnostic,usually-differentiable,layout;view,stablehlo;mlir-vector;cutlass
alpha.shape_layout.unshard,alpha,shape_layout,unshard,shapeLayoutUnshard,TransformOpRequest,standard,architecture-agnostic,usually-differentiable,layout;view,stablehlo;mlir-vector;cutlass
alpha.shape_layout.unsqueeze,alpha,shape_layout,unsqueeze,shapeLayoutUnsqueeze,TransformOpRequest,standard,architecture-agnostic,usually-differentiable,layout;view,stablehlo;mlir-vector;cutlass
alpha.shape_layout.unswizzle,alpha,shape_layout,unswizzle,shapeLayoutUnswizzle,TransformOpRequest,standard,architecture-agnostic,usually-differentiable,layout;view,stablehlo;mlir-vector;cutlass
alpha.shape_layout.vectorize,alpha,shape_layout,vectorize,shapeLayoutVectorize,TransformOpRequest,standard,architecture-agnostic,usually-differentiable,layout;view,stablehlo;mlir-vector;cutlass
alpha.shape_layout.view,alpha,shape_layout,view,shapeLayoutView,TransformOpRequest,standard,architecture-agnostic,usually-differentiable,layout;view,stablehlo;mlir-vector;cutlass
alpha.signal_transform.analytic-signal,alpha,signal_transform,analyticSignal,signalTransformAnalyticSignal,TransformOpRequest,standard,architecture-agnostic,differentiable,fft;signal,cufft;cufftdx
alpha.signal_transform.autocorrelation,alpha,signal_transform,autocorrelation,signalTransformAutocorrelation,TransformOpRequest,standard,architecture-agnostic,differentiable,fft;signal,cufft;cufftdx
alpha.signal_transform.cepstrum,alpha,signal_transform,cepstrum,signalTransformCepstrum,TransformOpRequest,standard,architecture-agnostic,differentiable,fft;signal,cufft;cufftdx
alpha.signal_transform.chirp-ztransform,alpha,signal_transform,chirpZTransform,signalTransformChirpZTransform,TransformOpRequest,standard,architecture-agnostic,differentiable,fft;signal,cufft;cufftdx
alpha.signal_transform.continuous-wavelet-transform,alpha,signal_transform,continuousWaveletTransform,signalTransformContinuousWaveletTransform,TransformOpRequest,standard,architecture-agnostic,differentiable,fft;signal,cufft;cufftdx
alpha.signal_transform.cross-correlation,alpha,signal_transform,crossCorrelation,signalTransformCrossCorrelation,TransformOpRequest,standard,architecture-agnostic,differentiable,fft;signal,cufft;cufftdx
alpha.signal_transform.cross-spectrum,alpha,signal_transform,crossSpectrum,signalTransformCrossSpectrum,TransformOpRequest,standard,architecture-agnostic,differentiable,fft;signal,cufft;cufftdx
alpha.signal_transform.dct1,alpha,signal_transform,dct1,signalTransformDct1,TransformOpRequest,standard,architecture-agnostic,differentiable,fft;signal,cufft;cufftdx
alpha.signal_transform.dct2,alpha,signal_transform,dct2,signalTransformDct2,TransformOpRequest,standard,architecture-agnostic,differentiable,fft;signal,cufft;cufftdx
alpha.signal_transform.dct3,alpha,signal_transform,dct3,signalTransformDct3,TransformOpRequest,standard,architecture-agnostic,differentiable,fft;signal,cufft;cufftdx
alpha.signal_transform.dct4,alpha,signal_transform,dct4,signalTransformDct4,TransformOpRequest,standard,architecture-agnostic,differentiable,fft;signal,cufft;cufftdx
alpha.signal_transform.dst1,alpha,signal_transform,dst1,signalTransformDst1,TransformOpRequest,standard,architecture-agnostic,differentiable,fft;signal,cufft;cufftdx
alpha.signal_transform.dst2,alpha,signal_transform,dst2,signalTransformDst2,TransformOpRequest,standard,architecture-agnostic,differentiable,fft;signal,cufft;cufftdx
alpha.signal_transform.dst3,alpha,signal_transform,dst3,signalTransformDst3,TransformOpRequest,standard,architecture-agnostic,differentiable,fft;signal,cufft;cufftdx
alpha.signal_transform.dst4,alpha,signal_transform,dst4,signalTransformDst4,TransformOpRequest,standard,architecture-agnostic,differentiable,fft;signal,cufft;cufftdx
alpha.signal_transform.fft,alpha,signal_transform,fft,signalTransformFft,TransformOpRequest,standard,architecture-agnostic,differentiable,fft;signal,cufft;cufftdx
alpha.signal_transform.fft2,alpha,signal_transform,fft2,signalTransformFft2,TransformOpRequest,standard,architecture-agnostic,differentiable,fft;signal,cufft;cufftdx
alpha.signal_transform.fftn,alpha,signal_transform,fftn,signalTransformFftn,TransformOpRequest,standard,architecture-agnostic,differentiable,fft;signal,cufft;cufftdx
alpha.signal_transform.fractional-delay,alpha,signal_transform,fractionalDelay,signalTransformFractionalDelay,TransformOpRequest,standard,architecture-agnostic,differentiable,fft;signal,cufft;cufftdx
alpha.signal_transform.fractional-fourier-transform,alpha,signal_transform,fractionalFourierTransform,signalTransformFractionalFourierTransform,TransformOpRequest,standard,architecture-agnostic,differentiable,fft;signal,cufft;cufftdx
alpha.signal_transform.hartley-transform,alpha,signal_transform,hartleyTransform,signalTransformHartleyTransform,TransformOpRequest,standard,architecture-agnostic,differentiable,fft;signal,cufft;cufftdx
alpha.signal_transform.hilbert-transform,alpha,signal_transform,hilbertTransform,signalTransformHilbertTransform,TransformOpRequest,standard,architecture-agnostic,differentiable,fft;signal,cufft;cufftdx
alpha.signal_transform.ifft,alpha,signal_transform,ifft,signalTransformIfft,TransformOpRequest,standard,architecture-agnostic,differentiable,fft;signal,cufft;cufftdx
alpha.signal_transform.ifft2,alpha,signal_transform,ifft2,signalTransformIfft2,TransformOpRequest,standard,architecture-agnostic,differentiable,fft;signal,cufft;cufftdx
alpha.signal_transform.ifftn,alpha,signal_transform,ifftn,signalTransformIfftn,TransformOpRequest,standard,architecture-agnostic,differentiable,fft;signal,cufft;cufftdx
alpha.signal_transform.inverse-number-theoretic-transform,alpha,signal_transform,inverseNumberTheoreticTransform,signalTransformInverseNumberTheoreticTransform,TransformOpRequest,standard,architecture-agnostic,differentiable,fft;signal,cufft;cufftdx
alpha.signal_transform.inverse-short-time-fourier-transform,alpha,signal_transform,inverseShortTimeFourierTransform,signalTransformInverseShortTimeFourierTransform,TransformOpRequest,standard,architecture-agnostic,differentiable,fft;signal,cufft;cufftdx
alpha.signal_transform.inverse-wavelet-transform,alpha,signal_transform,inverseWaveletTransform,signalTransformInverseWaveletTransform,TransformOpRequest,standard,architecture-agnostic,differentiable,fft;signal,cufft;cufftdx
alpha.signal_transform.irfft,alpha,signal_transform,irfft,signalTransformIrfft,TransformOpRequest,standard,architecture-agnostic,differentiable,fft;signal,cufft;cufftdx
alpha.signal_transform.mel-filterbank,alpha,signal_transform,melFilterbank,signalTransformMelFilterbank,TransformOpRequest,standard,architecture-agnostic,differentiable,fft;signal,cufft;cufftdx
alpha.signal_transform.number-theoretic-transform,alpha,signal_transform,numberTheoreticTransform,signalTransformNumberTheoreticTransform,TransformOpRequest,standard,architecture-agnostic,differentiable,fft;signal,cufft;cufftdx
alpha.signal_transform.overlap-add,alpha,signal_transform,overlapAdd,signalTransformOverlapAdd,TransformOpRequest,standard,architecture-agnostic,differentiable,fft;signal,cufft;cufftdx
alpha.signal_transform.overlap-save,alpha,signal_transform,overlapSave,signalTransformOverlapSave,TransformOpRequest,standard,architecture-agnostic,differentiable,fft;signal,cufft;cufftdx
alpha.signal_transform.polyphase-filterbank,alpha,signal_transform,polyphaseFilterbank,signalTransformPolyphaseFilterbank,TransformOpRequest,standard,architecture-agnostic,differentiable,fft;signal,cufft;cufftdx
alpha.signal_transform.power-spectrum,alpha,signal_transform,powerSpectrum,signalTransformPowerSpectrum,TransformOpRequest,standard,architecture-agnostic,differentiable,fft;signal,cufft;cufftdx
alpha.signal_transform.resample,alpha,signal_transform,resample,signalTransformResample,TransformOpRequest,standard,architecture-agnostic,differentiable,fft;signal,cufft;cufftdx
alpha.signal_transform.rfft,alpha,signal_transform,rfft,signalTransformRfft,TransformOpRequest,standard,architecture-agnostic,differentiable,fft;signal,cufft;cufftdx
alpha.signal_transform.short-time-fourier-transform,alpha,signal_transform,shortTimeFourierTransform,signalTransformShortTimeFourierTransform,TransformOpRequest,standard,architecture-agnostic,differentiable,fft;signal,cufft;cufftdx
alpha.signal_transform.wavelet-transform,alpha,signal_transform,waveletTransform,signalTransformWaveletTransform,TransformOpRequest,standard,architecture-agnostic,differentiable,fft;signal,cufft;cufftdx
alpha.solver_factorization.arnoldi,alpha,solver_factorization,arnoldi,solverFactorizationArnoldi,SolverOpRequest,standard,architecture-agnostic,custom-or-implicit,,cusolver
alpha.solver_factorization.bicgstab,alpha,solver_factorization,bicgstab,solverFactorizationBicgstab,SolverOpRequest,standard,architecture-agnostic,custom-or-implicit,,cusolver
alpha.solver_factorization.bidiagonalize,alpha,solver_factorization,bidiagonalize,solverFactorizationBidiagonalize,SolverOpRequest,standard,architecture-agnostic,custom-or-implicit,,cusolver
alpha.solver_factorization.bunch-kaufman,alpha,solver_factorization,bunchKaufman,solverFactorizationBunchKaufman,SolverOpRequest,standard,architecture-agnostic,custom-or-implicit,,cusolver
alpha.solver_factorization.cholesky,alpha,solver_factorization,cholesky,solverFactorizationCholesky,SolverOpRequest,standard,architecture-agnostic,custom-or-implicit,,cusolver
alpha.solver_factorization.conjugate-gradient,alpha,solver_factorization,conjugateGradient,solverFactorizationConjugateGradient,SolverOpRequest,standard,architecture-agnostic,custom-or-implicit,,cusolver
alpha.solver_factorization.eig,alpha,solver_factorization,eig,solverFactorizationEig,SolverOpRequest,standard,architecture-agnostic,custom-or-implicit,,cusolver
alpha.solver_factorization.eigh,alpha,solver_factorization,eigh,solverFactorizationEigh,SolverOpRequest,standard,architecture-agnostic,custom-or-implicit,,cusolver
alpha.solver_factorization.gauss-seidel,alpha,solver_factorization,gaussSeidel,solverFactorizationGaussSeidel,SolverOpRequest,standard,architecture-agnostic,custom-or-implicit,,cusolver
alpha.solver_factorization.generalized-eig,alpha,solver_factorization,generalizedEig,solverFactorizationGeneralizedEig,SolverOpRequest,standard,architecture-agnostic,custom-or-implicit,,cusolver
alpha.solver_factorization.generalized-schur,alpha,solver_factorization,generalizedSchur,solverFactorizationGeneralizedSchur,SolverOpRequest,standard,architecture-agnostic,custom-or-implicit,,cusolver
alpha.solver_factorization.gmres,alpha,solver_factorization,gmres,solverFactorizationGmres,SolverOpRequest,standard,architecture-agnostic,custom-or-implicit,,cusolver
alpha.solver_factorization.hessenberg,alpha,solver_factorization,hessenberg,solverFactorizationHessenberg,SolverOpRequest,standard,architecture-agnostic,custom-or-implicit,,cusolver
alpha.solver_factorization.inverse-iteration,alpha,solver_factorization,inverseIteration,solverFactorizationInverseIteration,SolverOpRequest,standard,architecture-agnostic,custom-or-implicit,,cusolver
alpha.solver_factorization.jacobi-iteration,alpha,solver_factorization,jacobiIteration,solverFactorizationJacobiIteration,SolverOpRequest,standard,architecture-agnostic,custom-or-implicit,,cusolver
alpha.solver_factorization.jacobi-svd,alpha,solver_factorization,jacobiSvd,solverFactorizationJacobiSvd,SolverOpRequest,standard,architecture-agnostic,custom-or-implicit,,cusolver
alpha.solver_factorization.lanczos,alpha,solver_factorization,lanczos,solverFactorizationLanczos,SolverOpRequest,standard,architecture-agnostic,custom-or-implicit,,cusolver
alpha.solver_factorization.ldl,alpha,solver_factorization,ldl,solverFactorizationLdl,SolverOpRequest,standard,architecture-agnostic,custom-or-implicit,,cusolver
alpha.solver_factorization.least-squares,alpha,solver_factorization,leastSquares,solverFactorizationLeastSquares,SolverOpRequest,standard,architecture-agnostic,custom-or-implicit,,cusolver
alpha.solver_factorization.lobpcg,alpha,solver_factorization,lobpcg,solverFactorizationLobpcg,SolverOpRequest,standard,architecture-agnostic,custom-or-implicit,,cusolver
alpha.solver_factorization.lq,alpha,solver_factorization,lq,solverFactorizationLq,SolverOpRequest,standard,architecture-agnostic,custom-or-implicit,,cusolver
alpha.solver_factorization.lsmr,alpha,solver_factorization,lsmr,solverFactorizationLsmr,SolverOpRequest,standard,architecture-agnostic,custom-or-implicit,,cusolver
alpha.solver_factorization.lsqr,alpha,solver_factorization,lsqr,solverFactorizationLsqr,SolverOpRequest,standard,architecture-agnostic,custom-or-implicit,,cusolver
alpha.solver_factorization.lu,alpha,solver_factorization,lu,solverFactorizationLu,SolverOpRequest,standard,architecture-agnostic,custom-or-implicit,,cusolver
alpha.solver_factorization.lu-complete-pivot,alpha,solver_factorization,luCompletePivot,solverFactorizationLuCompletePivot,SolverOpRequest,standard,architecture-agnostic,custom-or-implicit,,cusolver
alpha.solver_factorization.lu-partial-pivot,alpha,solver_factorization,luPartialPivot,solverFactorizationLuPartialPivot,SolverOpRequest,standard,architecture-agnostic,custom-or-implicit,,cusolver
alpha.solver_factorization.lyapunov-solve,alpha,solver_factorization,lyapunovSolve,solverFactorizationLyapunovSolve,SolverOpRequest,standard,architecture-agnostic,custom-or-implicit,,cusolver
alpha.solver_factorization.matrix-determinant,alpha,solver_factorization,matrixDeterminant,solverFactorizationMatrixDeterminant,SolverOpRequest,standard,architecture-agnostic,custom-or-implicit,,cusolver
alpha.solver_factorization.matrix-exponential,alpha,solver_factorization,matrixExponential,solverFactorizationMatrixExponential,SolverOpRequest,standard,architecture-agnostic,custom-or-implicit,,cusolver
alpha.solver_factorization.matrix-inverse,alpha,solver_factorization,matrixInverse,solverFactorizationMatrixInverse,SolverOpRequest,standard,architecture-agnostic,custom-or-implicit,,cusolver
alpha.solver_factorization.matrix-logarithm,alpha,solver_factorization,matrixLogarithm,solverFactorizationMatrixLogarithm,SolverOpRequest,standard,architecture-agnostic,custom-or-implicit,,cusolver
alpha.solver_factorization.matrix-power,alpha,solver_factorization,matrixPower,solverFactorizationMatrixPower,SolverOpRequest,standard,architecture-agnostic,custom-or-implicit,,cusolver
alpha.solver_factorization.matrix-pseudo-inverse,alpha,solver_factorization,matrixPseudoInverse,solverFactorizationMatrixPseudoInverse,SolverOpRequest,standard,architecture-agnostic,custom-or-implicit,,cusolver
alpha.solver_factorization.matrix-square-root,alpha,solver_factorization,matrixSquareRoot,solverFactorizationMatrixSquareRoot,SolverOpRequest,standard,architecture-agnostic,custom-or-implicit,,cusolver
alpha.solver_factorization.minres,alpha,solver_factorization,minres,solverFactorizationMinres,SolverOpRequest,standard,architecture-agnostic,custom-or-implicit,,cusolver
alpha.solver_factorization.multigrid-vcycle,alpha,solver_factorization,multigridVCycle,solverFactorizationMultigridVCycle,SolverOpRequest,standard,architecture-agnostic,custom-or-implicit,,cusolver
alpha.solver_factorization.pivoted-cholesky,alpha,solver_factorization,pivotedCholesky,solverFactorizationPivotedCholesky,SolverOpRequest,standard,architecture-agnostic,custom-or-implicit,,cusolver
alpha.solver_factorization.pivoted-qr,alpha,solver_factorization,pivotedQr,solverFactorizationPivotedQr,SolverOpRequest,standard,architecture-agnostic,custom-or-implicit,,cusolver
alpha.solver_factorization.polar-decomposition,alpha,solver_factorization,polarDecomposition,solverFactorizationPolarDecomposition,SolverOpRequest,research,architecture-agnostic,custom-or-implicit,,cusolver
alpha.solver_factorization.power-iteration,alpha,solver_factorization,powerIteration,solverFactorizationPowerIteration,SolverOpRequest,standard,architecture-agnostic,custom-or-implicit,,cusolver
alpha.solver_factorization.preconditioned-conjugate-gradient,alpha,solver_factorization,preconditionedConjugateGradient,solverFactorizationPreconditionedConjugateGradient,SolverOpRequest,standard,architecture-agnostic,custom-or-implicit,,cusolver
alpha.solver_factorization.ql,alpha,solver_factorization,ql,solverFactorizationQl,SolverOpRequest,standard,architecture-agnostic,custom-or-implicit,,cusolver
alpha.solver_factorization.qr,alpha,solver_factorization,qr,solverFactorizationQr,SolverOpRequest,standard,architecture-agnostic,custom-or-implicit,,cusolver
alpha.solver_factorization.randomized-svd,alpha,solver_factorization,randomizedSvd,solverFactorizationRandomizedSvd,SolverOpRequest,standard,architecture-agnostic,custom-or-implicit,,cusolver
alpha.solver_factorization.riccati-solve,alpha,solver_factorization,riccatiSolve,solverFactorizationRiccatiSolve,SolverOpRequest,standard,architecture-agnostic,custom-or-implicit,,cusolver
alpha.solver_factorization.rq,alpha,solver_factorization,rq,solverFactorizationRq,SolverOpRequest,standard,architecture-agnostic,custom-or-implicit,,cusolver
alpha.solver_factorization.schur,alpha,solver_factorization,schur,solverFactorizationSchur,SolverOpRequest,standard,architecture-agnostic,custom-or-implicit,,cusolver
alpha.solver_factorization.slogdet,alpha,solver_factorization,slogdet,solverFactorizationSlogdet,SolverOpRequest,standard,architecture-agnostic,custom-or-implicit,,cusolver
alpha.solver_factorization.solve,alpha,solver_factorization,solve,solverFactorizationSolve,SolverOpRequest,standard,architecture-agnostic,custom-or-implicit,,cusolver
alpha.solver_factorization.successive-over-relaxation,alpha,solver_factorization,successiveOverRelaxation,solverFactorizationSuccessiveOverRelaxation,SolverOpRequest,standard,architecture-agnostic,custom-or-implicit,,cusolver
alpha.solver_factorization.svd,alpha,solver_factorization,svd,solverFactorizationSvd,SolverOpRequest,standard,architecture-agnostic,custom-or-implicit,,cusolver
alpha.solver_factorization.sylvester-solve,alpha,solver_factorization,sylvesterSolve,solverFactorizationSylvesterSolve,SolverOpRequest,standard,architecture-agnostic,custom-or-implicit,,cusolver
alpha.solver_factorization.triangular-solve,alpha,solver_factorization,triangularSolve,solverFactorizationTriangularSolve,SolverOpRequest,standard,architecture-agnostic,custom-or-implicit,,cusolver
alpha.solver_factorization.tridiagonalize,alpha,solver_factorization,tridiagonalize,solverFactorizationTridiagonalize,SolverOpRequest,standard,architecture-agnostic,custom-or-implicit,,cusolver
alpha.sparse_compute.block-sparse-matmul,alpha,sparse_compute,blockSparseMatmul,sparseComputeBlockSparseMatmul,SparseOpRequest,standard,architecture-agnostic,custom-adjoint,,cusparse;graphblas
alpha.sparse_compute.frontier-expand,alpha,sparse_compute,frontierExpand,sparseComputeFrontierExpand,SparseOpRequest,standard,architecture-agnostic,custom-adjoint,,cusparse;graphblas
alpha.sparse_compute.graph-attention,alpha,sparse_compute,graphAttention,sparseComputeGraphAttention,SparseOpRequest,standard,architecture-agnostic,custom-adjoint,,cusparse;graphblas
alpha.sparse_compute.graph-message-pass,alpha,sparse_compute,graphMessagePass,sparseComputeGraphMessagePass,SparseOpRequest,standard,architecture-agnostic,custom-adjoint,,cusparse;graphblas
alpha.sparse_compute.masked-spmm,alpha,sparse_compute,maskedSpmm,sparseComputeMaskedSpmm,SparseOpRequest,standard,architecture-agnostic,custom-adjoint,,cusparse;graphblas
alpha.sparse_compute.nm-sparse-matmul,alpha,sparse_compute,nmSparseMatmul,sparseComputeNmSparseMatmul,SparseOpRequest,standard,architecture-agnostic,custom-adjoint,,cusparse;graphblas
alpha.sparse_compute.sampled-dense-dense,alpha,sparse_compute,sampledDenseDense,sparseComputeSampledDenseDense,SparseOpRequest,standard,architecture-agnostic,custom-adjoint,,cusparse;graphblas
alpha.sparse_compute.sddmm,alpha,sparse_compute,sddmm,sparseComputeSddmm,SparseOpRequest,standard,architecture-agnostic,custom-adjoint,,cusparse;graphblas
alpha.sparse_compute.segment-spmm,alpha,sparse_compute,segmentSpmm,sparseComputeSegmentSpmm,SparseOpRequest,standard,architecture-agnostic,custom-adjoint,,cusparse;graphblas
alpha.sparse_compute.sparse-attention,alpha,sparse_compute,sparseAttention,sparseComputeSparseAttention,SparseOpRequest,standard,architecture-agnostic,custom-adjoint,,cusparse;graphblas
alpha.sparse_compute.sparse-axpby,alpha,sparse_compute,sparseAxpby,sparseComputeSparseAxpby,SparseOpRequest,standard,architecture-agnostic,custom-adjoint,,cusparse;graphblas
alpha.sparse_compute.sparse-boolean-matmul,alpha,sparse_compute,sparseBooleanMatmul,sparseComputeSparseBooleanMatmul,SparseOpRequest,standard,architecture-agnostic,custom-adjoint,,cusparse;graphblas
alpha.sparse_compute.sparse-cholesky,alpha,sparse_compute,sparseCholesky,sparseComputeSparseCholesky,SparseOpRequest,standard,architecture-agnostic,custom-adjoint,,cusparse;graphblas
alpha.sparse_compute.sparse-gather,alpha,sparse_compute,sparseGather,sparseComputeSparseGather,SparseOpRequest,standard,architecture-agnostic,custom-adjoint,,cusparse;graphblas
alpha.sparse_compute.sparse-least-squares,alpha,sparse_compute,sparseLeastSquares,sparseComputeSparseLeastSquares,SparseOpRequest,standard,architecture-agnostic,custom-adjoint,,cusparse;graphblas
alpha.sparse_compute.sparse-min-plus-matmul,alpha,sparse_compute,sparseMinPlusMatmul,sparseComputeSparseMinPlusMatmul,SparseOpRequest,standard,architecture-agnostic,custom-adjoint,,cusparse;graphblas
alpha.sparse_compute.sparse-qr,alpha,sparse_compute,sparseQr,sparseComputeSparseQr,SparseOpRequest,standard,architecture-agnostic,custom-adjoint,,cusparse;graphblas
alpha.sparse_compute.sparse-reduce,alpha,sparse_compute,sparseReduce,sparseComputeSparseReduce,SparseOpRequest,standard,architecture-agnostic,custom-adjoint,,cusparse;graphblas
alpha.sparse_compute.sparse-refactor,alpha,sparse_compute,sparseRefactor,sparseComputeSparseRefactor,SparseOpRequest,standard,architecture-agnostic,custom-adjoint,,cusparse;graphblas
alpha.sparse_compute.sparse-rotate,alpha,sparse_compute,sparseRotate,sparseComputeSparseRotate,SparseOpRequest,standard,architecture-agnostic,custom-adjoint,,cusparse;graphblas
alpha.sparse_compute.sparse-scatter,alpha,sparse_compute,sparseScatter,sparseComputeSparseScatter,SparseOpRequest,standard,architecture-agnostic,custom-adjoint,,cusparse;graphblas
alpha.sparse_compute.sparse-semiring-matmul,alpha,sparse_compute,sparseSemiringMatmul,sparseComputeSparseSemiringMatmul,SparseOpRequest,standard,architecture-agnostic,custom-adjoint,,cusparse;graphblas
alpha.sparse_compute.sparse-softmax,alpha,sparse_compute,sparseSoftmax,sparseComputeSparseSoftmax,SparseOpRequest,standard,architecture-agnostic;future-or-emulated,custom-adjoint,,cusparse;graphblas
alpha.sparse_compute.sparse-triangular-solve,alpha,sparse_compute,sparseTriangularSolve,sparseComputeSparseTriangularSolve,SparseOpRequest,standard,architecture-agnostic,custom-adjoint,,cusparse;graphblas
alpha.sparse_compute.spgemm,alpha,sparse_compute,spgemm,sparseComputeSpgemm,SparseOpRequest,standard,architecture-agnostic,custom-adjoint,,cusparse;graphblas
alpha.sparse_compute.spmm,alpha,sparse_compute,spmm,sparseComputeSpmm,SparseOpRequest,standard,architecture-agnostic,custom-adjoint,,cusparse;graphblas
alpha.sparse_compute.spmv,alpha,sparse_compute,spmv,sparseComputeSpmv,SparseOpRequest,standard,architecture-agnostic,custom-adjoint,,cusparse;graphblas
alpha.sparse_compute.spsm,alpha,sparse_compute,spsm,sparseComputeSpsm,SparseOpRequest,standard,architecture-agnostic,custom-adjoint,,cusparse;graphblas
alpha.sparse_compute.spsv,alpha,sparse_compute,spsv,sparseComputeSpsv,SparseOpRequest,standard,architecture-agnostic,custom-adjoint,,cusparse;graphblas
alpha.sparse_compute.spvv,alpha,sparse_compute,spvv,sparseComputeSpvv,SparseOpRequest,standard,architecture-agnostic,custom-adjoint,,cusparse;graphblas
alpha.sparse_format.bsr-to-csr,alpha,sparse_format,bsrToCsr,sparseFormatBsrToCsr,SparseOpRequest,standard,architecture-agnostic,not-applicable,,cusparse;mlir-sparse
alpha.sparse_format.coo-to-csc,alpha,sparse_format,cooToCsc,sparseFormatCooToCsc,SparseOpRequest,standard,architecture-agnostic,not-applicable,,cusparse;mlir-sparse
alpha.sparse_format.coo-to-csr,alpha,sparse_format,cooToCsr,sparseFormatCooToCsr,SparseOpRequest,standard,architecture-agnostic,not-applicable,,cusparse;mlir-sparse
alpha.sparse_format.csr-to-bsr,alpha,sparse_format,csrToBsr,sparseFormatCsrToBsr,SparseOpRequest,standard,architecture-agnostic,not-applicable,,cusparse;mlir-sparse
alpha.sparse_format.csr-to-coo,alpha,sparse_format,csrToCoo,sparseFormatCsrToCoo,SparseOpRequest,standard,architecture-agnostic,not-applicable,,cusparse;mlir-sparse
alpha.sparse_format.csr-to-csc,alpha,sparse_format,csrToCsc,sparseFormatCsrToCsc,SparseOpRequest,standard,architecture-agnostic,not-applicable,,cusparse;mlir-sparse
alpha.sparse_format.dense-to-bsc,alpha,sparse_format,denseToBsc,sparseFormatDenseToBsc,SparseOpRequest,standard,architecture-agnostic,not-applicable,,cusparse;mlir-sparse
alpha.sparse_format.dense-to-bsr,alpha,sparse_format,denseToBsr,sparseFormatDenseToBsr,SparseOpRequest,standard,architecture-agnostic,not-applicable,,cusparse;mlir-sparse
alpha.sparse_format.dense-to-coo,alpha,sparse_format,denseToCoo,sparseFormatDenseToCoo,SparseOpRequest,standard,architecture-agnostic,not-applicable,,cusparse;mlir-sparse
alpha.sparse_format.dense-to-csc,alpha,sparse_format,denseToCsc,sparseFormatDenseToCsc,SparseOpRequest,standard,architecture-agnostic,not-applicable,,cusparse;mlir-sparse
alpha.sparse_format.dense-to-csr,alpha,sparse_format,denseToCsr,sparseFormatDenseToCsr,SparseOpRequest,standard,architecture-agnostic,not-applicable,,cusparse;mlir-sparse
alpha.sparse_format.dense-to-dia,alpha,sparse_format,denseToDia,sparseFormatDenseToDia,SparseOpRequest,standard,architecture-agnostic,not-applicable,,cusparse;mlir-sparse
alpha.sparse_format.dense-to-ell,alpha,sparse_format,denseToEll,sparseFormatDenseToEll,SparseOpRequest,standard,architecture-agnostic,not-applicable,,cusparse;mlir-sparse
alpha.sparse_format.dense-to-sell,alpha,sparse_format,denseToSell,sparseFormatDenseToSell,SparseOpRequest,standard,architecture-agnostic,not-applicable,,cusparse;mlir-sparse
alpha.sparse_format.sparse-canonicalize,alpha,sparse_format,sparseCanonicalize,sparseFormatSparseCanonicalize,SparseOpRequest,standard,architecture-agnostic,not-applicable,,cusparse;mlir-sparse
alpha.sparse_format.sparse-coalesce,alpha,sparse_format,sparseCoalesce,sparseFormatSparseCoalesce,SparseOpRequest,standard,architecture-agnostic,not-applicable,,cusparse;mlir-sparse
alpha.sparse_format.sparse-compress2of4,alpha,sparse_format,sparseCompress2of4,sparseFormatSparseCompress2of4,SparseOpRequest,standard,architecture-agnostic,not-applicable,,cusparse;mlir-sparse
alpha.sparse_format.sparse-count-nnz,alpha,sparse_format,sparseCountNnz,sparseFormatSparseCountNnz,SparseOpRequest,standard,architecture-agnostic,not-applicable,,cusparse;mlir-sparse
alpha.sparse_format.sparse-decompress2of4,alpha,sparse_format,sparseDecompress2of4,sparseFormatSparseDecompress2of4,SparseOpRequest,standard,architecture-agnostic,not-applicable,,cusparse;mlir-sparse
alpha.sparse_format.sparse-permute,alpha,sparse_format,sparsePermute,sparseFormatSparsePermute,SparseOpRequest,standard,architecture-agnostic,not-applicable,,cusparse;mlir-sparse
alpha.sparse_format.sparse-prune-block,alpha,sparse_format,sparsePruneBlock,sparseFormatSparsePruneBlock,SparseOpRequest,standard,architecture-agnostic,not-applicable,,cusparse;mlir-sparse
alpha.sparse_format.sparse-prune-nm,alpha,sparse_format,sparsePruneNm,sparseFormatSparsePruneNm,SparseOpRequest,standard,architecture-agnostic,not-applicable,,cusparse;mlir-sparse
alpha.sparse_format.sparse-prune-threshold,alpha,sparse_format,sparsePruneThreshold,sparseFormatSparsePruneThreshold,SparseOpRequest,standard,architecture-agnostic,not-applicable,,cusparse;mlir-sparse
alpha.sparse_format.sparse-prune-top-k,alpha,sparse_format,sparsePruneTopK,sparseFormatSparsePruneTopK,SparseOpRequest,standard,architecture-agnostic,not-applicable,,cusparse;mlir-sparse
alpha.sparse_format.sparse-reorder,alpha,sparse_format,sparseReorder,sparseFormatSparseReorder,SparseOpRequest,standard,architecture-agnostic,not-applicable,,cusparse;mlir-sparse
alpha.sparse_format.sparse-sort-indices,alpha,sparse_format,sparseSortIndices,sparseFormatSparseSortIndices,SparseOpRequest,standard,architecture-agnostic,not-applicable,,cusparse;mlir-sparse
alpha.sparse_format.sparse-transpose,alpha,sparse_format,sparseTranspose,sparseFormatSparseTranspose,SparseOpRequest,standard,architecture-agnostic,not-applicable,,cusparse;mlir-sparse
alpha.sparse_format.sparse-validate,alpha,sparse_format,sparseValidate,sparseFormatSparseValidate,SparseOpRequest,standard,architecture-agnostic,not-applicable,,cusparse;mlir-sparse
alpha.structured_linear.banded-multiply,alpha,structured_linear,bandedMultiply,structuredLinearBandedMultiply,MatmulRequest,standard,architecture-agnostic,differentiable,,cusolver;mlir-vector
alpha.structured_linear.block-circulant-multiply,alpha,structured_linear,blockCirculantMultiply,structuredLinearBlockCirculantMultiply,MatmulRequest,standard,architecture-agnostic,differentiable,,cusolver;mlir-vector
alpha.structured_linear.block-diagonal-multiply,alpha,structured_linear,blockDiagonalMultiply,structuredLinearBlockDiagonalMultiply,MatmulRequest,standard,architecture-agnostic,differentiable,,cusolver;mlir-vector
alpha.structured_linear.butterfly-transform,alpha,structured_linear,butterflyTransform,structuredLinearButterflyTransform,MatmulRequest,standard,architecture-agnostic,differentiable,,cusolver;mlir-vector
alpha.structured_linear.cauchy-multiply,alpha,structured_linear,cauchyMultiply,structuredLinearCauchyMultiply,MatmulRequest,standard,architecture-agnostic,differentiable,,cusolver;mlir-vector
alpha.structured_linear.cayley-transform,alpha,structured_linear,cayleyTransform,structuredLinearCayleyTransform,MatmulRequest,standard,architecture-agnostic,differentiable,,cusolver;mlir-vector
alpha.structured_linear.circulant-multiply,alpha,structured_linear,circulantMultiply,structuredLinearCirculantMultiply,MatmulRequest,standard,architecture-agnostic,differentiable,,cusolver;mlir-vector
alpha.structured_linear.companion-multiply,alpha,structured_linear,companionMultiply,structuredLinearCompanionMultiply,MatmulRequest,standard,architecture-agnostic,differentiable,,cusolver;mlir-vector
alpha.structured_linear.diagonal-multiply,alpha,structured_linear,diagonalMultiply,structuredLinearDiagonalMultiply,MatmulRequest,standard,architecture-agnostic,differentiable,,cusolver;mlir-vector
alpha.structured_linear.fastfood-transform,alpha,structured_linear,fastfoodTransform,structuredLinearFastfoodTransform,MatmulRequest,standard,architecture-agnostic,differentiable,,cusolver;mlir-vector
alpha.structured_linear.givens-sequence,alpha,structured_linear,givensSequence,structuredLinearGivensSequence,MatmulRequest,standard,architecture-agnostic,differentiable,,cusolver;mlir-vector
alpha.structured_linear.givens-transform,alpha,structured_linear,givensTransform,structuredLinearGivensTransform,MatmulRequest,standard,architecture-agnostic,differentiable,,cusolver;mlir-vector
alpha.structured_linear.haar-transform,alpha,structured_linear,haarTransform,structuredLinearHaarTransform,MatmulRequest,standard,architecture-agnostic,differentiable,,cusolver;mlir-vector
alpha.structured_linear.hadamard-transform,alpha,structured_linear,hadamardTransform,structuredLinearHadamardTransform,MatmulRequest,standard,architecture-agnostic,differentiable,,cusolver;mlir-vector
alpha.structured_linear.hankel-multiply,alpha,structured_linear,hankelMultiply,structuredLinearHankelMultiply,MatmulRequest,standard,architecture-agnostic,differentiable,,cusolver;mlir-vector
alpha.structured_linear.householder-product,alpha,structured_linear,householderProduct,structuredLinearHouseholderProduct,MatmulRequest,standard,architecture-agnostic,differentiable,,cusolver;mlir-vector
alpha.structured_linear.householder-transform,alpha,structured_linear,householderTransform,structuredLinearHouseholderTransform,MatmulRequest,standard,architecture-agnostic,differentiable,,cusolver;mlir-vector
alpha.structured_linear.lifting-wavelet-transform,alpha,structured_linear,liftingWaveletTransform,structuredLinearLiftingWaveletTransform,MatmulRequest,standard,architecture-agnostic,differentiable,,cusolver;mlir-vector
alpha.structured_linear.low-rank-update,alpha,structured_linear,lowRankUpdate,structuredLinearLowRankUpdate,MatmulRequest,standard,architecture-agnostic,differentiable,,cusolver;mlir-vector
alpha.structured_linear.matrix-sign,alpha,structured_linear,matrixSign,structuredLinearMatrixSign,MatmulRequest,standard,architecture-agnostic,differentiable,,cusolver;mlir-vector
alpha.structured_linear.orthogonal-rotation,alpha,structured_linear,orthogonalRotation,structuredLinearOrthogonalRotation,MatmulRequest,standard,architecture-agnostic,differentiable,,cusolver;mlir-vector
alpha.structured_linear.polar-factor,alpha,structured_linear,polarFactor,structuredLinearPolarFactor,MatmulRequest,research,architecture-agnostic,differentiable,,cusolver;mlir-vector
alpha.structured_linear.randomized-hadamard-transform,alpha,structured_linear,randomizedHadamardTransform,structuredLinearRandomizedHadamardTransform,MatmulRequest,standard,architecture-agnostic,differentiable,,cusolver;mlir-vector
alpha.structured_linear.sherman-morrison-solve,alpha,structured_linear,shermanMorrisonSolve,structuredLinearShermanMorrisonSolve,MatmulRequest,standard,architecture-agnostic,differentiable,,cusolver;mlir-vector
alpha.structured_linear.toeplitz-multiply,alpha,structured_linear,toeplitzMultiply,structuredLinearToeplitzMultiply,MatmulRequest,standard,architecture-agnostic,differentiable,,cusolver;mlir-vector
alpha.structured_linear.vandermonde-multiply,alpha,structured_linear,vandermondeMultiply,structuredLinearVandermondeMultiply,MatmulRequest,standard,architecture-agnostic,differentiable,,cusolver;mlir-vector
alpha.structured_linear.walsh-hadamard-transform,alpha,structured_linear,walshHadamardTransform,structuredLinearWalshHadamardTransform,MatmulRequest,standard,architecture-agnostic,differentiable,,cusolver;mlir-vector
alpha.structured_linear.woodbury-solve,alpha,structured_linear,woodburySolve,structuredLinearWoodburySolve,MatmulRequest,standard,architecture-agnostic,differentiable,,cusolver;mlir-vector
alpha.tensor_algebra.cp-decomposition,alpha,tensor_algebra,cpDecomposition,tensorAlgebraCpDecomposition,MatmulRequest,standard,architecture-agnostic,differentiable,,cutensor;mlir-linalg
alpha.tensor_algebra.einsum,alpha,tensor_algebra,einsum,tensorAlgebraEinsum,MatmulRequest,standard,architecture-agnostic,differentiable,,cutensor;mlir-linalg
alpha.tensor_algebra.face-splitting-product,alpha,tensor_algebra,faceSplittingProduct,tensorAlgebraFaceSplittingProduct,MatmulRequest,standard,architecture-agnostic,differentiable,,cutensor;mlir-linalg
alpha.tensor_algebra.fold-tensor,alpha,tensor_algebra,foldTensor,tensorAlgebraFoldTensor,MatmulRequest,standard,architecture-agnostic,differentiable,,cutensor;mlir-linalg
alpha.tensor_algebra.hadamard-product,alpha,tensor_algebra,hadamardProduct,tensorAlgebraHadamardProduct,MatmulRequest,standard,architecture-agnostic,differentiable,,cutensor;mlir-linalg
alpha.tensor_algebra.higher-order-svd,alpha,tensor_algebra,higherOrderSvd,tensorAlgebraHigherOrderSvd,MatmulRequest,standard,architecture-agnostic,differentiable,,cutensor;mlir-linalg
alpha.tensor_algebra.hypergraph-contract,alpha,tensor_algebra,hypergraphContract,tensorAlgebraHypergraphContract,MatmulRequest,speculative,architecture-agnostic,differentiable,,cutensor;mlir-linalg
alpha.tensor_algebra.khatri-rao-product,alpha,tensor_algebra,khatriRaoProduct,tensorAlgebraKhatriRaoProduct,MatmulRequest,standard,architecture-agnostic,differentiable,,cutensor;mlir-linalg
alpha.tensor_algebra.kronecker-product,alpha,tensor_algebra,kroneckerProduct,tensorAlgebraKroneckerProduct,MatmulRequest,standard,architecture-agnostic,differentiable,,cutensor;mlir-linalg
alpha.tensor_algebra.matricize,alpha,tensor_algebra,matricize,tensorAlgebraMatricize,MatmulRequest,standard,architecture-agnostic,differentiable,,cutensor;mlir-linalg
alpha.tensor_algebra.mode-product,alpha,tensor_algebra,modeProduct,tensorAlgebraModeProduct,MatmulRequest,standard,architecture-agnostic,differentiable,,cutensor;mlir-linalg
alpha.tensor_algebra.mps-contract,alpha,tensor_algebra,mpsContract,tensorAlgebraMpsContract,MatmulRequest,standard,architecture-agnostic,differentiable,,cutensor;mlir-linalg
alpha.tensor_algebra.n-mode-product,alpha,tensor_algebra,nModeProduct,tensorAlgebraNModeProduct,MatmulRequest,standard,architecture-agnostic,differentiable,,cutensor;mlir-linalg
alpha.tensor_algebra.peps-contract,alpha,tensor_algebra,pepsContract,tensorAlgebraPepsContract,MatmulRequest,standard,architecture-agnostic,differentiable,,cutensor;mlir-linalg
alpha.tensor_algebra.tensor-contract,alpha,tensor_algebra,tensorContract,tensorAlgebraTensorContract,MatmulRequest,standard,architecture-agnostic,differentiable,,cutensor;mlir-linalg
alpha.tensor_algebra.tensor-dot,alpha,tensor_algebra,tensorDot,tensorAlgebraTensorDot,MatmulRequest,standard,architecture-agnostic,differentiable,,cutensor;mlir-linalg
alpha.tensor_algebra.tensor-network-contract,alpha,tensor_algebra,tensorNetworkContract,tensorAlgebraTensorNetworkContract,MatmulRequest,standard,architecture-agnostic,differentiable,,cutensor;mlir-linalg
alpha.tensor_algebra.tensor-outer,alpha,tensor_algebra,tensorOuter,tensorAlgebraTensorOuter,MatmulRequest,standard,architecture-agnostic,differentiable,,cutensor;mlir-linalg
alpha.tensor_algebra.tensor-ring-decomposition,alpha,tensor_algebra,tensorRingDecomposition,tensorAlgebraTensorRingDecomposition,MatmulRequest,standard,architecture-agnostic,differentiable,,cutensor;mlir-linalg
alpha.tensor_algebra.tensor-svd,alpha,tensor_algebra,tensorSvd,tensorAlgebraTensorSvd,MatmulRequest,standard,architecture-agnostic,differentiable,,cutensor;mlir-linalg
alpha.tensor_algebra.tensor-trace,alpha,tensor_algebra,tensorTrace,tensorAlgebraTensorTrace,MatmulRequest,standard,architecture-agnostic,differentiable,,cutensor;mlir-linalg
alpha.tensor_algebra.tensor-train-contract,alpha,tensor_algebra,tensorTrainContract,tensorAlgebraTensorTrainContract,MatmulRequest,standard,architecture-agnostic,differentiable,,cutensor;mlir-linalg
alpha.tensor_algebra.tensor-train-decomposition,alpha,tensor_algebra,tensorTrainDecomposition,tensorAlgebraTensorTrainDecomposition,MatmulRequest,standard,architecture-agnostic,differentiable,,cutensor;mlir-linalg
alpha.tensor_algebra.tensor-train-round,alpha,tensor_algebra,tensorTrainRound,tensorAlgebraTensorTrainRound,MatmulRequest,standard,architecture-agnostic,differentiable,,cutensor;mlir-linalg
alpha.tensor_algebra.tucker-decomposition,alpha,tensor_algebra,tuckerDecomposition,tensorAlgebraTuckerDecomposition,MatmulRequest,standard,architecture-agnostic,differentiable,,cutensor;mlir-linalg
alpha.tensor_creation.arange,alpha,tensor_creation,arange,tensorCreationArange,TensorOpRequest,standard,architecture-agnostic,usually-differentiable,,stablehlo;mlir-linalg
alpha.tensor_creation.band-part,alpha,tensor_creation,bandPart,tensorCreationBandPart,TensorOpRequest,standard,architecture-agnostic,usually-differentiable,,stablehlo;mlir-linalg
alpha.tensor_creation.complex-tensor,alpha,tensor_creation,complexTensor,tensorCreationComplexTensor,TensorOpRequest,standard,architecture-agnostic,usually-differentiable,,stablehlo;mlir-linalg
alpha.tensor_creation.diag,alpha,tensor_creation,diag,tensorCreationDiag,TensorOpRequest,standard,architecture-agnostic,usually-differentiable,,stablehlo;mlir-linalg
alpha.tensor_creation.diag-embed,alpha,tensor_creation,diagEmbed,tensorCreationDiagEmbed,TensorOpRequest,standard,architecture-agnostic,usually-differentiable,,stablehlo;mlir-linalg
alpha.tensor_creation.empty,alpha,tensor_creation,empty,tensorCreationEmpty,TensorOpRequest,standard,architecture-agnostic,usually-differentiable,,stablehlo;mlir-linalg
alpha.tensor_creation.eye,alpha,tensor_creation,eye,tensorCreationEye,TensorOpRequest,standard,architecture-agnostic,usually-differentiable,,stablehlo;mlir-linalg
alpha.tensor_creation.from-array,alpha,tensor_creation,fromArray,tensorCreationFromArray,TensorOpRequest,standard,architecture-agnostic,usually-differentiable,,stablehlo;mlir-linalg
alpha.tensor_creation.from-buffer,alpha,tensor_creation,fromBuffer,tensorCreationFromBuffer,TensorOpRequest,standard,architecture-agnostic,usually-differentiable,,stablehlo;mlir-linalg
alpha.tensor_creation.from-mapped-memory,alpha,tensor_creation,fromMappedMemory,tensorCreationFromMappedMemory,TensorOpRequest,standard,architecture-agnostic,usually-differentiable,,stablehlo;mlir-linalg
alpha.tensor_creation.full,alpha,tensor_creation,full,tensorCreationFull,TensorOpRequest,standard,architecture-agnostic,usually-differentiable,,stablehlo;mlir-linalg
alpha.tensor_creation.identity-matrix,alpha,tensor_creation,identityMatrix,tensorCreationIdentityMatrix,TensorOpRequest,standard,architecture-agnostic,usually-differentiable,,stablehlo;mlir-linalg
alpha.tensor_creation.linspace,alpha,tensor_creation,linspace,tensorCreationLinspace,TensorOpRequest,standard,architecture-agnostic,usually-differentiable,,stablehlo;mlir-linalg
alpha.tensor_creation.logspace,alpha,tensor_creation,logspace,tensorCreationLogspace,TensorOpRequest,standard,architecture-agnostic,usually-differentiable,,stablehlo;mlir-linalg
alpha.tensor_creation.meta-tensor,alpha,tensor_creation,metaTensor,tensorCreationMetaTensor,TensorOpRequest,standard,architecture-agnostic,usually-differentiable,,stablehlo;mlir-linalg
alpha.tensor_creation.ones,alpha,tensor_creation,ones,tensorCreationOnes,TensorOpRequest,standard,architecture-agnostic,usually-differentiable,,stablehlo;mlir-linalg
alpha.tensor_creation.quantized-tensor,alpha,tensor_creation,quantizedTensor,tensorCreationQuantizedTensor,TensorOpRequest,standard,architecture-agnostic,usually-differentiable,,stablehlo;mlir-linalg
alpha.tensor_creation.ragged-tensor,alpha,tensor_creation,raggedTensor,tensorCreationRaggedTensor,TensorOpRequest,standard,architecture-agnostic,usually-differentiable,,stablehlo;mlir-linalg
alpha.tensor_creation.random-tensor,alpha,tensor_creation,randomTensor,tensorCreationRandomTensor,TensorOpRequest,standard,architecture-agnostic,usually-differentiable,,stablehlo;mlir-linalg
alpha.tensor_creation.scalar,alpha,tensor_creation,scalar,tensorCreationScalar,TensorOpRequest,standard,architecture-agnostic,usually-differentiable,,stablehlo;mlir-linalg
alpha.tensor_creation.sparse-tensor,alpha,tensor_creation,sparseTensor,tensorCreationSparseTensor,TensorOpRequest,standard,architecture-agnostic,usually-differentiable,,stablehlo;mlir-linalg
alpha.tensor_creation.symbolic-tensor,alpha,tensor_creation,symbolicTensor,tensorCreationSymbolicTensor,TensorOpRequest,standard,architecture-agnostic,usually-differentiable,,stablehlo;mlir-linalg
alpha.tensor_creation.tril,alpha,tensor_creation,tril,tensorCreationTril,TensorOpRequest,standard,architecture-agnostic,usually-differentiable,,stablehlo;mlir-linalg
alpha.tensor_creation.triu,alpha,tensor_creation,triu,tensorCreationTriu,TensorOpRequest,standard,architecture-agnostic,usually-differentiable,,stablehlo;mlir-linalg
alpha.tensor_creation.zeros,alpha,tensor_creation,zeros,tensorCreationZeros,TensorOpRequest,standard,architecture-agnostic,usually-differentiable,,stablehlo;mlir-linalg
alpha.ternary_math.add-div,alpha,ternary_math,addDiv,ternaryMathAddDiv,ScalarOpRequest,standard,architecture-agnostic,usually-differentiable,elementwise;epilogue,ptx;stablehlo
alpha.ternary_math.add-mul,alpha,ternary_math,addMul,ternaryMathAddMul,ScalarOpRequest,standard,architecture-agnostic,usually-differentiable,elementwise;epilogue,ptx;stablehlo
alpha.ternary_math.clamp-tensor,alpha,ternary_math,clampTensor,ternaryMathClampTensor,ScalarOpRequest,standard,architecture-agnostic,usually-differentiable,elementwise;epilogue,ptx;stablehlo
alpha.ternary_math.complex-fma,alpha,ternary_math,complexFma,ternaryMathComplexFma,ScalarOpRequest,standard,architecture-agnostic,usually-differentiable,elementwise;epilogue,ptx;stablehlo
alpha.ternary_math.conditional-swap,alpha,ternary_math,conditionalSwap,ternaryMathConditionalSwap,ScalarOpRequest,standard,architecture-agnostic,usually-differentiable,elementwise;epilogue,ptx;stablehlo
alpha.ternary_math.fma,alpha,ternary_math,fma,ternaryMathFma,ScalarOpRequest,standard,architecture-agnostic,usually-differentiable,elementwise;epilogue,ptx;stablehlo
alpha.ternary_math.lerp,alpha,ternary_math,lerp,ternaryMathLerp,ScalarOpRequest,standard,architecture-agnostic,usually-differentiable,elementwise;epilogue,ptx;stablehlo
alpha.ternary_math.masked-fma,alpha,ternary_math,maskedFma,ternaryMathMaskedFma,ScalarOpRequest,standard,architecture-agnostic,usually-differentiable,elementwise;epilogue,ptx;stablehlo
alpha.ternary_math.median-of-three,alpha,ternary_math,medianOfThree,ternaryMathMedianOfThree,ScalarOpRequest,standard,architecture-agnostic,usually-differentiable,elementwise;epilogue,ptx;stablehlo
alpha.ternary_math.mul-add,alpha,ternary_math,mulAdd,ternaryMathMulAdd,ScalarOpRequest,standard,architecture-agnostic,usually-differentiable,elementwise;epilogue,ptx;stablehlo
alpha.ternary_math.saturating-fma,alpha,ternary_math,saturatingFma,ternaryMathSaturatingFma,ScalarOpRequest,standard,architecture-agnostic,usually-differentiable,elementwise;epilogue,ptx;stablehlo
alpha.ternary_math.select-and-scatter,alpha,ternary_math,selectAndScatter,ternaryMathSelectAndScatter,ScalarOpRequest,standard,architecture-agnostic,usually-differentiable,elementwise;epilogue,ptx;stablehlo
alpha.ternary_math.where-tensor,alpha,ternary_math,whereTensor,ternaryMathWhereTensor,ScalarOpRequest,standard,architecture-agnostic,usually-differentiable,elementwise;epilogue,ptx;stablehlo
alpha.unary_math.abs,alpha,unary_math,abs,unaryMathAbs,ScalarOpRequest,standard,architecture-agnostic,usually-differentiable,elementwise,stablehlo;mlir-math;ptx
alpha.unary_math.acos,alpha,unary_math,acos,unaryMathAcos,ScalarOpRequest,standard,architecture-agnostic,usually-differentiable,elementwise,stablehlo;mlir-math;ptx
alpha.unary_math.acosh,alpha,unary_math,acosh,unaryMathAcosh,ScalarOpRequest,standard,architecture-agnostic,usually-differentiable,elementwise,stablehlo;mlir-math;ptx
alpha.unary_math.angle,alpha,unary_math,angle,unaryMathAngle,ScalarOpRequest,standard,architecture-agnostic,usually-differentiable,elementwise,stablehlo;mlir-math;ptx
alpha.unary_math.asin,alpha,unary_math,asin,unaryMathAsin,ScalarOpRequest,standard,architecture-agnostic,usually-differentiable,elementwise,stablehlo;mlir-math;ptx
alpha.unary_math.asinh,alpha,unary_math,asinh,unaryMathAsinh,ScalarOpRequest,standard,architecture-agnostic,usually-differentiable,elementwise,stablehlo;mlir-math;ptx
alpha.unary_math.atan,alpha,unary_math,atan,unaryMathAtan,ScalarOpRequest,standard,architecture-agnostic,usually-differentiable,elementwise,stablehlo;mlir-math;ptx
alpha.unary_math.atanh,alpha,unary_math,atanh,unaryMathAtanh,ScalarOpRequest,standard,architecture-agnostic,usually-differentiable,elementwise,stablehlo;mlir-math;ptx
alpha.unary_math.bessel-i0,alpha,unary_math,besselI0,unaryMathBesselI0,ScalarOpRequest,standard,architecture-agnostic,usually-differentiable,elementwise,stablehlo;mlir-math;ptx
alpha.unary_math.bessel-i1,alpha,unary_math,besselI1,unaryMathBesselI1,ScalarOpRequest,standard,architecture-agnostic,usually-differentiable,elementwise,stablehlo;mlir-math;ptx
alpha.unary_math.bessel-j0,alpha,unary_math,besselJ0,unaryMathBesselJ0,ScalarOpRequest,standard,architecture-agnostic,usually-differentiable,elementwise,stablehlo;mlir-math;ptx
alpha.unary_math.bessel-j1,alpha,unary_math,besselJ1,unaryMathBesselJ1,ScalarOpRequest,standard,architecture-agnostic,usually-differentiable,elementwise,stablehlo;mlir-math;ptx
alpha.unary_math.bitwise-not,alpha,unary_math,bitwiseNot,unaryMathBitwiseNot,ScalarOpRequest,standard,architecture-agnostic,usually-differentiable,elementwise,stablehlo;mlir-math;ptx
alpha.unary_math.cbrt,alpha,unary_math,cbrt,unaryMathCbrt,ScalarOpRequest,standard,architecture-agnostic,usually-differentiable,elementwise,stablehlo;mlir-math;ptx
alpha.unary_math.ceil,alpha,unary_math,ceil,unaryMathCeil,ScalarOpRequest,standard,architecture-agnostic,usually-differentiable,elementwise,stablehlo;mlir-math;ptx
alpha.unary_math.celu,alpha,unary_math,celu,unaryMathCelu,ScalarOpRequest,standard,architecture-agnostic,usually-differentiable,elementwise,stablehlo;mlir-math;ptx
alpha.unary_math.clamp,alpha,unary_math,clamp,unaryMathClamp,ScalarOpRequest,standard,architecture-agnostic,usually-differentiable,elementwise,stablehlo;mlir-math;ptx
alpha.unary_math.clip-by-value,alpha,unary_math,clipByValue,unaryMathClipByValue,ScalarOpRequest,standard,architecture-agnostic,usually-differentiable,elementwise,stablehlo;mlir-math;ptx
alpha.unary_math.complex-abs,alpha,unary_math,complexAbs,unaryMathComplexAbs,ScalarOpRequest,standard,architecture-agnostic,usually-differentiable,elementwise,stablehlo;mlir-math;ptx
alpha.unary_math.conj,alpha,unary_math,conj,unaryMathConj,ScalarOpRequest,standard,architecture-agnostic,usually-differentiable,elementwise,stablehlo;mlir-math;ptx
alpha.unary_math.cos,alpha,unary_math,cos,unaryMathCos,ScalarOpRequest,standard,architecture-agnostic,usually-differentiable,elementwise,stablehlo;mlir-math;ptx
alpha.unary_math.cosh,alpha,unary_math,cosh,unaryMathCosh,ScalarOpRequest,standard,architecture-agnostic,usually-differentiable,elementwise,stablehlo;mlir-math;ptx
alpha.unary_math.count-leading-zeros,alpha,unary_math,countLeadingZeros,unaryMathCountLeadingZeros,ScalarOpRequest,standard,architecture-agnostic,usually-differentiable,elementwise,stablehlo;mlir-math;ptx
alpha.unary_math.count-trailing-zeros,alpha,unary_math,countTrailingZeros,unaryMathCountTrailingZeros,ScalarOpRequest,standard,architecture-agnostic,usually-differentiable,elementwise,stablehlo;mlir-math;ptx
alpha.unary_math.cube,alpha,unary_math,cube,unaryMathCube,ScalarOpRequest,standard,architecture-agnostic,usually-differentiable,elementwise,stablehlo;mlir-math;ptx
alpha.unary_math.digamma,alpha,unary_math,digamma,unaryMathDigamma,ScalarOpRequest,standard,architecture-agnostic,usually-differentiable,elementwise,stablehlo;mlir-math;ptx
alpha.unary_math.elu,alpha,unary_math,elu,unaryMathElu,ScalarOpRequest,standard,architecture-agnostic,usually-differentiable,elementwise,stablehlo;mlir-math;ptx
alpha.unary_math.erf,alpha,unary_math,erf,unaryMathErf,ScalarOpRequest,standard,architecture-agnostic,usually-differentiable,elementwise,stablehlo;mlir-math;ptx
alpha.unary_math.erfc,alpha,unary_math,erfc,unaryMathErfc,ScalarOpRequest,standard,architecture-agnostic,usually-differentiable,elementwise,stablehlo;mlir-math;ptx
alpha.unary_math.erfinv,alpha,unary_math,erfinv,unaryMathErfinv,ScalarOpRequest,standard,architecture-agnostic,usually-differentiable,elementwise,stablehlo;mlir-math;ptx
alpha.unary_math.exp,alpha,unary_math,exp,unaryMathExp,ScalarOpRequest,standard,architecture-agnostic,usually-differentiable,elementwise,stablehlo;mlir-math;ptx
alpha.unary_math.exp10,alpha,unary_math,exp10,unaryMathExp10,ScalarOpRequest,standard,architecture-agnostic,usually-differentiable,elementwise,stablehlo;mlir-math;ptx
alpha.unary_math.exp2,alpha,unary_math,exp2,unaryMathExp2,ScalarOpRequest,standard,architecture-agnostic,usually-differentiable,elementwise,stablehlo;mlir-math;ptx
alpha.unary_math.expm1,alpha,unary_math,expm1,unaryMathExpm1,ScalarOpRequest,standard,architecture-agnostic,usually-differentiable,elementwise,stablehlo;mlir-math;ptx
alpha.unary_math.find-first-set,alpha,unary_math,findFirstSet,unaryMathFindFirstSet,ScalarOpRequest,standard,architecture-agnostic,usually-differentiable,elementwise,stablehlo;mlir-math;ptx
alpha.unary_math.floor,alpha,unary_math,floor,unaryMathFloor,ScalarOpRequest,standard,architecture-agnostic,usually-differentiable,elementwise,stablehlo;mlir-math;ptx
alpha.unary_math.frac,alpha,unary_math,frac,unaryMathFrac,ScalarOpRequest,standard,architecture-agnostic,usually-differentiable,elementwise,stablehlo;mlir-math;ptx
alpha.unary_math.gamma,alpha,unary_math,gamma,unaryMathGamma,ScalarOpRequest,standard,architecture-agnostic,usually-differentiable,elementwise,stablehlo;mlir-math;ptx
alpha.unary_math.gelu-exact,alpha,unary_math,geluExact,unaryMathGeluExact,ScalarOpRequest,standard,architecture-agnostic,usually-differentiable,elementwise,stablehlo;mlir-math;ptx
alpha.unary_math.gelu-quick,alpha,unary_math,geluQuick,unaryMathGeluQuick,ScalarOpRequest,standard,architecture-agnostic,usually-differentiable,elementwise,stablehlo;mlir-math;ptx
alpha.unary_math.gelu-tanh,alpha,unary_math,geluTanh,unaryMathGeluTanh,ScalarOpRequest,standard,architecture-agnostic,usually-differentiable,elementwise,stablehlo;mlir-math;ptx
alpha.unary_math.hard-sigmoid,alpha,unary_math,hardSigmoid,unaryMathHardSigmoid,ScalarOpRequest,standard,architecture-agnostic,usually-differentiable,elementwise,stablehlo;mlir-math;ptx
alpha.unary_math.hard-swish,alpha,unary_math,hardSwish,unaryMathHardSwish,ScalarOpRequest,standard,architecture-agnostic,usually-differentiable,elementwise,stablehlo;mlir-math;ptx
alpha.unary_math.imag,alpha,unary_math,imag,unaryMathImag,ScalarOpRequest,standard,architecture-agnostic,usually-differentiable,elementwise,stablehlo;mlir-math;ptx
alpha.unary_math.is-finite,alpha,unary_math,isFinite,unaryMathIsFinite,ScalarOpRequest,standard,architecture-agnostic,usually-differentiable,elementwise,stablehlo;mlir-math;ptx
alpha.unary_math.is-inf,alpha,unary_math,isInf,unaryMathIsInf,ScalarOpRequest,standard,architecture-agnostic,usually-differentiable,elementwise,stablehlo;mlir-math;ptx
alpha.unary_math.is-nan,alpha,unary_math,isNan,unaryMathIsNan,ScalarOpRequest,standard,architecture-agnostic,usually-differentiable,elementwise,stablehlo;mlir-math;ptx
alpha.unary_math.is-normal,alpha,unary_math,isNormal,unaryMathIsNormal,ScalarOpRequest,standard,architecture-agnostic,usually-differentiable,elementwise,stablehlo;mlir-math;ptx
alpha.unary_math.leaky-relu,alpha,unary_math,leakyRelu,unaryMathLeakyRelu,ScalarOpRequest,standard,architecture-agnostic,usually-differentiable,elementwise,stablehlo;mlir-math;ptx
alpha.unary_math.lgamma,alpha,unary_math,lgamma,unaryMathLgamma,ScalarOpRequest,standard,architecture-agnostic,usually-differentiable,elementwise,stablehlo;mlir-math;ptx
alpha.unary_math.log,alpha,unary_math,log,unaryMathLog,ScalarOpRequest,standard,architecture-agnostic,usually-differentiable,elementwise,stablehlo;mlir-math;ptx
alpha.unary_math.log10,alpha,unary_math,log10,unaryMathLog10,ScalarOpRequest,standard,architecture-agnostic,usually-differentiable,elementwise,stablehlo;mlir-math;ptx
alpha.unary_math.log1p,alpha,unary_math,log1p,unaryMathLog1p,ScalarOpRequest,standard,architecture-agnostic,usually-differentiable,elementwise,stablehlo;mlir-math;ptx
alpha.unary_math.log2,alpha,unary_math,log2,unaryMathLog2,ScalarOpRequest,standard,architecture-agnostic,usually-differentiable,elementwise,stablehlo;mlir-math;ptx
alpha.unary_math.logical-not,alpha,unary_math,logicalNot,unaryMathLogicalNot,ScalarOpRequest,standard,architecture-agnostic,usually-differentiable,elementwise,stablehlo;mlir-math;ptx
alpha.unary_math.log-sigmoid,alpha,unary_math,logSigmoid,unaryMathLogSigmoid,ScalarOpRequest,standard,architecture-agnostic,usually-differentiable,elementwise,stablehlo;mlir-math;ptx
alpha.unary_math.mish,alpha,unary_math,mish,unaryMathMish,ScalarOpRequest,standard,architecture-agnostic,usually-differentiable,elementwise,stablehlo;mlir-math;ptx
alpha.unary_math.neg,alpha,unary_math,neg,unaryMathNeg,ScalarOpRequest,standard,architecture-agnostic,usually-differentiable,elementwise,stablehlo;mlir-math;ptx
alpha.unary_math.population-count,alpha,unary_math,populationCount,unaryMathPopulationCount,ScalarOpRequest,standard,architecture-agnostic,usually-differentiable,elementwise,stablehlo;mlir-math;ptx
alpha.unary_math.prelu,alpha,unary_math,prelu,unaryMathPrelu,ScalarOpRequest,standard,architecture-agnostic,usually-differentiable,elementwise,stablehlo;mlir-math;ptx
alpha.unary_math.real,alpha,unary_math,real,unaryMathReal,ScalarOpRequest,standard,architecture-agnostic,usually-differentiable,elementwise,stablehlo;mlir-math;ptx
alpha.unary_math.reciprocal,alpha,unary_math,reciprocal,unaryMathReciprocal,ScalarOpRequest,standard,architecture-agnostic,usually-differentiable,elementwise,stablehlo;mlir-math;ptx
alpha.unary_math.relu,alpha,unary_math,relu,unaryMathRelu,ScalarOpRequest,standard,architecture-agnostic,usually-differentiable,elementwise,stablehlo;mlir-math;ptx
alpha.unary_math.relu6,alpha,unary_math,relu6,unaryMathRelu6,ScalarOpRequest,standard,architecture-agnostic,usually-differentiable,elementwise,stablehlo;mlir-math;ptx
alpha.unary_math.reverse-bits,alpha,unary_math,reverseBits,unaryMathReverseBits,ScalarOpRequest,standard,architecture-agnostic,usually-differentiable,elementwise,stablehlo;mlir-math;ptx
alpha.unary_math.round,alpha,unary_math,round,unaryMathRound,ScalarOpRequest,standard,architecture-agnostic,usually-differentiable,elementwise,stablehlo;mlir-math;ptx
alpha.unary_math.round-even,alpha,unary_math,roundEven,unaryMathRoundEven,ScalarOpRequest,standard,architecture-agnostic,usually-differentiable,elementwise,stablehlo;mlir-math;ptx
alpha.unary_math.rsqrt,alpha,unary_math,rsqrt,unaryMathRsqrt,ScalarOpRequest,standard,architecture-agnostic,usually-differentiable,elementwise,stablehlo;mlir-math;ptx
alpha.unary_math.selu,alpha,unary_math,selu,unaryMathSelu,ScalarOpRequest,standard,architecture-agnostic,usually-differentiable,elementwise,stablehlo;mlir-math;ptx
alpha.unary_math.sigmoid,alpha,unary_math,sigmoid,unaryMathSigmoid,ScalarOpRequest,standard,architecture-agnostic,usually-differentiable,elementwise,stablehlo;mlir-math;ptx
alpha.unary_math.sign,alpha,unary_math,sign,unaryMathSign,ScalarOpRequest,standard,architecture-agnostic,usually-differentiable,elementwise,stablehlo;mlir-math;ptx
alpha.unary_math.silu,alpha,unary_math,silu,unaryMathSilu,ScalarOpRequest,standard,architecture-agnostic,usually-differentiable,elementwise,stablehlo;mlir-math;ptx
alpha.unary_math.sin,alpha,unary_math,sin,unaryMathSin,ScalarOpRequest,standard,architecture-agnostic,usually-differentiable,elementwise,stablehlo;mlir-math;ptx
alpha.unary_math.sinc,alpha,unary_math,sinc,unaryMathSinc,ScalarOpRequest,standard,architecture-agnostic,usually-differentiable,elementwise,stablehlo;mlir-math;ptx
alpha.unary_math.sinh,alpha,unary_math,sinh,unaryMathSinh,ScalarOpRequest,standard,architecture-agnostic,usually-differentiable,elementwise,stablehlo;mlir-math;ptx
alpha.unary_math.sinhc,alpha,unary_math,sinhc,unaryMathSinhc,ScalarOpRequest,standard,architecture-agnostic,usually-differentiable,elementwise,stablehlo;mlir-math;ptx
alpha.unary_math.softplus,alpha,unary_math,softplus,unaryMathSoftplus,ScalarOpRequest,standard,architecture-agnostic,usually-differentiable,elementwise,stablehlo;mlir-math;ptx
alpha.unary_math.softsign,alpha,unary_math,softsign,unaryMathSoftsign,ScalarOpRequest,standard,architecture-agnostic,usually-differentiable,elementwise,stablehlo;mlir-math;ptx
alpha.unary_math.sqrt,alpha,unary_math,sqrt,unaryMathSqrt,ScalarOpRequest,standard,architecture-agnostic,usually-differentiable,elementwise,stablehlo;mlir-math;ptx
alpha.unary_math.square,alpha,unary_math,square,unaryMathSquare,ScalarOpRequest,standard,architecture-agnostic,usually-differentiable,elementwise,stablehlo;mlir-math;ptx
alpha.unary_math.tan,alpha,unary_math,tan,unaryMathTan,ScalarOpRequest,standard,architecture-agnostic,usually-differentiable,elementwise,stablehlo;mlir-math;ptx
alpha.unary_math.tanh,alpha,unary_math,tanh,unaryMathTanh,ScalarOpRequest,standard,architecture-agnostic,usually-differentiable,elementwise,stablehlo;mlir-math;ptx
alpha.unary_math.threshold,alpha,unary_math,threshold,unaryMathThreshold,ScalarOpRequest,standard,architecture-agnostic,usually-differentiable,elementwise,stablehlo;mlir-math;ptx
alpha.unary_math.trigamma,alpha,unary_math,trigamma,unaryMathTrigamma,ScalarOpRequest,standard,architecture-agnostic,usually-differentiable,elementwise,stablehlo;mlir-math;ptx
alpha.unary_math.trunc,alpha,unary_math,trunc,unaryMathTrunc,ScalarOpRequest,standard,architecture-agnostic,usually-differentiable,elementwise,stablehlo;mlir-math;ptx
chronos.dependency.add-dependency,chronos,dependency,addDependency,dependencyAddDependency,ScheduleOpRequest,standard,architecture-agnostic,not-applicable,,
chronos.dependency.barrier-dependency,chronos,dependency,barrierDependency,dependencyBarrierDependency,ScheduleOpRequest,standard,architecture-agnostic,not-applicable,,
chronos.dependency.critical-path,chronos,dependency,criticalPath,dependencyCriticalPath,ScheduleOpRequest,standard,architecture-agnostic,not-applicable,,
chronos.dependency.cross-device-dependency,chronos,dependency,crossDeviceDependency,dependencyCrossDeviceDependency,ScheduleOpRequest,standard,architecture-agnostic,not-applicable,,
chronos.dependency.cross-queue-dependency,chronos,dependency,crossQueueDependency,dependencyCrossQueueDependency,ScheduleOpRequest,standard,architecture-agnostic,not-applicable,,
chronos.dependency.dependency-batch,chronos,dependency,dependencyBatch,dependencyDependencyBatch,ScheduleOpRequest,standard,architecture-agnostic,not-applicable,,
chronos.dependency.dependency-token,chronos,dependency,dependencyToken,dependencyDependencyToken,ScheduleOpRequest,standard,architecture-agnostic,not-applicable,,
chronos.dependency.detect-cycle,chronos,dependency,detectCycle,dependencyDetectCycle,ScheduleOpRequest,standard,architecture-agnostic,not-applicable,,
chronos.dependency.event-dependency,chronos,dependency,eventDependency,dependencyEventDependency,ScheduleOpRequest,standard,architecture-agnostic,not-applicable,,
chronos.dependency.execution-dependency,chronos,dependency,executionDependency,dependencyExecutionDependency,ScheduleOpRequest,standard,architecture-agnostic,not-applicable,,
chronos.dependency.memory-dependency,chronos,dependency,memoryDependency,dependencyMemoryDependency,ScheduleOpRequest,standard,architecture-agnostic,not-applicable,,
chronos.dependency.read-after-write,chronos,dependency,readAfterWrite,dependencyReadAfterWrite,ScheduleOpRequest,standard,architecture-agnostic,not-applicable,,
chronos.dependency.remove-dependency,chronos,dependency,removeDependency,dependencyRemoveDependency,ScheduleOpRequest,standard,architecture-agnostic,not-applicable,,
chronos.dependency.resolve-dependencies,chronos,dependency,resolveDependencies,dependencyResolveDependencies,ScheduleOpRequest,standard,architecture-agnostic,not-applicable,,
chronos.dependency.topological-order,chronos,dependency,topologicalOrder,dependencyTopologicalOrder,ScheduleOpRequest,standard,architecture-agnostic,not-applicable,,
chronos.dependency.write-after-read,chronos,dependency,writeAfterRead,dependencyWriteAfterRead,ScheduleOpRequest,standard,architecture-agnostic,not-applicable,,
chronos.dependency.write-after-write,chronos,dependency,writeAfterWrite,dependencyWriteAfterWrite,ScheduleOpRequest,standard,architecture-agnostic,not-applicable,,
chronos.fence_semaphore.binary-semaphore,chronos,fence_semaphore,binarySemaphore,fenceSemaphoreBinarySemaphore,ScheduleOpRequest,standard,host;sm86,not-applicable,,
chronos.fence_semaphore.create-fence,chronos,fence_semaphore,createFence,fenceSemaphoreCreateFence,ScheduleOpRequest,standard,host;sm86,not-applicable,,
chronos.fence_semaphore.create-semaphore,chronos,fence_semaphore,createSemaphore,fenceSemaphoreCreateSemaphore,ScheduleOpRequest,standard,host;sm86,not-applicable,,
chronos.fence_semaphore.destroy-fence,chronos,fence_semaphore,destroyFence,fenceSemaphoreDestroyFence,ScheduleOpRequest,standard,host;sm86,not-applicable,,
chronos.fence_semaphore.destroy-semaphore,chronos,fence_semaphore,destroySemaphore,fenceSemaphoreDestroySemaphore,ScheduleOpRequest,standard,host;sm86,not-applicable,,
chronos.fence_semaphore.doorbell-semaphore,chronos,fence_semaphore,doorbellSemaphore,fenceSemaphoreDoorbellSemaphore,ScheduleOpRequest,standard,host;sm86,not-applicable,,
chronos.fence_semaphore.eventfd-bridge,chronos,fence_semaphore,eventfdBridge,fenceSemaphoreEventfdBridge,ScheduleOpRequest,standard,host;sm86,not-applicable,,
chronos.fence_semaphore.gpu-written-semaphore,chronos,fence_semaphore,gpuWrittenSemaphore,fenceSemaphoreGpuWrittenSemaphore,ScheduleOpRequest,standard,host;sm86,not-applicable,,
chronos.fence_semaphore.poll-fence,chronos,fence_semaphore,pollFence,fenceSemaphorePollFence,ScheduleOpRequest,standard,host;sm86,not-applicable,,
chronos.fence_semaphore.semaphore-acquire,chronos,fence_semaphore,semaphoreAcquire,fenceSemaphoreSemaphoreAcquire,ScheduleOpRequest,standard,host;sm86,not-applicable,,
chronos.fence_semaphore.semaphore-release,chronos,fence_semaphore,semaphoreRelease,fenceSemaphoreSemaphoreRelease,ScheduleOpRequest,standard,host;sm86,not-applicable,,
chronos.fence_semaphore.semaphore-try-wait,chronos,fence_semaphore,semaphoreTryWait,fenceSemaphoreSemaphoreTryWait,ScheduleOpRequest,standard,host;sm86,not-applicable,,
chronos.fence_semaphore.signal-fence,chronos,fence_semaphore,signalFence,fenceSemaphoreSignalFence,ScheduleOpRequest,standard,host;sm86,not-applicable,,
chronos.fence_semaphore.signal-semaphore,chronos,fence_semaphore,signalSemaphore,fenceSemaphoreSignalSemaphore,ScheduleOpRequest,standard,host;sm86,not-applicable,,
chronos.fence_semaphore.timeline-semaphore,chronos,fence_semaphore,timelineSemaphore,fenceSemaphoreTimelineSemaphore,ScheduleOpRequest,standard,host;sm86,not-applicable,,
chronos.fence_semaphore.wait-fence,chronos,fence_semaphore,waitFence,fenceSemaphoreWaitFence,ScheduleOpRequest,standard,host;sm86,not-applicable,,
chronos.fence_semaphore.wait-semaphore,chronos,fence_semaphore,waitSemaphore,fenceSemaphoreWaitSemaphore,ScheduleOpRequest,standard,host;sm86,not-applicable,,
chronos.profiling.barrier-wait-sample,chronos,profiling,barrierWaitSample,profilingBarrierWaitSample,ScheduleOpRequest,standard,host;sm86,not-applicable,,
chronos.profiling.calibrate-clock,chronos,profiling,calibrateClock,profilingCalibrateClock,ScheduleOpRequest,standard,host;sm86,not-applicable,,
chronos.profiling.correlate-host-gpu-clock,chronos,profiling,correlateHostGpuClock,profilingCorrelateHostGpuClock,ScheduleOpRequest,standard,host;sm86,not-applicable,,
chronos.profiling.counter-sample,chronos,profiling,counterSample,profilingCounterSample,ScheduleOpRequest,standard,host;sm86,not-applicable,,
chronos.profiling.dependency-trace,chronos,profiling,dependencyTrace,profilingDependencyTrace,ScheduleOpRequest,standard,host;sm86,not-applicable,,
chronos.profiling.event-trace,chronos,profiling,eventTrace,profilingEventTrace,ScheduleOpRequest,standard,host;sm86,not-applicable,,
chronos.profiling.export-chrome-trace,chronos,profiling,exportChromeTrace,profilingExportChromeTrace,ScheduleOpRequest,standard,host;sm86,not-applicable,,
chronos.profiling.export-perfetto-trace,chronos,profiling,exportPerfettoTrace,profilingExportPerfettoTrace,ScheduleOpRequest,standard,host;sm86,not-applicable,,
chronos.profiling.latency-histogram,chronos,profiling,latencyHistogram,profilingLatencyHistogram,ScheduleOpRequest,standard,host;sm86,not-applicable,,
chronos.profiling.mark-begin,chronos,profiling,markBegin,profilingMarkBegin,ScheduleOpRequest,standard,host;sm86,not-applicable,,
chronos.profiling.mark-end,chronos,profiling,markEnd,profilingMarkEnd,ScheduleOpRequest,standard,host;sm86,not-applicable,,
chronos.profiling.merge-traces,chronos,profiling,mergeTraces,profilingMergeTraces,ScheduleOpRequest,standard,host;sm86,not-applicable,,
chronos.profiling.occupancy-sample,chronos,profiling,occupancySample,profilingOccupancySample,ScheduleOpRequest,standard,host;sm86,not-applicable,,
chronos.profiling.queue-depth-sample,chronos,profiling,queueDepthSample,profilingQueueDepthSample,ScheduleOpRequest,standard,host;sm86,not-applicable,,
chronos.profiling.stall-reason-sample,chronos,profiling,stallReasonSample,profilingStallReasonSample,ScheduleOpRequest,standard,host;sm86,not-applicable,,
chronos.profiling.timeline-trace,chronos,profiling,timelineTrace,profilingTimelineTrace,ScheduleOpRequest,standard,host;sm86,not-applicable,,
chronos.profiling.timestamp-gpu,chronos,profiling,timestampGpu,profilingTimestampGpu,ScheduleOpRequest,standard,host;sm86,not-applicable,,
chronos.profiling.timestamp-host,chronos,profiling,timestampHost,profilingTimestampHost,ScheduleOpRequest,standard,host;sm86,not-applicable,,
chronos.quiescence.acquire-credit,chronos,quiescence,acquireCredit,quiescenceAcquireCredit,ScheduleOpRequest,research,host;sm86,not-applicable,,
chronos.quiescence.await-quiescence,chronos,quiescence,awaitQuiescence,quiescenceAwaitQuiescence,ScheduleOpRequest,research,host;sm86,not-applicable,,
chronos.quiescence.check-quiescence,chronos,quiescence,checkQuiescence,quiescenceCheckQuiescence,ScheduleOpRequest,research,host;sm86,not-applicable,,
chronos.quiescence.complete-pending-io,chronos,quiescence,completePendingIo,quiescenceCompletePendingIo,ScheduleOpRequest,research,host;sm86,not-applicable,,
chronos.quiescence.count-in-flight,chronos,quiescence,countInFlight,quiescenceCountInFlight,ScheduleOpRequest,research,host;sm86,not-applicable,,
chronos.quiescence.count-mailbox-items,chronos,quiescence,countMailboxItems,quiescenceCountMailboxItems,ScheduleOpRequest,research,future-or-emulated;host;sm86,not-applicable,,
chronos.quiescence.create-credit-pool,chronos,quiescence,createCreditPool,quiescenceCreateCreditPool,ScheduleOpRequest,research,host;sm86,not-applicable,,
chronos.quiescence.detect-credit-leak,chronos,quiescence,detectCreditLeak,quiescenceDetectCreditLeak,ScheduleOpRequest,research,host;sm86,not-applicable,,
chronos.quiescence.detect-duplicate-credit,chronos,quiescence,detectDuplicateCredit,quiescenceDetectDuplicateCredit,ScheduleOpRequest,research,host;sm86,not-applicable,,
chronos.quiescence.detect-stale-credit,chronos,quiescence,detectStaleCredit,quiescenceDetectStaleCredit,ScheduleOpRequest,research,host;sm86,not-applicable,,
chronos.quiescence.force-quiescence,chronos,quiescence,forceQuiescence,quiescenceForceQuiescence,ScheduleOpRequest,research,host;sm86,not-applicable,,
chronos.quiescence.quiescence-timeout,chronos,quiescence,quiescenceTimeout,quiescenceQuiescenceTimeout,ScheduleOpRequest,research,host;sm86,not-applicable,,
chronos.quiescence.quiescence-trace,chronos,quiescence,quiescenceTrace,quiescenceQuiescenceTrace,ScheduleOpRequest,research,host;sm86,not-applicable,,
chronos.quiescence.register-pending-io,chronos,quiescence,registerPendingIo,quiescenceRegisterPendingIo,ScheduleOpRequest,research,host;sm86,not-applicable,,
chronos.quiescence.release-credit,chronos,quiescence,releaseCredit,quiescenceReleaseCredit,ScheduleOpRequest,research,host;sm86,not-applicable,,
chronos.quiescence.transfer-credit,chronos,quiescence,transferCredit,quiescenceTransferCredit,ScheduleOpRequest,research,host;sm86,not-applicable,,
chronos.scheduler.assign-queue,chronos,scheduler,assignQueue,schedulerAssignQueue,ScheduleOpRequest,standard,host;sm86,not-applicable,,
chronos.scheduler.assign-sm-affinity-hint,chronos,scheduler,assignSmAffinityHint,schedulerAssignSmAffinityHint,ScheduleOpRequest,standard,host;sm86,not-applicable,,
chronos.scheduler.batch-tasks,chronos,scheduler,batchTasks,schedulerBatchTasks,ScheduleOpRequest,standard,host;sm86,not-applicable,,
chronos.scheduler.cancel-task,chronos,scheduler,cancelTask,schedulerCancelTask,ScheduleOpRequest,standard,host;sm86,not-applicable,,
chronos.scheduler.coalesce-tasks,chronos,scheduler,coalesceTasks,schedulerCoalesceTasks,ScheduleOpRequest,standard,host;sm86,not-applicable,,
chronos.scheduler.consume-budget,chronos,scheduler,consumeBudget,schedulerConsumeBudget,ScheduleOpRequest,standard,host;sm86,not-applicable,,
chronos.scheduler.countercurrent-schedule,chronos,scheduler,countercurrentSchedule,schedulerCountercurrentSchedule,ScheduleOpRequest,research,host;sm86,not-applicable,,
chronos.scheduler.create-schedule,chronos,scheduler,createSchedule,schedulerCreateSchedule,ScheduleOpRequest,standard,host;sm86,not-applicable,,
chronos.scheduler.dequeue-task,chronos,scheduler,dequeueTask,schedulerDequeueTask,ScheduleOpRequest,standard,host;sm86,not-applicable,,
chronos.scheduler.destroy-schedule,chronos,scheduler,destroySchedule,schedulerDestroySchedule,ScheduleOpRequest,standard,host;sm86,not-applicable,,
chronos.scheduler.donate-task,chronos,scheduler,donateTask,schedulerDonateTask,ScheduleOpRequest,standard,host;sm86,not-applicable,,
chronos.scheduler.enqueue-task,chronos,scheduler,enqueueTask,schedulerEnqueueTask,ScheduleOpRequest,standard,host;sm86,not-applicable,,
chronos.scheduler.persistent-schedule,chronos,scheduler,persistentSchedule,schedulerPersistentSchedule,ScheduleOpRequest,standard,host;sm86,not-applicable,,
chronos.scheduler.pipeline-schedule,chronos,scheduler,pipelineSchedule,schedulerPipelineSchedule,ScheduleOpRequest,standard,host;sm86,not-applicable,,
chronos.scheduler.prioritize-task,chronos,scheduler,prioritizeTask,schedulerPrioritizeTask,ScheduleOpRequest,standard,host;sm86,not-applicable,,
chronos.scheduler.producer-consumer-schedule,chronos,scheduler,producerConsumerSchedule,schedulerProducerConsumerSchedule,ScheduleOpRequest,standard,host;sm86,not-applicable,,
chronos.scheduler.replay-schedule,chronos,scheduler,replaySchedule,schedulerReplaySchedule,ScheduleOpRequest,standard,host;sm86,not-applicable,,
chronos.scheduler.set-budget,chronos,scheduler,setBudget,schedulerSetBudget,ScheduleOpRequest,standard,host;sm86,not-applicable,,
chronos.scheduler.set-deadline,chronos,scheduler,setDeadline,schedulerSetDeadline,ScheduleOpRequest,standard,host;sm86,not-applicable,,
chronos.scheduler.set-determinism,chronos,scheduler,setDeterminism,schedulerSetDeterminism,ScheduleOpRequest,standard,host;sm86,not-applicable,,
chronos.scheduler.set-fairness,chronos,scheduler,setFairness,schedulerSetFairness,ScheduleOpRequest,standard,host;sm86,not-applicable,,
chronos.scheduler.set-priority,chronos,scheduler,setPriority,schedulerSetPriority,ScheduleOpRequest,standard,host;sm86,not-applicable,,
chronos.scheduler.sleep-task,chronos,scheduler,sleepTask,schedulerSleepTask,ScheduleOpRequest,standard,host;sm86,not-applicable,,
chronos.scheduler.split-task,chronos,scheduler,splitTask,schedulerSplitTask,ScheduleOpRequest,standard,host;sm86,not-applicable,,
chronos.scheduler.steal-task,chronos,scheduler,stealTask,schedulerStealTask,ScheduleOpRequest,standard,host;sm86,not-applicable,,
chronos.scheduler.wake-task,chronos,scheduler,wakeTask,schedulerWakeTask,ScheduleOpRequest,standard,host;sm86,not-applicable,,
chronos.scheduler.wavefront-schedule,chronos,scheduler,wavefrontSchedule,schedulerWavefrontSchedule,ScheduleOpRequest,standard,host;sm86,not-applicable,,
chronos.scheduler.yield-task,chronos,scheduler,yieldTask,schedulerYieldTask,ScheduleOpRequest,standard,host;sm86,not-applicable,,
chronos.timeline.create-timeline,chronos,timeline,createTimeline,timelineCreateTimeline,ScheduleOpRequest,standard,host;sm86,not-applicable,,
chronos.timeline.destroy-timeline,chronos,timeline,destroyTimeline,timelineDestroyTimeline,ScheduleOpRequest,standard,host;sm86,not-applicable,,
chronos.timeline.export-timeline,chronos,timeline,exportTimeline,timelineExportTimeline,ScheduleOpRequest,standard,host;sm86,not-applicable,,
chronos.timeline.import-timeline,chronos,timeline,importTimeline,timelineImportTimeline,ScheduleOpRequest,standard,host;sm86,not-applicable,,
chronos.timeline.next-timeline-value,chronos,timeline,nextTimelineValue,timelineNextTimelineValue,ScheduleOpRequest,standard,host;sm86,not-applicable,,
chronos.timeline.poll-timeline,chronos,timeline,pollTimeline,timelinePollTimeline,ScheduleOpRequest,standard,host;sm86,not-applicable,,
chronos.timeline.query-timeline,chronos,timeline,queryTimeline,timelineQueryTimeline,ScheduleOpRequest,standard,host;sm86,not-applicable,,
chronos.timeline.reset-timeline,chronos,timeline,resetTimeline,timelineResetTimeline,ScheduleOpRequest,standard,host;sm86,not-applicable,,
chronos.timeline.signal-timeline-gpu,chronos,timeline,signalTimelineGpu,timelineSignalTimelineGpu,ScheduleOpRequest,standard,host;sm86,not-applicable,,
chronos.timeline.signal-timeline-host,chronos,timeline,signalTimelineHost,timelineSignalTimelineHost,ScheduleOpRequest,standard,host;sm86,not-applicable,,
chronos.timeline.validate-monotonicity,chronos,timeline,validateMonotonicity,timelineValidateMonotonicity,ScheduleOpRequest,standard,host;sm86,not-applicable,,
chronos.timeline.wait-timeline-gpu,chronos,timeline,waitTimelineGpu,timelineWaitTimelineGpu,ScheduleOpRequest,standard,host;sm86,not-applicable,,
chronos.timeline.wait-timeline-host,chronos,timeline,waitTimelineHost,timelineWaitTimelineHost,ScheduleOpRequest,standard,host;sm86,not-applicable,,
chronos.watchdog_recovery.abort-channel,chronos,watchdog_recovery,abortChannel,watchdogRecoveryAbortChannel,ScheduleOpRequest,standard,host,not-applicable,,
chronos.watchdog_recovery.abort-queue,chronos,watchdog_recovery,abortQueue,watchdogRecoveryAbortQueue,ScheduleOpRequest,standard,host,not-applicable,,
chronos.watchdog_recovery.arm-watchdog,chronos,watchdog_recovery,armWatchdog,watchdogRecoveryArmWatchdog,ScheduleOpRequest,standard,host,not-applicable,,
chronos.watchdog_recovery.capture-hang-state,chronos,watchdog_recovery,captureHangState,watchdogRecoveryCaptureHangState,ScheduleOpRequest,standard,host,not-applicable,,
chronos.watchdog_recovery.detect-deadlock,chronos,watchdog_recovery,detectDeadlock,watchdogRecoveryDetectDeadlock,ScheduleOpRequest,standard,host,not-applicable,,
chronos.watchdog_recovery.detect-hang,chronos,watchdog_recovery,detectHang,watchdogRecoveryDetectHang,ScheduleOpRequest,standard,host,not-applicable,,
chronos.watchdog_recovery.detect-livelock,chronos,watchdog_recovery,detectLivelock,watchdogRecoveryDetectLivelock,ScheduleOpRequest,standard,host,not-applicable,,
chronos.watchdog_recovery.detect-timeout,chronos,watchdog_recovery,detectTimeout,watchdogRecoveryDetectTimeout,ScheduleOpRequest,standard,host,not-applicable,,
chronos.watchdog_recovery.disarm-watchdog,chronos,watchdog_recovery,disarmWatchdog,watchdogRecoveryDisarmWatchdog,ScheduleOpRequest,standard,host,not-applicable,,
chronos.watchdog_recovery.emit-fault-report,chronos,watchdog_recovery,emitFaultReport,watchdogRecoveryEmitFaultReport,ScheduleOpRequest,standard,host,not-applicable,,
chronos.watchdog_recovery.fail-closed,chronos,watchdog_recovery,failClosed,watchdogRecoveryFailClosed,ScheduleOpRequest,standard,host,not-applicable,,
chronos.watchdog_recovery.heartbeat,chronos,watchdog_recovery,heartbeat,watchdogRecoveryHeartbeat,ScheduleOpRequest,standard,host,not-applicable,,
chronos.watchdog_recovery.mark-device-lost,chronos,watchdog_recovery,markDeviceLost,watchdogRecoveryMarkDeviceLost,ScheduleOpRequest,standard,host,not-applicable,,
chronos.watchdog_recovery.recover-device,chronos,watchdog_recovery,recoverDevice,watchdogRecoveryRecoverDevice,ScheduleOpRequest,standard,host,not-applicable,,
chronos.watchdog_recovery.reset-schedule,chronos,watchdog_recovery,resetSchedule,watchdogRecoveryResetSchedule,ScheduleOpRequest,standard,host,not-applicable,,
chronos.watchdog_recovery.retry-from-checkpoint,chronos,watchdog_recovery,retryFromCheckpoint,watchdogRecoveryRetryFromCheckpoint,ScheduleOpRequest,standard,host,not-applicable,,
chronos.watchdog_recovery.rollback-epoch,chronos,watchdog_recovery,rollbackEpoch,watchdogRecoveryRollbackEpoch,ScheduleOpRequest,standard,host,not-applicable,,
chronos.wave_epoch.advance-epoch,chronos,wave_epoch,advanceEpoch,waveEpochAdvanceEpoch,ScheduleOpRequest,standard,host;sm86,not-applicable,,
chronos.wave_epoch.advance-wave,chronos,wave_epoch,advanceWave,waveEpochAdvanceWave,ScheduleOpRequest,standard,host;sm86,not-applicable,,
chronos.wave_epoch.begin-epoch,chronos,wave_epoch,beginEpoch,waveEpochBeginEpoch,ScheduleOpRequest,standard,host;sm86,not-applicable,,
chronos.wave_epoch.begin-wave,chronos,wave_epoch,beginWave,waveEpochBeginWave,ScheduleOpRequest,standard,host;sm86,not-applicable,,
chronos.wave_epoch.end-epoch,chronos,wave_epoch,endEpoch,waveEpochEndEpoch,ScheduleOpRequest,standard,host;sm86,not-applicable,,
chronos.wave_epoch.end-wave,chronos,wave_epoch,endWave,waveEpochEndWave,ScheduleOpRequest,standard,host;sm86,not-applicable,,
chronos.wave_epoch.federation-epoch,chronos,wave_epoch,federationEpoch,waveEpochFederationEpoch,ScheduleOpRequest,standard,host;sm86,not-applicable,,
chronos.wave_epoch.lamport-clock,chronos,wave_epoch,lamportClock,waveEpochLamportClock,ScheduleOpRequest,standard,host;sm86,not-applicable,,
chronos.wave_epoch.logical-clock,chronos,wave_epoch,logicalClock,waveEpochLogicalClock,ScheduleOpRequest,standard,host;sm86,not-applicable,,
chronos.wave_epoch.model-epoch,chronos,wave_epoch,modelEpoch,waveEpochModelEpoch,ScheduleOpRequest,standard,host;sm86,not-applicable,,
chronos.wave_epoch.sequence-number,chronos,wave_epoch,sequenceNumber,waveEpochSequenceNumber,ScheduleOpRequest,standard,host;sm86,not-applicable,,
chronos.wave_epoch.session-epoch,chronos,wave_epoch,sessionEpoch,waveEpochSessionEpoch,ScheduleOpRequest,standard,host;sm86,not-applicable,,
chronos.wave_epoch.validate-epoch,chronos,wave_epoch,validateEpoch,waveEpochValidateEpoch,ScheduleOpRequest,standard,host;sm86,not-applicable,,
chronos.wave_epoch.vector-clock,chronos,wave_epoch,vectorClock,waveEpochVectorClock,ScheduleOpRequest,standard,host;sm86,not-applicable,,
chronos.wave_epoch.wait-wave,chronos,wave_epoch,waitWave,waveEpochWaitWave,ScheduleOpRequest,standard,host;sm86,not-applicable,,
chronos.wave_epoch.wave-barrier,chronos,wave_epoch,waveBarrier,waveEpochWaveBarrier,ScheduleOpRequest,standard,host;sm86,not-applicable,,
chronos.wave_epoch.wave-complete,chronos,wave_epoch,waveComplete,waveEpochWaveComplete,ScheduleOpRequest,standard,host;sm86,not-applicable,,
chronos.wave_epoch.wave-credit-acquire,chronos,wave_epoch,waveCreditAcquire,waveEpochWaveCreditAcquire,ScheduleOpRequest,standard,host;sm86,not-applicable,,
chronos.wave_epoch.wave-credit-release,chronos,wave_epoch,waveCreditRelease,waveEpochWaveCreditRelease,ScheduleOpRequest,standard,host;sm86,not-applicable,,
chronos.wave_epoch.wave-rollback,chronos,wave_epoch,waveRollback,waveEpochWaveRollback,ScheduleOpRequest,standard,host;sm86,not-applicable,,
gaia.allocation.allocate-code-memory,gaia,allocation,allocateCodeMemory,allocationAllocateCodeMemory,MemoryOpRequest,standard,host,not-applicable,,open-gpu-modules
gaia.allocation.allocate-coherent-memory,gaia,allocation,allocateCoherentMemory,allocationAllocateCoherentMemory,MemoryOpRequest,standard,host,not-applicable,,open-gpu-modules
gaia.allocation.allocate-constant-memory,gaia,allocation,allocateConstantMemory,allocationAllocateConstantMemory,MemoryOpRequest,standard,host,not-applicable,,open-gpu-modules
gaia.allocation.allocate-contiguous-memory,gaia,allocation,allocateContiguousMemory,allocationAllocateContiguousMemory,MemoryOpRequest,standard,host,not-applicable,,open-gpu-modules
gaia.allocation.allocate-pinned-host-memory,gaia,allocation,allocatePinnedHostMemory,allocationAllocatePinnedHostMemory,MemoryOpRequest,standard,host,not-applicable,,open-gpu-modules
gaia.allocation.allocate-protected-memory,gaia,allocation,allocateProtectedMemory,allocationAllocateProtectedMemory,MemoryOpRequest,standard,host,not-applicable,,open-gpu-modules
gaia.allocation.allocate-queue-memory,gaia,allocation,allocateQueueMemory,allocationAllocateQueueMemory,MemoryOpRequest,standard,host,not-applicable,,open-gpu-modules
gaia.allocation.allocate-scratch-memory,gaia,allocation,allocateScratchMemory,allocationAllocateScratchMemory,MemoryOpRequest,standard,host,not-applicable,,open-gpu-modules
gaia.allocation.allocate-semaphore-memory,gaia,allocation,allocateSemaphoreMemory,allocationAllocateSemaphoreMemory,MemoryOpRequest,standard,host,not-applicable,,open-gpu-modules
gaia.allocation.allocate-sparse-memory,gaia,allocation,allocateSparseMemory,allocationAllocateSparseMemory,MemoryOpRequest,standard,host,not-applicable,,open-gpu-modules
gaia.allocation.allocate-state-memory,gaia,allocation,allocateStateMemory,allocationAllocateStateMemory,MemoryOpRequest,standard,host,not-applicable,,open-gpu-modules
gaia.allocation.allocate-system-memory,gaia,allocation,allocateSystemMemory,allocationAllocateSystemMemory,MemoryOpRequest,standard,host,not-applicable,,open-gpu-modules
gaia.allocation.allocate-video-memory,gaia,allocation,allocateVideoMemory,allocationAllocateVideoMemory,MemoryOpRequest,standard,host,not-applicable,,open-gpu-modules
gaia.allocation.allocate-workspace,gaia,allocation,allocateWorkspace,allocationAllocateWorkspace,MemoryOpRequest,standard,host,not-applicable,,open-gpu-modules
gaia.allocation.free-memory,gaia,allocation,freeMemory,allocationFreeMemory,MemoryOpRequest,standard,host,not-applicable,,open-gpu-modules
gaia.allocation.query-allocation,gaia,allocation,queryAllocation,allocationQueryAllocation,MemoryOpRequest,standard,host,not-applicable,,open-gpu-modules
gaia.allocation.set-allocation-compressibility,gaia,allocation,setAllocationCompressibility,allocationSetAllocationCompressibility,MemoryOpRequest,standard,host,not-applicable,,open-gpu-modules
gaia.allocation.set-allocation-priority,gaia,allocation,setAllocationPriority,allocationSetAllocationPriority,MemoryOpRequest,standard,host,not-applicable,,open-gpu-modules
gaia.allocation.set-allocation-tag,gaia,allocation,setAllocationTag,allocationSetAllocationTag,MemoryOpRequest,standard,host,not-applicable,,open-gpu-modules
gaia.arena_pool.arena-checkpoint,gaia,arena_pool,arenaCheckpoint,arenaPoolArenaCheckpoint,MemoryOpRequest,standard,host,not-applicable,,
gaia.arena_pool.arena-fragmentation-report,gaia,arena_pool,arenaFragmentationReport,arenaPoolArenaFragmentationReport,MemoryOpRequest,standard,host,not-applicable,,
gaia.arena_pool.arena-guard,gaia,arena_pool,arenaGuard,arenaPoolArenaGuard,MemoryOpRequest,standard,host,not-applicable,,
gaia.arena_pool.arena-leak-report,gaia,arena_pool,arenaLeakReport,arenaPoolArenaLeakReport,MemoryOpRequest,standard,host,not-applicable,,
gaia.arena_pool.arena-poison,gaia,arena_pool,arenaPoison,arenaPoolArenaPoison,MemoryOpRequest,standard,host,not-applicable,,
gaia.arena_pool.arena-restore,gaia,arena_pool,arenaRestore,arenaPoolArenaRestore,MemoryOpRequest,standard,host,not-applicable,,
gaia.arena_pool.arena-rollback,gaia,arena_pool,arenaRollback,arenaPoolArenaRollback,MemoryOpRequest,standard,host,not-applicable,,
gaia.arena_pool.arena-snapshot,gaia,arena_pool,arenaSnapshot,arenaPoolArenaSnapshot,MemoryOpRequest,standard,host,not-applicable,,
gaia.arena_pool.arena-validate,gaia,arena_pool,arenaValidate,arenaPoolArenaValidate,MemoryOpRequest,standard,host,not-applicable,,
gaia.arena_pool.create-arena,gaia,arena_pool,createArena,arenaPoolCreateArena,MemoryOpRequest,standard,host,not-applicable,,
gaia.arena_pool.create-pool,gaia,arena_pool,createPool,arenaPoolCreatePool,MemoryOpRequest,standard,host,not-applicable,,
gaia.arena_pool.destroy-arena,gaia,arena_pool,destroyArena,arenaPoolDestroyArena,MemoryOpRequest,standard,host,not-applicable,,
gaia.arena_pool.destroy-pool,gaia,arena_pool,destroyPool,arenaPoolDestroyPool,MemoryOpRequest,standard,host,not-applicable,,
gaia.arena_pool.pool-acquire,gaia,arena_pool,poolAcquire,arenaPoolPoolAcquire,MemoryOpRequest,standard,host,not-applicable,,
gaia.arena_pool.pool-defragment,gaia,arena_pool,poolDefragment,arenaPoolPoolDefragment,MemoryOpRequest,standard,host,not-applicable,,
gaia.arena_pool.pool-release,gaia,arena_pool,poolRelease,arenaPoolPoolRelease,MemoryOpRequest,standard,host,not-applicable,,
gaia.arena_pool.pool-trim,gaia,arena_pool,poolTrim,arenaPoolPoolTrim,MemoryOpRequest,standard,host,not-applicable,,
gaia.arena_pool.suballocate,gaia,arena_pool,suballocate,arenaPoolSuballocate,MemoryOpRequest,standard,host,not-applicable,,
gaia.arena_pool.subfree,gaia,arena_pool,subfree,arenaPoolSubfree,MemoryOpRequest,standard,host,not-applicable,,
gaia.copy_fill.asynchronous-copy,gaia,copy_fill,asynchronousCopy,copyFillAsynchronousCopy,MemoryOpRequest,standard,host;sm86,not-applicable,,
gaia.copy_fill.batched-copy,gaia,copy_fill,batchedCopy,copyFillBatchedCopy,MemoryOpRequest,standard,host;sm86,not-applicable,,
gaia.copy_fill.checksum-copy,gaia,copy_fill,checksumCopy,copyFillChecksumCopy,MemoryOpRequest,research,host;sm86,not-applicable,,
gaia.copy_fill.copy2d,gaia,copy_fill,copy2d,copyFillCopy2d,MemoryOpRequest,standard,host;sm86,not-applicable,,
gaia.copy_fill.copy3d,gaia,copy_fill,copy3d,copyFillCopy3d,MemoryOpRequest,standard,host;sm86,not-applicable,,
gaia.copy_fill.copy-compressed,gaia,copy_fill,copyCompressed,copyFillCopyCompressed,MemoryOpRequest,standard,host;sm86,not-applicable,,
gaia.copy_fill.copy-decompressed,gaia,copy_fill,copyDecompressed,copyFillCopyDecompressed,MemoryOpRequest,standard,host;sm86,not-applicable,,
gaia.copy_fill.copy-device-to-device,gaia,copy_fill,copyDeviceToDevice,copyFillCopyDeviceToDevice,MemoryOpRequest,standard,host;sm86,not-applicable,,
gaia.copy_fill.copy-device-to-host,gaia,copy_fill,copyDeviceToHost,copyFillCopyDeviceToHost,MemoryOpRequest,standard,host;sm86,not-applicable,,
gaia.copy_fill.copy-gather,gaia,copy_fill,copyGather,copyFillCopyGather,MemoryOpRequest,standard,host;sm86,not-applicable,,
gaia.copy_fill.copy-host-to-device,gaia,copy_fill,copyHostToDevice,copyFillCopyHostToDevice,MemoryOpRequest,standard,host;sm86,not-applicable,,
gaia.copy_fill.copy-peer-to-peer,gaia,copy_fill,copyPeerToPeer,copyFillCopyPeerToPeer,MemoryOpRequest,standard,host;sm86,not-applicable,,
gaia.copy_fill.copy-scatter,gaia,copy_fill,copyScatter,copyFillCopyScatter,MemoryOpRequest,standard,host;sm86,not-applicable,,
gaia.copy_fill.copy-strided,gaia,copy_fill,copyStrided,copyFillCopyStrided,MemoryOpRequest,standard,host;sm86,not-applicable,,
gaia.copy_fill.fill-bytes,gaia,copy_fill,fillBytes,copyFillFillBytes,MemoryOpRequest,standard,host;sm86,not-applicable,,
gaia.copy_fill.fill-words,gaia,copy_fill,fillWords,copyFillFillWords,MemoryOpRequest,standard,host;sm86,not-applicable,,
gaia.copy_fill.pattern-fill,gaia,copy_fill,patternFill,copyFillPatternFill,MemoryOpRequest,standard,host;sm86,not-applicable,,
gaia.copy_fill.verified-copy,gaia,copy_fill,verifiedCopy,copyFillVerifiedCopy,MemoryOpRequest,standard,host;sm86,not-applicable,,
gaia.copy_fill.zero-memory,gaia,copy_fill,zeroMemory,copyFillZeroMemory,MemoryOpRequest,standard,host;sm86,not-applicable,,
gaia.host_mapping.create-staging-map,gaia,host_mapping,createStagingMap,hostMappingCreateStagingMap,MemoryOpRequest,standard,host,not-applicable,,
gaia.host_mapping.destroy-staging-map,gaia,host_mapping,destroyStagingMap,hostMappingDestroyStagingMap,MemoryOpRequest,standard,host,not-applicable,,
gaia.host_mapping.fault-in-pages,gaia,host_mapping,faultInPages,hostMappingFaultInPages,MemoryOpRequest,standard,host,not-applicable,,
gaia.host_mapping.flush-host-writes,gaia,host_mapping,flushHostWrites,hostMappingFlushHostWrites,MemoryOpRequest,standard,host,not-applicable,,
gaia.host_mapping.invalidate-host-reads,gaia,host_mapping,invalidateHostReads,hostMappingInvalidateHostReads,MemoryOpRequest,standard,host,not-applicable,,
gaia.host_mapping.map-bar1,gaia,host_mapping,mapBar1,hostMappingMapBar1,MemoryOpRequest,standard,host,not-applicable,,
gaia.host_mapping.map-host,gaia,host_mapping,mapHost,hostMappingMapHost,MemoryOpRequest,standard,host,not-applicable,,
gaia.host_mapping.pin-user-pages,gaia,host_mapping,pinUserPages,hostMappingPinUserPages,MemoryOpRequest,standard,host,not-applicable,,
gaia.host_mapping.prefault-pages,gaia,host_mapping,prefaultPages,hostMappingPrefaultPages,MemoryOpRequest,standard,host,not-applicable,,
gaia.host_mapping.query-mapping,gaia,host_mapping,queryMapping,hostMappingQueryMapping,MemoryOpRequest,standard,host,not-applicable,,
gaia.host_mapping.synchronize-mapping,gaia,host_mapping,synchronizeMapping,hostMappingSynchronizeMapping,MemoryOpRequest,standard,host,not-applicable,,
gaia.host_mapping.unmap-bar1,gaia,host_mapping,unmapBar1,hostMappingUnmapBar1,MemoryOpRequest,standard,host,not-applicable,,
gaia.host_mapping.unmap-host,gaia,host_mapping,unmapHost,hostMappingUnmapHost,MemoryOpRequest,standard,host,not-applicable,,
gaia.host_mapping.unpin-user-pages,gaia,host_mapping,unpinUserPages,hostMappingUnpinUserPages,MemoryOpRequest,standard,host,not-applicable,,
gaia.integrity.capture-memory-manifest,gaia,integrity,captureMemoryManifest,integrityCaptureMemoryManifest,MemoryOpRequest,standard,host,not-applicable,,
gaia.integrity.checksum-allocation,gaia,integrity,checksumAllocation,integrityChecksumAllocation,MemoryOpRequest,research,host,not-applicable,,
gaia.integrity.compare-memory-manifest,gaia,integrity,compareMemoryManifest,integrityCompareMemoryManifest,MemoryOpRequest,standard,host,not-applicable,,
gaia.integrity.detect-double-free,gaia,integrity,detectDoubleFree,integrityDetectDoubleFree,MemoryOpRequest,standard,host,not-applicable,,
gaia.integrity.detect-leak,gaia,integrity,detectLeak,integrityDetectLeak,MemoryOpRequest,standard,host,not-applicable,,
gaia.integrity.detect-out-of-bounds,gaia,integrity,detectOutOfBounds,integrityDetectOutOfBounds,MemoryOpRequest,standard,host,not-applicable,,
gaia.integrity.detect-overlap,gaia,integrity,detectOverlap,integrityDetectOverlap,MemoryOpRequest,standard,host,not-applicable,,
gaia.integrity.detect-stale-mapping,gaia,integrity,detectStaleMapping,integrityDetectStaleMapping,MemoryOpRequest,standard,host,not-applicable,,
gaia.integrity.detect-use-after-free,gaia,integrity,detectUseAfterFree,integrityDetectUseAfterFree,MemoryOpRequest,standard,host,not-applicable,,
gaia.integrity.guard-allocation,gaia,integrity,guardAllocation,integrityGuardAllocation,MemoryOpRequest,standard,host,not-applicable,,
gaia.integrity.poison-allocation,gaia,integrity,poisonAllocation,integrityPoisonAllocation,MemoryOpRequest,standard,host,not-applicable,,
gaia.integrity.scrub-sensitive-memory,gaia,integrity,scrubSensitiveMemory,integrityScrubSensitiveMemory,MemoryOpRequest,standard,host,not-applicable,,
gaia.integrity.secure-erase,gaia,integrity,secureErase,integritySecureErase,MemoryOpRequest,standard,host,not-applicable,,
gaia.integrity.unguard-allocation,gaia,integrity,unguardAllocation,integrityUnguardAllocation,MemoryOpRequest,standard,host,not-applicable,,
gaia.integrity.unpoison-allocation,gaia,integrity,unpoisonAllocation,integrityUnpoisonAllocation,MemoryOpRequest,standard,host,not-applicable,,
gaia.integrity.verify-checksum,gaia,integrity,verifyChecksum,integrityVerifyChecksum,MemoryOpRequest,research,host,not-applicable,,
gaia.memory_policy.choose-compression,gaia,memory_policy,chooseCompression,memoryPolicyChooseCompression,MemoryOpRequest,standard,host,not-applicable,,
gaia.memory_policy.choose-eviction-victim,gaia,memory_policy,chooseEvictionVictim,memoryPolicyChooseEvictionVictim,MemoryOpRequest,standard,host,not-applicable,,
gaia.memory_policy.choose-page-size,gaia,memory_policy,choosePageSize,memoryPolicyChoosePageSize,MemoryOpRequest,standard,host,not-applicable,,
gaia.memory_policy.choose-placement,gaia,memory_policy,choosePlacement,memoryPolicyChoosePlacement,MemoryOpRequest,standard,host,not-applicable,,
gaia.memory_policy.choose-prefetch-distance,gaia,memory_policy,choosePrefetchDistance,memoryPolicyChoosePrefetchDistance,MemoryOpRequest,standard,host,not-applicable,,
gaia.memory_policy.choose-replication,gaia,memory_policy,chooseReplication,memoryPolicyChooseReplication,MemoryOpRequest,standard,host,not-applicable,,
gaia.memory_policy.choose-staging-path,gaia,memory_policy,chooseStagingPath,memoryPolicyChooseStagingPath,MemoryOpRequest,standard,host,not-applicable,,
gaia.memory_policy.enforce-memory-budget,gaia,memory_policy,enforceMemoryBudget,memoryPolicyEnforceMemoryBudget,MemoryOpRequest,standard,host,not-applicable,,
gaia.memory_policy.enforce-no-alias,gaia,memory_policy,enforceNoAlias,memoryPolicyEnforceNoAlias,MemoryOpRequest,standard,host,not-applicable,,
gaia.memory_policy.enforce-read-only,gaia,memory_policy,enforceReadOnly,memoryPolicyEnforceReadOnly,MemoryOpRequest,standard,host,not-applicable,,
gaia.memory_policy.enforce-safety-reserve,gaia,memory_policy,enforceSafetyReserve,memoryPolicyEnforceSafetyReserve,MemoryOpRequest,standard,host,not-applicable,,
gaia.memory_policy.enforce-session-quota,gaia,memory_policy,enforceSessionQuota,memoryPolicyEnforceSessionQuota,MemoryOpRequest,standard,host,not-applicable,,
gaia.memory_policy.estimate-fragmentation,gaia,memory_policy,estimateFragmentation,memoryPolicyEstimateFragmentation,MemoryOpRequest,standard,host,not-applicable,,
gaia.memory_policy.estimate-reuse-distance,gaia,memory_policy,estimateReuseDistance,memoryPolicyEstimateReuseDistance,MemoryOpRequest,standard,host,not-applicable,,
gaia.memory_policy.estimate-transfer-cost,gaia,memory_policy,estimateTransferCost,memoryPolicyEstimateTransferCost,MemoryOpRequest,standard,host,not-applicable,,
gaia.memory_policy.estimate-working-set,gaia,memory_policy,estimateWorkingSet,memoryPolicyEstimateWorkingSet,MemoryOpRequest,standard,host,not-applicable,,
gaia.residency.evict-resident,gaia,residency,evictResident,residencyEvictResident,MemoryOpRequest,standard,host,not-applicable,,
gaia.residency.hotset-demote,gaia,residency,hotsetDemote,residencyHotsetDemote,MemoryOpRequest,standard,host,not-applicable,,
gaia.residency.hotset-promote,gaia,residency,hotsetPromote,residencyHotsetPromote,MemoryOpRequest,standard,host,not-applicable,,
gaia.residency.install-code-image,gaia,residency,installCodeImage,residencyInstallCodeImage,MemoryOpRequest,standard,host,not-applicable,,
gaia.residency.install-district-image,gaia,residency,installDistrictImage,residencyInstallDistrictImage,MemoryOpRequest,standard,host,not-applicable,,
gaia.residency.install-model-image,gaia,residency,installModelImage,residencyInstallModelImage,MemoryOpRequest,standard,host,not-applicable,,
gaia.residency.install-weight-image,gaia,residency,installWeightImage,residencyInstallWeightImage,MemoryOpRequest,standard,host,not-applicable,,
gaia.residency.make-non-resident,gaia,residency,makeNonResident,residencyMakeNonResident,MemoryOpRequest,standard,host,not-applicable,,
gaia.residency.make-resident,gaia,residency,makeResident,residencyMakeResident,MemoryOpRequest,standard,host,not-applicable,,
gaia.residency.migrate-to-gpu,gaia,residency,migrateToGpu,residencyMigrateToGpu,MemoryOpRequest,standard,host,not-applicable,,
gaia.residency.migrate-to-host,gaia,residency,migrateToHost,residencyMigrateToHost,MemoryOpRequest,standard,host,not-applicable,,
gaia.residency.migrate-to-peer,gaia,residency,migrateToPeer,residencyMigrateToPeer,MemoryOpRequest,standard,host,not-applicable,,
gaia.residency.pin-resident,gaia,residency,pinResident,residencyPinResident,MemoryOpRequest,standard,host,not-applicable,,
gaia.residency.prefetch-resident,gaia,residency,prefetchResident,residencyPrefetchResident,MemoryOpRequest,standard,host,not-applicable,,
gaia.residency.query-residency,gaia,residency,queryResidency,residencyQueryResidency,MemoryOpRequest,standard,host,not-applicable,,
gaia.residency.refresh-weight-image,gaia,residency,refreshWeightImage,residencyRefreshWeightImage,MemoryOpRequest,standard,host,not-applicable,,
gaia.residency.set-eviction-policy,gaia,residency,setEvictionPolicy,residencySetEvictionPolicy,MemoryOpRequest,standard,host,not-applicable,,
gaia.residency.set-residency-priority,gaia,residency,setResidencyPriority,residencySetResidencyPriority,MemoryOpRequest,standard,host,not-applicable,,
gaia.residency.touch-resident,gaia,residency,touchResident,residencyTouchResident,MemoryOpRequest,standard,host,not-applicable,,
gaia.residency.uninstall-district-image,gaia,residency,uninstallDistrictImage,residencyUninstallDistrictImage,MemoryOpRequest,standard,host,not-applicable,,
gaia.residency.uninstall-model-image,gaia,residency,uninstallModelImage,residencyUninstallModelImage,MemoryOpRequest,standard,host,not-applicable,,
gaia.residency.unpin-resident,gaia,residency,unpinResident,residencyUnpinResident,MemoryOpRequest,standard,host,not-applicable,,
gaia.session_state.append-episodic-record,gaia,session_state,appendEpisodicRecord,sessionStateAppendEpisodicRecord,MemoryOpRequest,standard,host,not-applicable,,
gaia.session_state.clone-session-state,gaia,session_state,cloneSessionState,sessionStateCloneSessionState,MemoryOpRequest,standard,host,not-applicable,,
gaia.session_state.compact-episodic-ring,gaia,session_state,compactEpisodicRing,sessionStateCompactEpisodicRing,MemoryOpRequest,standard,host,not-applicable,,
gaia.session_state.create-binding-table,gaia,session_state,createBindingTable,sessionStateCreateBindingTable,MemoryOpRequest,standard,host,not-applicable,,
gaia.session_state.create-episodic-ring,gaia,session_state,createEpisodicRing,sessionStateCreateEpisodicRing,MemoryOpRequest,standard,host,not-applicable,,
gaia.session_state.create-session-state,gaia,session_state,createSessionState,sessionStateCreateSessionState,MemoryOpRequest,standard,host,not-applicable,,
gaia.session_state.delete-binding,gaia,session_state,deleteBinding,sessionStateDeleteBinding,MemoryOpRequest,standard,host,not-applicable,,
gaia.session_state.deserialize-session-state,gaia,session_state,deserializeSessionState,sessionStateDeserializeSessionState,MemoryOpRequest,standard,host,not-applicable,,
gaia.session_state.destroy-session-state,gaia,session_state,destroySessionState,sessionStateDestroySessionState,MemoryOpRequest,standard,host,not-applicable,,
gaia.session_state.evict-episodic-record,gaia,session_state,evictEpisodicRecord,sessionStateEvictEpisodicRecord,MemoryOpRequest,standard,host,not-applicable,,
gaia.session_state.inspect-binding-table,gaia,session_state,inspectBindingTable,sessionStateInspectBindingTable,MemoryOpRequest,standard,host,not-applicable,,
gaia.session_state.map-session-state,gaia,session_state,mapSessionState,sessionStateMapSessionState,MemoryOpRequest,standard,host,not-applicable,,
gaia.session_state.migrate-session-state,gaia,session_state,migrateSessionState,sessionStateMigrateSessionState,MemoryOpRequest,standard,host,not-applicable,,
gaia.session_state.restore-session-state,gaia,session_state,restoreSessionState,sessionStateRestoreSessionState,MemoryOpRequest,standard,host,not-applicable,,
gaia.session_state.serialize-session-state,gaia,session_state,serializeSessionState,sessionStateSerializeSessionState,MemoryOpRequest,standard,host,not-applicable,,
gaia.session_state.snapshot-session-state,gaia,session_state,snapshotSessionState,sessionStateSnapshotSessionState,MemoryOpRequest,standard,host,not-applicable,,
gaia.session_state.unmap-session-state,gaia,session_state,unmapSessionState,sessionStateUnmapSessionState,MemoryOpRequest,standard,host,not-applicable,,
gaia.session_state.update-binding-table,gaia,session_state,updateBindingTable,sessionStateUpdateBindingTable,MemoryOpRequest,standard,host,not-applicable,,
gaia.session_state.validate-session-isolation,gaia,session_state,validateSessionIsolation,sessionStateValidateSessionIsolation,MemoryOpRequest,standard,host,not-applicable,,
gaia.virtual_address.create-address-space,gaia,virtual_address,createAddressSpace,virtualAddressCreateAddressSpace,MemoryOpRequest,standard,host,not-applicable,,
gaia.virtual_address.create-peer-alias,gaia,virtual_address,createPeerAlias,virtualAddressCreatePeerAlias,MemoryOpRequest,standard,host,not-applicable,,
gaia.virtual_address.create-read-only-alias,gaia,virtual_address,createReadOnlyAlias,virtualAddressCreateReadOnlyAlias,MemoryOpRequest,standard,host,not-applicable,,
gaia.virtual_address.create-va-alias,gaia,virtual_address,createVaAlias,virtualAddressCreateVaAlias,MemoryOpRequest,standard,host,not-applicable,,
gaia.virtual_address.destroy-address-space,gaia,virtual_address,destroyAddressSpace,virtualAddressDestroyAddressSpace,MemoryOpRequest,standard,host,not-applicable,,
gaia.virtual_address.dump-page-table,gaia,virtual_address,dumpPageTable,virtualAddressDumpPageTable,MemoryOpRequest,standard,host,not-applicable,,
gaia.virtual_address.find-free-gpu-va,gaia,virtual_address,findFreeGpuVa,virtualAddressFindFreeGpuVa,MemoryOpRequest,standard,host,not-applicable,,
gaia.virtual_address.free-gpu-va,gaia,virtual_address,freeGpuVa,virtualAddressFreeGpuVa,MemoryOpRequest,standard,host,not-applicable,,
gaia.virtual_address.map-gpu-va,gaia,virtual_address,mapGpuVa,virtualAddressMapGpuVa,MemoryOpRequest,standard,host,not-applicable,,
gaia.virtual_address.protect-gpu-va,gaia,virtual_address,protectGpuVa,virtualAddressProtectGpuVa,MemoryOpRequest,standard,host,not-applicable,,
gaia.virtual_address.query-gpu-va,gaia,virtual_address,queryGpuVa,virtualAddressQueryGpuVa,MemoryOpRequest,standard,host,not-applicable,,
gaia.virtual_address.remap-gpu-va,gaia,virtual_address,remapGpuVa,virtualAddressRemapGpuVa,MemoryOpRequest,standard,host,not-applicable,,
gaia.virtual_address.reserve-gpu-va,gaia,virtual_address,reserveGpuVa,virtualAddressReserveGpuVa,MemoryOpRequest,standard,host,not-applicable,,
gaia.virtual_address.set-compression-tag,gaia,virtual_address,setCompressionTag,virtualAddressSetCompressionTag,MemoryOpRequest,standard,host,not-applicable,,
gaia.virtual_address.set-mapping-kind,gaia,virtual_address,setMappingKind,virtualAddressSetMappingKind,MemoryOpRequest,standard,future-or-emulated;host,not-applicable,,
gaia.virtual_address.set-page-size,gaia,virtual_address,setPageSize,virtualAddressSetPageSize,MemoryOpRequest,standard,host,not-applicable,,
gaia.virtual_address.unmap-gpu-va,gaia,virtual_address,unmapGpuVa,virtualAddressUnmapGpuVa,MemoryOpRequest,standard,host,not-applicable,,
gaia.virtual_address.validate-gpu-va,gaia,virtual_address,validateGpuVa,virtualAddressValidateGpuVa,MemoryOpRequest,standard,host,not-applicable,,
helios.device.close-device,helios,device,closeDevice,deviceCloseDevice,BackendOpRequest,standard,architecture-agnostic,not-applicable,,cuda-guide;open-gpu-modules
helios.device.create-context,helios,device,createContext,deviceCreateContext,BackendOpRequest,standard,architecture-agnostic,not-applicable,,cuda-guide;open-gpu-modules
helios.device.destroy-context,helios,device,destroyContext,deviceDestroyContext,BackendOpRequest,standard,architecture-agnostic,not-applicable,,cuda-guide;open-gpu-modules
helios.device.enumerate-devices,helios,device,enumerateDevices,deviceEnumerateDevices,BackendOpRequest,standard,architecture-agnostic,not-applicable,,cuda-guide;open-gpu-modules
helios.device.open-device,helios,device,openDevice,deviceOpenDevice,BackendOpRequest,standard,architecture-agnostic,not-applicable,,cuda-guide;open-gpu-modules
helios.device.query-architecture,helios,device,queryArchitecture,deviceQueryArchitecture,BackendOpRequest,standard,architecture-agnostic,not-applicable,,cuda-guide;open-gpu-modules
helios.device.query-capabilities,helios,device,queryCapabilities,deviceQueryCapabilities,BackendOpRequest,standard,architecture-agnostic,not-applicable,,cuda-guide;open-gpu-modules
helios.device.query-clocks,helios,device,queryClocks,deviceQueryClocks,BackendOpRequest,standard,architecture-agnostic,not-applicable,,cuda-guide;open-gpu-modules
helios.device.query-memory,helios,device,queryMemory,deviceQueryMemory,BackendOpRequest,standard,architecture-agnostic,not-applicable,,cuda-guide;open-gpu-modules
helios.device.query-power,helios,device,queryPower,deviceQueryPower,BackendOpRequest,standard,architecture-agnostic,not-applicable,,cuda-guide;open-gpu-modules
helios.device.query-thermals,helios,device,queryThermals,deviceQueryThermals,BackendOpRequest,standard,architecture-agnostic,not-applicable,,cuda-guide;open-gpu-modules
helios.device.query-topology,helios,device,queryTopology,deviceQueryTopology,BackendOpRequest,standard,architecture-agnostic,not-applicable,,cuda-guide;open-gpu-modules
helios.device.reset-context,helios,device,resetContext,deviceResetContext,BackendOpRequest,standard,architecture-agnostic,not-applicable,,cuda-guide;open-gpu-modules
helios.device.set-determinism-policy,helios,device,setDeterminismPolicy,deviceSetDeterminismPolicy,BackendOpRequest,standard,architecture-agnostic,not-applicable,,cuda-guide;open-gpu-modules
helios.device.set-execution-mode,helios,device,setExecutionMode,deviceSetExecutionMode,BackendOpRequest,standard,architecture-agnostic,not-applicable,,cuda-guide;open-gpu-modules
helios.device.set-math-mode,helios,device,setMathMode,deviceSetMathMode,BackendOpRequest,standard,architecture-agnostic;future-or-emulated,not-applicable,,cuda-guide;open-gpu-modules
helios.device.set-power-policy,helios,device,setPowerPolicy,deviceSetPowerPolicy,BackendOpRequest,standard,architecture-agnostic,not-applicable,,cuda-guide;open-gpu-modules
helios.device.set-precision-policy,helios,device,setPrecisionPolicy,deviceSetPrecisionPolicy,BackendOpRequest,standard,architecture-agnostic,not-applicable,,cuda-guide;open-gpu-modules
helios.device.synchronize-device,helios,device,synchronizeDevice,deviceSynchronizeDevice,BackendOpRequest,standard,architecture-agnostic,not-applicable,,cuda-guide;open-gpu-modules
helios.execution.cancel-execution,helios,execution,cancelExecution,executionCancelExecution,BackendOpRequest,standard,architecture-agnostic,not-applicable,,
helios.execution.collect-metrics,helios,execution,collectMetrics,executionCollectMetrics,BackendOpRequest,standard,architecture-agnostic,not-applicable,,
helios.execution.collect-result,helios,execution,collectResult,executionCollectResult,BackendOpRequest,standard,architecture-agnostic,not-applicable,,
helios.execution.collect-trace,helios,execution,collectTrace,executionCollectTrace,BackendOpRequest,standard,architecture-agnostic,not-applicable,,
helios.execution.enqueue,helios,execution,enqueue,executionEnqueue,BackendOpRequest,standard,architecture-agnostic,not-applicable,,
helios.execution.enqueue-batch,helios,execution,enqueueBatch,executionEnqueueBatch,BackendOpRequest,standard,architecture-agnostic,not-applicable,,
helios.execution.enqueue-indirect,helios,execution,enqueueIndirect,executionEnqueueIndirect,BackendOpRequest,standard,architecture-agnostic,not-applicable,,
helios.execution.execute,helios,execution,execute,executionExecute,BackendOpRequest,standard,architecture-agnostic,not-applicable,,
helios.execution.execute-actor-wave,helios,execution,executeActorWave,executionExecuteActorWave,BackendOpRequest,standard,architecture-agnostic,not-applicable,,
helios.execution.execute-async,helios,execution,executeAsync,executionExecuteAsync,BackendOpRequest,standard,architecture-agnostic,not-applicable,,
helios.execution.execute-graph,helios,execution,executeGraph,executionExecuteGraph,BackendOpRequest,standard,architecture-agnostic,not-applicable,,
helios.execution.execute-resident,helios,execution,executeResident,executionExecuteResident,BackendOpRequest,standard,architecture-agnostic,not-applicable,,
helios.execution.execute-until-quiescent,helios,execution,executeUntilQuiescent,executionExecuteUntilQuiescent,BackendOpRequest,standard,architecture-agnostic,not-applicable,,
helios.execution.fallback-execution,helios,execution,fallbackExecution,executionFallbackExecution,BackendOpRequest,standard,architecture-agnostic,not-applicable,,
helios.execution.poll-execution,helios,execution,pollExecution,executionPollExecution,BackendOpRequest,standard,architecture-agnostic,not-applicable,,
helios.execution.recover-execution,helios,execution,recoverExecution,executionRecoverExecution,BackendOpRequest,standard,architecture-agnostic,not-applicable,,
helios.execution.retry-execution,helios,execution,retryExecution,executionRetryExecution,BackendOpRequest,standard,architecture-agnostic,not-applicable,,
helios.execution.set-deadline,helios,execution,setDeadline,executionSetDeadline,BackendOpRequest,standard,architecture-agnostic,not-applicable,,
helios.execution.set-error-budget,helios,execution,setErrorBudget,executionSetErrorBudget,BackendOpRequest,standard,architecture-agnostic,not-applicable,,
helios.execution.set-event-budget,helios,execution,setEventBudget,executionSetEventBudget,BackendOpRequest,standard,architecture-agnostic,not-applicable,,
helios.execution.set-execution-budget,helios,execution,setExecutionBudget,executionSetExecutionBudget,BackendOpRequest,standard,architecture-agnostic,not-applicable,,
helios.execution.set-execution-priority,helios,execution,setExecutionPriority,executionSetExecutionPriority,BackendOpRequest,standard,architecture-agnostic,not-applicable,,
helios.execution.set-memory-budget,helios,execution,setMemoryBudget,executionSetMemoryBudget,BackendOpRequest,standard,architecture-agnostic,not-applicable,,
helios.execution.wait-execution,helios,execution,waitExecution,executionWaitExecution,BackendOpRequest,standard,architecture-agnostic,not-applicable,,
helios.fusion.defuse-for-determinism,helios,fusion,defuseForDeterminism,fusionDefuseForDeterminism,BackendOpRequest,standard,architecture-agnostic,not-applicable,,
helios.fusion.defuse-for-occupancy,helios,fusion,defuseForOccupancy,fusionDefuseForOccupancy,BackendOpRequest,standard,architecture-agnostic,not-applicable,,
helios.fusion.defuse-for-register-pressure,helios,fusion,defuseForRegisterPressure,fusionDefuseForRegisterPressure,BackendOpRequest,standard,architecture-agnostic,not-applicable,,
helios.fusion.fuse-actor-transition,helios,fusion,fuseActorTransition,fusionFuseActorTransition,BackendOpRequest,standard,architecture-agnostic,not-applicable,,
helios.fusion.fuse-attention,helios,fusion,fuseAttention,fusionFuseAttention,BackendOpRequest,standard,architecture-agnostic,not-applicable,,
helios.fusion.fuse-dequantize,helios,fusion,fuseDequantize,fusionFuseDequantize,BackendOpRequest,standard,architecture-agnostic,not-applicable,,
helios.fusion.fuse-elementwise-chain,helios,fusion,fuseElementwiseChain,fusionFuseElementwiseChain,BackendOpRequest,standard,architecture-agnostic,not-applicable,,
helios.fusion.fuse-fft,helios,fusion,fuseFft,fusionFuseFft,BackendOpRequest,standard,architecture-agnostic,not-applicable,,
helios.fusion.fuse-gemm-epilogue,helios,fusion,fuseGemmEpilogue,fusionFuseGemmEpilogue,BackendOpRequest,standard,architecture-agnostic,not-applicable,,
helios.fusion.fuse-gemm-prologue,helios,fusion,fuseGemmPrologue,fusionFuseGemmPrologue,BackendOpRequest,standard,architecture-agnostic,not-applicable,,
helios.fusion.fuse-memory-lookup,helios,fusion,fuseMemoryLookup,fusionFuseMemoryLookup,BackendOpRequest,standard,architecture-agnostic,not-applicable,,
helios.fusion.fuse-norm-residual,helios,fusion,fuseNormResidual,fusionFuseNormResidual,BackendOpRequest,standard,architecture-agnostic,not-applicable,,
helios.fusion.fuse-optimizer,helios,fusion,fuseOptimizer,fusionFuseOptimizer,BackendOpRequest,standard,architecture-agnostic,not-applicable,,
helios.fusion.fuse-quantize,helios,fusion,fuseQuantize,fusionFuseQuantize,BackendOpRequest,standard,architecture-agnostic,not-applicable,,
helios.fusion.fuse-reduction-epilogue,helios,fusion,fuseReductionEpilogue,fusionFuseReductionEpilogue,BackendOpRequest,standard,architecture-agnostic,not-applicable,,
helios.fusion.fuse-sampling,helios,fusion,fuseSampling,fusionFuseSampling,BackendOpRequest,standard,architecture-agnostic,not-applicable,,
helios.fusion.fuse-scan,helios,fusion,fuseScan,fusionFuseScan,BackendOpRequest,standard,architecture-agnostic,not-applicable,,
helios.fusion.fuse-sparse-pipeline,helios,fusion,fuseSparsePipeline,fusionFuseSparsePipeline,BackendOpRequest,standard,architecture-agnostic,not-applicable,,
helios.graph.add-graph-dependency,helios,graph,addGraphDependency,graphAddGraphDependency,BackendOpRequest,standard,architecture-agnostic,not-applicable,,
helios.graph.add-graph-node,helios,graph,addGraphNode,graphAddGraphNode,BackendOpRequest,standard,architecture-agnostic,not-applicable,,
helios.graph.capture-graph,helios,graph,captureGraph,graphCaptureGraph,BackendOpRequest,standard,architecture-agnostic,not-applicable,,
helios.graph.clone-graph,helios,graph,cloneGraph,graphCloneGraph,BackendOpRequest,standard,architecture-agnostic,not-applicable,,
helios.graph.compile-graph,helios,graph,compileGraph,graphCompileGraph,BackendOpRequest,standard,architecture-agnostic,not-applicable,,
helios.graph.create-graph,helios,graph,createGraph,graphCreateGraph,BackendOpRequest,standard,architecture-agnostic,not-applicable,,
helios.graph.destroy-graph,helios,graph,destroyGraph,graphDestroyGraph,BackendOpRequest,standard,architecture-agnostic,not-applicable,,
helios.graph.finalize-graph,helios,graph,finalizeGraph,graphFinalizeGraph,BackendOpRequest,standard,architecture-agnostic,not-applicable,,
helios.graph.fuse-graph,helios,graph,fuseGraph,graphFuseGraph,BackendOpRequest,standard,architecture-agnostic,not-applicable,,
helios.graph.instantiate-graph,helios,graph,instantiateGraph,graphInstantiateGraph,BackendOpRequest,standard,architecture-agnostic,not-applicable,,
helios.graph.optimize-graph,helios,graph,optimizeGraph,graphOptimizeGraph,BackendOpRequest,standard,architecture-agnostic,not-applicable,,
helios.graph.partition-graph,helios,graph,partitionGraph,graphPartitionGraph,BackendOpRequest,standard,architecture-agnostic,not-applicable,,
helios.graph.profile-graph,helios,graph,profileGraph,graphProfileGraph,BackendOpRequest,standard,architecture-agnostic,not-applicable,,
helios.graph.remove-graph-dependency,helios,graph,removeGraphDependency,graphRemoveGraphDependency,BackendOpRequest,standard,architecture-agnostic,not-applicable,,
helios.graph.remove-graph-node,helios,graph,removeGraphNode,graphRemoveGraphNode,BackendOpRequest,standard,architecture-agnostic,not-applicable,,
helios.graph.replay-graph,helios,graph,replayGraph,graphReplayGraph,BackendOpRequest,standard,architecture-agnostic,not-applicable,,
helios.graph.schedule-graph,helios,graph,scheduleGraph,graphScheduleGraph,BackendOpRequest,standard,architecture-agnostic,not-applicable,,
helios.graph.serialize-graph,helios,graph,serializeGraph,graphSerializeGraph,BackendOpRequest,standard,architecture-agnostic,not-applicable,,
helios.graph.update-graph-parameters,helios,graph,updateGraphParameters,graphUpdateGraphParameters,BackendOpRequest,standard,architecture-agnostic,not-applicable,,
helios.graph.validate-graph,helios,graph,validateGraph,graphValidateGraph,BackendOpRequest,standard,architecture-agnostic,not-applicable,,
helios.kernel_selection.autotune-kernel,helios,kernel_selection,autotuneKernel,kernelSelectionAutotuneKernel,BackendOpRequest,standard,architecture-agnostic,not-applicable,,
helios.kernel_selection.benchmark-kernel,helios,kernel_selection,benchmarkKernel,kernelSelectionBenchmarkKernel,BackendOpRequest,standard,architecture-agnostic,not-applicable,,
helios.kernel_selection.cache-tuning-result,helios,kernel_selection,cacheTuningResult,kernelSelectionCacheTuningResult,BackendOpRequest,standard,architecture-agnostic,not-applicable,,
helios.kernel_selection.enumerate-kernels,helios,kernel_selection,enumerateKernels,kernelSelectionEnumerateKernels,BackendOpRequest,standard,architecture-agnostic,not-applicable,,
helios.kernel_selection.explain-kernel-choice,helios,kernel_selection,explainKernelChoice,kernelSelectionExplainKernelChoice,BackendOpRequest,standard,architecture-agnostic,not-applicable,,
helios.kernel_selection.invalidate-tuning-result,helios,kernel_selection,invalidateTuningResult,kernelSelectionInvalidateTuningResult,BackendOpRequest,standard,architecture-agnostic,not-applicable,,
helios.kernel_selection.match-kernel,helios,kernel_selection,matchKernel,kernelSelectionMatchKernel,BackendOpRequest,standard,architecture-agnostic,not-applicable,,
helios.kernel_selection.register-kernel,helios,kernel_selection,registerKernel,kernelSelectionRegisterKernel,BackendOpRequest,standard,architecture-agnostic,not-applicable,,
helios.kernel_selection.score-kernel,helios,kernel_selection,scoreKernel,kernelSelectionScoreKernel,BackendOpRequest,standard,architecture-agnostic,not-applicable,,
helios.kernel_selection.select-approximate-kernel,helios,kernel_selection,selectApproximateKernel,kernelSelectionSelectApproximateKernel,BackendOpRequest,standard,architecture-agnostic,not-applicable,,
helios.kernel_selection.select-deterministic-kernel,helios,kernel_selection,selectDeterministicKernel,kernelSelectionSelectDeterministicKernel,BackendOpRequest,standard,architecture-agnostic,not-applicable,,
helios.kernel_selection.select-exact-kernel,helios,kernel_selection,selectExactKernel,kernelSelectionSelectExactKernel,BackendOpRequest,standard,architecture-agnostic,not-applicable,,
helios.kernel_selection.select-fallback-kernel,helios,kernel_selection,selectFallbackKernel,kernelSelectionSelectFallbackKernel,BackendOpRequest,standard,architecture-agnostic,not-applicable,,
helios.kernel_selection.select-grouped-kernel,helios,kernel_selection,selectGroupedKernel,kernelSelectionSelectGroupedKernel,BackendOpRequest,standard,architecture-agnostic,not-applicable,,
helios.kernel_selection.select-kernel,helios,kernel_selection,selectKernel,kernelSelectionSelectKernel,BackendOpRequest,standard,architecture-agnostic,not-applicable,,
helios.kernel_selection.select-low-bit-kernel,helios,kernel_selection,selectLowBitKernel,kernelSelectionSelectLowBitKernel,BackendOpRequest,standard,architecture-agnostic,not-applicable,,
helios.kernel_selection.select-persistent-kernel,helios,kernel_selection,selectPersistentKernel,kernelSelectionSelectPersistentKernel,BackendOpRequest,standard,architecture-agnostic,not-applicable,,
helios.kernel_selection.select-resident-kernel,helios,kernel_selection,selectResidentKernel,kernelSelectionSelectResidentKernel,BackendOpRequest,standard,architecture-agnostic,not-applicable,,
helios.kernel_selection.select-sparse-kernel,helios,kernel_selection,selectSparseKernel,kernelSelectionSelectSparseKernel,BackendOpRequest,standard,architecture-agnostic,not-applicable,,
helios.kernel_selection.unregister-kernel,helios,kernel_selection,unregisterKernel,kernelSelectionUnregisterKernel,BackendOpRequest,standard,architecture-agnostic,not-applicable,,
helios.observability.begin-trace,helios,observability,beginTrace,observabilityBeginTrace,BackendOpRequest,standard,architecture-agnostic,not-applicable,,
helios.observability.compare-trace,helios,observability,compareTrace,observabilityCompareTrace,BackendOpRequest,standard,architecture-agnostic,not-applicable,,
helios.observability.dump-ir,helios,observability,dumpIr,observabilityDumpIr,BackendOpRequest,standard,architecture-agnostic,not-applicable,,
helios.observability.dump-launch,helios,observability,dumpLaunch,observabilityDumpLaunch,BackendOpRequest,standard,architecture-agnostic,not-applicable,,
helios.observability.dump-memory-map,helios,observability,dumpMemoryMap,observabilityDumpMemoryMap,BackendOpRequest,standard,architecture-agnostic,not-applicable,,
helios.observability.dump-program,helios,observability,dumpProgram,observabilityDumpProgram,BackendOpRequest,standard,architecture-agnostic,not-applicable,,
helios.observability.dump-sass,helios,observability,dumpSass,observabilityDumpSass,BackendOpRequest,standard,architecture-agnostic,not-applicable,,
helios.observability.dump-timeline,helios,observability,dumpTimeline,observabilityDumpTimeline,BackendOpRequest,standard,architecture-agnostic,not-applicable,,
helios.observability.end-trace,helios,observability,endTrace,observabilityEndTrace,BackendOpRequest,standard,architecture-agnostic,not-applicable,,
helios.observability.mark-range,helios,observability,markRange,observabilityMarkRange,BackendOpRequest,standard,architecture-agnostic,not-applicable,,
helios.observability.record-counter,helios,observability,recordCounter,observabilityRecordCounter,BackendOpRequest,standard,architecture-agnostic,not-applicable,,
helios.observability.record-energy-estimate,helios,observability,recordEnergyEstimate,observabilityRecordEnergyEstimate,BackendOpRequest,standard,architecture-agnostic,not-applicable,,
helios.observability.record-gradient-stats,helios,observability,recordGradientStats,observabilityRecordGradientStats,BackendOpRequest,standard,architecture-agnostic,not-applicable,,
helios.observability.record-kernel-stats,helios,observability,recordKernelStats,observabilityRecordKernelStats,BackendOpRequest,standard,architecture-agnostic,not-applicable,,
helios.observability.record-memory-stats,helios,observability,recordMemoryStats,observabilityRecordMemoryStats,BackendOpRequest,standard,architecture-agnostic,not-applicable,,
helios.observability.record-numerical-error,helios,observability,recordNumericalError,observabilityRecordNumericalError,BackendOpRequest,standard,architecture-agnostic,not-applicable,,
helios.observability.record-queue-stats,helios,observability,recordQueueStats,observabilityRecordQueueStats,BackendOpRequest,standard,architecture-agnostic,not-applicable,,
helios.observability.record-routing-stats,helios,observability,recordRoutingStats,observabilityRecordRoutingStats,BackendOpRequest,standard,architecture-agnostic,not-applicable,,
helios.observability.record-tensor-stats,helios,observability,recordTensorStats,observabilityRecordTensorStats,BackendOpRequest,standard,architecture-agnostic,not-applicable,,
helios.observability.replay-trace,helios,observability,replayTrace,observabilityReplayTrace,BackendOpRequest,standard,architecture-agnostic,not-applicable,,
helios.planning.estimate-bytes,helios,planning,estimateBytes,planningEstimateBytes,BackendOpRequest,standard,architecture-agnostic,not-applicable,,
helios.planning.estimate-communication,helios,planning,estimateCommunication,planningEstimateCommunication,BackendOpRequest,standard,architecture-agnostic,not-applicable,,
helios.planning.estimate-energy,helios,planning,estimateEnergy,planningEstimateEnergy,BackendOpRequest,standard,architecture-agnostic,not-applicable,,
helios.planning.estimate-flops,helios,planning,estimateFlops,planningEstimateFlops,BackendOpRequest,standard,architecture-agnostic,not-applicable,,
helios.planning.estimate-latency,helios,planning,estimateLatency,planningEstimateLatency,BackendOpRequest,standard,architecture-agnostic,not-applicable,,
helios.planning.estimate-numerical-error,helios,planning,estimateNumericalError,planningEstimateNumericalError,BackendOpRequest,standard,architecture-agnostic,not-applicable,,
helios.planning.estimate-occupancy,helios,planning,estimateOccupancy,planningEstimateOccupancy,BackendOpRequest,standard,architecture-agnostic,not-applicable,,
helios.planning.estimate-register-pressure,helios,planning,estimateRegisterPressure,planningEstimateRegisterPressure,BackendOpRequest,standard,architecture-agnostic,not-applicable,,
helios.planning.estimate-shared-memory,helios,planning,estimateSharedMemory,planningEstimateSharedMemory,BackendOpRequest,standard,architecture-agnostic,not-applicable,,
helios.planning.infer-aliases,helios,planning,inferAliases,planningInferAliases,BackendOpRequest,standard,architecture-agnostic,not-applicable,,
helios.planning.infer-effects,helios,planning,inferEffects,planningInferEffects,BackendOpRequest,standard,architecture-agnostic,not-applicable,,
helios.planning.infer-layouts,helios,planning,inferLayouts,planningInferLayouts,BackendOpRequest,standard,architecture-agnostic,not-applicable,,
helios.planning.infer-shapes,helios,planning,inferShapes,planningInferShapes,BackendOpRequest,standard,architecture-agnostic,not-applicable,,
helios.planning.infer-types,helios,planning,inferTypes,planningInferTypes,BackendOpRequest,standard,architecture-agnostic,not-applicable,,
helios.planning.plan-actor-placement,helios,planning,planActorPlacement,planningPlanActorPlacement,BackendOpRequest,standard,architecture-agnostic,not-applicable,,
helios.planning.plan-autotune-search,helios,planning,planAutotuneSearch,planningPlanAutotuneSearch,BackendOpRequest,standard,architecture-agnostic,not-applicable,,
helios.planning.plan-checkpoint,helios,planning,planCheckpoint,planningPlanCheckpoint,BackendOpRequest,standard,architecture-agnostic,not-applicable,,
helios.planning.plan-collectives,helios,planning,planCollectives,planningPlanCollectives,BackendOpRequest,standard,architecture-agnostic,not-applicable,,
helios.planning.plan-eviction,helios,planning,planEviction,planningPlanEviction,BackendOpRequest,standard,architecture-agnostic,not-applicable,,
helios.planning.plan-fusion,helios,planning,planFusion,planningPlanFusion,BackendOpRequest,standard,architecture-agnostic,not-applicable,,
helios.planning.plan-memory,helios,planning,planMemory,planningPlanMemory,BackendOpRequest,standard,architecture-agnostic,not-applicable,,
helios.planning.plan-output-head,helios,planning,planOutputHead,planningPlanOutputHead,BackendOpRequest,standard,architecture-agnostic,not-applicable,,
helios.planning.plan-pipeline,helios,planning,planPipeline,planningPlanPipeline,BackendOpRequest,standard,architecture-agnostic,not-applicable,,
helios.planning.plan-precision,helios,planning,planPrecision,planningPlanPrecision,BackendOpRequest,standard,architecture-agnostic,not-applicable,,
helios.planning.plan-prefetch,helios,planning,planPrefetch,planningPlanPrefetch,BackendOpRequest,standard,architecture-agnostic,not-applicable,,
helios.planning.plan-recompute,helios,planning,planRecompute,planningPlanRecompute,BackendOpRequest,standard,architecture-agnostic,not-applicable,,
helios.planning.plan-resident-set,helios,planning,planResidentSet,planningPlanResidentSet,BackendOpRequest,standard,architecture-agnostic,not-applicable,,
helios.planning.plan-sparsity,helios,planning,planSparsity,planningPlanSparsity,BackendOpRequest,standard,architecture-agnostic,not-applicable,,
helios.planning.plan-tiling,helios,planning,planTiling,planningPlanTiling,BackendOpRequest,standard,architecture-agnostic,not-applicable,,
helios.planning.plan-vectorization,helios,planning,planVectorization,planningPlanVectorization,BackendOpRequest,standard,architecture-agnostic,not-applicable,,
helios.program.cache-program,helios,program,cacheProgram,programCacheProgram,BackendOpRequest,standard,architecture-agnostic,not-applicable,,
helios.program.compile-program,helios,program,compileProgram,programCompileProgram,BackendOpRequest,standard,architecture-agnostic,not-applicable,,
helios.program.create-program,helios,program,createProgram,programCreateProgram,BackendOpRequest,standard,architecture-agnostic,not-applicable,,
helios.program.deserialize-program,helios,program,deserializeProgram,programDeserializeProgram,BackendOpRequest,standard,architecture-agnostic,not-applicable,,
helios.program.destroy-program,helios,program,destroyProgram,programDestroyProgram,BackendOpRequest,standard,architecture-agnostic,not-applicable,,
helios.program.hash-program,helios,program,hashProgram,programHashProgram,BackendOpRequest,standard,architecture-agnostic,not-applicable,,
helios.program.install-resident-program,helios,program,installResidentProgram,programInstallResidentProgram,BackendOpRequest,standard,architecture-agnostic,not-applicable,,
helios.program.link-program,helios,program,linkProgram,programLinkProgram,BackendOpRequest,standard,architecture-agnostic,not-applicable,,
helios.program.load-program,helios,program,loadProgram,programLoadProgram,BackendOpRequest,standard,architecture-agnostic,not-applicable,,
helios.program.query-program-resources,helios,program,queryProgramResources,programQueryProgramResources,BackendOpRequest,standard,architecture-agnostic,not-applicable,,
helios.program.refresh-resident-weights,helios,program,refreshResidentWeights,programRefreshResidentWeights,BackendOpRequest,standard,architecture-agnostic,not-applicable,,
helios.program.serialize-program,helios,program,serializeProgram,programSerializeProgram,BackendOpRequest,standard,architecture-agnostic,not-applicable,,
helios.program.specialize-program,helios,program,specializeProgram,programSpecializeProgram,BackendOpRequest,standard,architecture-agnostic,not-applicable,,
helios.program.uninstall-resident-program,helios,program,uninstallResidentProgram,programUninstallResidentProgram,BackendOpRequest,standard,architecture-agnostic,not-applicable,,
helios.program.unload-program,helios,program,unloadProgram,programUnloadProgram,BackendOpRequest,standard,architecture-agnostic,not-applicable,,
helios.program.validate-program,helios,program,validateProgram,programValidateProgram,BackendOpRequest,standard,architecture-agnostic,not-applicable,,
helios.tensor_storage.alias-tensor,helios,tensor_storage,aliasTensor,tensorStorageAliasTensor,BackendOpRequest,standard,architecture-agnostic,not-applicable,,
helios.tensor_storage.copy-tensor,helios,tensor_storage,copyTensor,tensorStorageCopyTensor,BackendOpRequest,standard,architecture-agnostic,not-applicable,,
helios.tensor_storage.create-tensor,helios,tensor_storage,createTensor,tensorStorageCreateTensor,BackendOpRequest,standard,architecture-agnostic,not-applicable,,
helios.tensor_storage.destroy-tensor,helios,tensor_storage,destroyTensor,tensorStorageDestroyTensor,BackendOpRequest,standard,architecture-agnostic,not-applicable,,
helios.tensor_storage.evict-tensor,helios,tensor_storage,evictTensor,tensorStorageEvictTensor,BackendOpRequest,standard,architecture-agnostic,not-applicable,,
helios.tensor_storage.export-tensor,helios,tensor_storage,exportTensor,tensorStorageExportTensor,BackendOpRequest,standard,architecture-agnostic,not-applicable,,
helios.tensor_storage.fill-tensor,helios,tensor_storage,fillTensor,tensorStorageFillTensor,BackendOpRequest,standard,architecture-agnostic,not-applicable,,
helios.tensor_storage.import-tensor,helios,tensor_storage,importTensor,tensorStorageImportTensor,BackendOpRequest,standard,architecture-agnostic,not-applicable,,
helios.tensor_storage.map-tensor,helios,tensor_storage,mapTensor,tensorStorageMapTensor,BackendOpRequest,standard,architecture-agnostic,not-applicable,,
helios.tensor_storage.migrate-tensor,helios,tensor_storage,migrateTensor,tensorStorageMigrateTensor,BackendOpRequest,standard,architecture-agnostic,not-applicable,,
helios.tensor_storage.pin-tensor,helios,tensor_storage,pinTensor,tensorStoragePinTensor,BackendOpRequest,standard,architecture-agnostic,not-applicable,,
helios.tensor_storage.prefetch-tensor,helios,tensor_storage,prefetchTensor,tensorStoragePrefetchTensor,BackendOpRequest,standard,architecture-agnostic,not-applicable,,
helios.tensor_storage.query-tensor-layout,helios,tensor_storage,queryTensorLayout,tensorStorageQueryTensorLayout,BackendOpRequest,standard,architecture-agnostic,not-applicable,,
helios.tensor_storage.query-tensor-residency,helios,tensor_storage,queryTensorResidency,tensorStorageQueryTensorResidency,BackendOpRequest,standard,architecture-agnostic,not-applicable,,
helios.tensor_storage.restore-tensor,helios,tensor_storage,restoreTensor,tensorStorageRestoreTensor,BackendOpRequest,standard,architecture-agnostic,not-applicable,,
helios.tensor_storage.snapshot-tensor,helios,tensor_storage,snapshotTensor,tensorStorageSnapshotTensor,BackendOpRequest,standard,architecture-agnostic,not-applicable,,
helios.tensor_storage.subview-tensor,helios,tensor_storage,subviewTensor,tensorStorageSubviewTensor,BackendOpRequest,standard,architecture-agnostic,not-applicable,,
helios.tensor_storage.unmap-tensor,helios,tensor_storage,unmapTensor,tensorStorageUnmapTensor,BackendOpRequest,standard,architecture-agnostic,not-applicable,,
helios.tensor_storage.unpin-tensor,helios,tensor_storage,unpinTensor,tensorStorageUnpinTensor,BackendOpRequest,standard,architecture-agnostic,not-applicable,,
helios.tensor_storage.validate-tensor,helios,tensor_storage,validateTensor,tensorStorageValidateTensor,BackendOpRequest,standard,architecture-agnostic,not-applicable,,
helios.tensor_storage.zero-tensor,helios,tensor_storage,zeroTensor,tensorStorageZeroTensor,BackendOpRequest,standard,architecture-agnostic,not-applicable,,
hephaestus.control_schedule.insert-block-barrier,hephaestus,control_schedule,insertBlockBarrier,controlScheduleInsertBlockBarrier,InstructionOpRequest,standard,sm86,not-applicable,,
hephaestus.control_schedule.insert-dependency-barrier,hephaestus,control_schedule,insertDependencyBarrier,controlScheduleInsertDependencyBarrier,InstructionOpRequest,standard,sm86,not-applicable,,
hephaestus.control_schedule.insert-memory-barrier,hephaestus,control_schedule,insertMemoryBarrier,controlScheduleInsertMemoryBarrier,InstructionOpRequest,standard,sm86,not-applicable,,
hephaestus.control_schedule.insert-nop,hephaestus,control_schedule,insertNop,controlScheduleInsertNop,InstructionOpRequest,standard,sm86,not-applicable,,
hephaestus.control_schedule.insert-warp-barrier,hephaestus,control_schedule,insertWarpBarrier,controlScheduleInsertWarpBarrier,InstructionOpRequest,standard,sm86,not-applicable,,
hephaestus.control_schedule.schedule-basic-block,hephaestus,control_schedule,scheduleBasicBlock,controlScheduleScheduleBasicBlock,InstructionOpRequest,standard,sm86,not-applicable,,
hephaestus.control_schedule.schedule-instruction-window,hephaestus,control_schedule,scheduleInstructionWindow,controlScheduleScheduleInstructionWindow,InstructionOpRequest,standard,sm86,not-applicable,,
hephaestus.control_schedule.schedule-software-pipeline,hephaestus,control_schedule,scheduleSoftwarePipeline,controlScheduleScheduleSoftwarePipeline,InstructionOpRequest,standard,sm86,not-applicable,,
hephaestus.control_schedule.set-dependency-mask,hephaestus,control_schedule,setDependencyMask,controlScheduleSetDependencyMask,InstructionOpRequest,standard,sm86,not-applicable,,
hephaestus.control_schedule.set-divergence-hint,hephaestus,control_schedule,setDivergenceHint,controlScheduleSetDivergenceHint,InstructionOpRequest,standard,sm86,not-applicable,,
hephaestus.control_schedule.set-dual-issue-hint,hephaestus,control_schedule,setDualIssueHint,controlScheduleSetDualIssueHint,InstructionOpRequest,standard,sm86,not-applicable,,
hephaestus.control_schedule.set-issue-slot,hephaestus,control_schedule,setIssueSlot,controlScheduleSetIssueSlot,InstructionOpRequest,standard,sm86,not-applicable,,
hephaestus.control_schedule.set-read-barrier,hephaestus,control_schedule,setReadBarrier,controlScheduleSetReadBarrier,InstructionOpRequest,standard,sm86,not-applicable,,
hephaestus.control_schedule.set-reuse-mask,hephaestus,control_schedule,setReuseMask,controlScheduleSetReuseMask,InstructionOpRequest,standard,sm86,not-applicable,,
hephaestus.control_schedule.set-stall-count,hephaestus,control_schedule,setStallCount,controlScheduleSetStallCount,InstructionOpRequest,standard,sm86,not-applicable,,
hephaestus.control_schedule.set-uniform-path-hint,hephaestus,control_schedule,setUniformPathHint,controlScheduleSetUniformPathHint,InstructionOpRequest,standard,sm86,not-applicable,,
hephaestus.control_schedule.set-wait-mask,hephaestus,control_schedule,setWaitMask,controlScheduleSetWaitMask,InstructionOpRequest,standard,future-or-emulated;sm86,not-applicable,,
hephaestus.control_schedule.set-write-barrier,hephaestus,control_schedule,setWriteBarrier,controlScheduleSetWriteBarrier,InstructionOpRequest,standard,sm86,not-applicable,,
hephaestus.control_schedule.set-yield-flag,hephaestus,control_schedule,setYieldFlag,controlScheduleSetYieldFlag,InstructionOpRequest,standard,sm86,not-applicable,,
hephaestus.control_schedule.validate-barrier-lifetime,hephaestus,control_schedule,validateBarrierLifetime,controlScheduleValidateBarrierLifetime,InstructionOpRequest,standard,sm86,not-applicable,,
hephaestus.control_schedule.validate-control-encoding,hephaestus,control_schedule,validateControlEncoding,controlScheduleValidateControlEncoding,InstructionOpRequest,standard,sm86,not-applicable,,
hephaestus.control_schedule.validate-hazards,hephaestus,control_schedule,validateHazards,controlScheduleValidateHazards,InstructionOpRequest,standard,sm86,not-applicable,,
hephaestus.macro_kernel.macro-block-reduce,hephaestus,macro_kernel,macroBlockReduce,macroKernelMacroBlockReduce,InstructionOpRequest,research,sm86,not-applicable,,
hephaestus.macro_kernel.macro-block-scan,hephaestus,macro_kernel,macroBlockScan,macroKernelMacroBlockScan,InstructionOpRequest,research,sm86,not-applicable,,
hephaestus.macro_kernel.macro-dequantize,hephaestus,macro_kernel,macroDequantize,macroKernelMacroDequantize,InstructionOpRequest,research,sm86,not-applicable,,
hephaestus.macro_kernel.macro-int4-decode,hephaestus,macro_kernel,macroInt4Decode,macroKernelMacroInt4Decode,InstructionOpRequest,research,sm86,not-applicable,,
hephaestus.macro_kernel.macro-layer-norm,hephaestus,macro_kernel,macroLayerNorm,macroKernelMacroLayerNorm,InstructionOpRequest,research,sm86,not-applicable,,
hephaestus.macro_kernel.macro-mailbox-receive,hephaestus,macro_kernel,macroMailboxReceive,macroKernelMacroMailboxReceive,InstructionOpRequest,research,sm86,not-applicable,,
hephaestus.macro_kernel.macro-mailbox-send,hephaestus,macro_kernel,macroMailboxSend,macroKernelMacroMailboxSend,InstructionOpRequest,research,sm86,not-applicable,,
hephaestus.macro_kernel.macro-matrix-tile-load,hephaestus,macro_kernel,macroMatrixTileLoad,macroKernelMacroMatrixTileLoad,InstructionOpRequest,research,sm86,not-applicable,,
hephaestus.macro_kernel.macro-matrix-tile-store,hephaestus,macro_kernel,macroMatrixTileStore,macroKernelMacroMatrixTileStore,InstructionOpRequest,research,sm86,not-applicable,,
hephaestus.macro_kernel.macro-mma-loop,hephaestus,macro_kernel,macroMmaLoop,macroKernelMacroMmaLoop,InstructionOpRequest,research,sm86,not-applicable,,
hephaestus.macro_kernel.macro-online-softmax,hephaestus,macro_kernel,macroOnlineSoftmax,macroKernelMacroOnlineSoftmax,InstructionOpRequest,research,future-or-emulated;sm86,not-applicable,,
hephaestus.macro_kernel.macro-persistent-work-loop,hephaestus,macro_kernel,macroPersistentWorkLoop,macroKernelMacroPersistentWorkLoop,InstructionOpRequest,research,sm86,not-applicable,,
hephaestus.macro_kernel.macro-philox,hephaestus,macro_kernel,macroPhilox,macroKernelMacroPhilox,InstructionOpRequest,research,sm86,not-applicable,,
hephaestus.macro_kernel.macro-quantize,hephaestus,macro_kernel,macroQuantize,macroKernelMacroQuantize,InstructionOpRequest,research,sm86,not-applicable,,
hephaestus.macro_kernel.macro-quiescence-credit,hephaestus,macro_kernel,macroQuiescenceCredit,macroKernelMacroQuiescenceCredit,InstructionOpRequest,research,sm86,not-applicable,,
hephaestus.macro_kernel.macro-rms-norm,hephaestus,macro_kernel,macroRmsNorm,macroKernelMacroRmsNorm,InstructionOpRequest,research,sm86,not-applicable,,
hephaestus.macro_kernel.macro-rotary,hephaestus,macro_kernel,macroRotary,macroKernelMacroRotary,InstructionOpRequest,research,sm86,not-applicable,,
hephaestus.macro_kernel.macro-selective-scan,hephaestus,macro_kernel,macroSelectiveScan,macroKernelMacroSelectiveScan,InstructionOpRequest,research,sm86,not-applicable,,
hephaestus.macro_kernel.macro-sparse2of4-decode,hephaestus,macro_kernel,macroSparse2of4Decode,macroKernelMacroSparse2of4Decode,InstructionOpRequest,research,sm86,not-applicable,,
hephaestus.macro_kernel.macro-split-kreduce,hephaestus,macro_kernel,macroSplitKReduce,macroKernelMacroSplitKReduce,InstructionOpRequest,research,sm86,not-applicable,,
hephaestus.macro_kernel.macro-stream-k,hephaestus,macro_kernel,macroStreamK,macroKernelMacroStreamK,InstructionOpRequest,research,sm86,not-applicable,,
hephaestus.macro_kernel.macro-ternary-decode,hephaestus,macro_kernel,macroTernaryDecode,macroKernelMacroTernaryDecode,InstructionOpRequest,research,sm86,not-applicable,,
hephaestus.macro_kernel.macro-vector-load,hephaestus,macro_kernel,macroVectorLoad,macroKernelMacroVectorLoad,InstructionOpRequest,research,sm86,not-applicable,,
hephaestus.macro_kernel.macro-vector-store,hephaestus,macro_kernel,macroVectorStore,macroKernelMacroVectorStore,InstructionOpRequest,research,sm86,not-applicable,,
hephaestus.macro_kernel.macro-warp-reduce,hephaestus,macro_kernel,macroWarpReduce,macroKernelMacroWarpReduce,InstructionOpRequest,research,sm86,not-applicable,,
hephaestus.macro_kernel.macro-warp-scan,hephaestus,macro_kernel,macroWarpScan,macroKernelMacroWarpScan,InstructionOpRequest,research,sm86,not-applicable,,
hephaestus.macro_kernel.macro-welford,hephaestus,macro_kernel,macroWelford,macroKernelMacroWelford,InstructionOpRequest,research,sm86,not-applicable,,
hephaestus.macro_kernel.macro-work-steal,hephaestus,macro_kernel,macroWorkSteal,macroKernelMacroWorkSteal,InstructionOpRequest,research,sm86,not-applicable,,
hephaestus.module_binary.align-section,hephaestus,module_binary,alignSection,moduleBinaryAlignSection,InstructionOpRequest,standard,sm86,not-applicable,,
hephaestus.module_binary.apply-relocations,hephaestus,module_binary,applyRelocations,moduleBinaryApplyRelocations,InstructionOpRequest,standard,sm86,not-applicable,,
hephaestus.module_binary.create-module,hephaestus,module_binary,createModule,moduleBinaryCreateModule,InstructionOpRequest,standard,sm86,not-applicable,,
hephaestus.module_binary.decode-module,hephaestus,module_binary,decodeModule,moduleBinaryDecodeModule,InstructionOpRequest,standard,sm86,not-applicable,,
hephaestus.module_binary.define-constant,hephaestus,module_binary,defineConstant,moduleBinaryDefineConstant,InstructionOpRequest,standard,sm86,not-applicable,,
hephaestus.module_binary.define-function,hephaestus,module_binary,defineFunction,moduleBinaryDefineFunction,InstructionOpRequest,standard,sm86,not-applicable,,
hephaestus.module_binary.define-kernel-entry,hephaestus,module_binary,defineKernelEntry,moduleBinaryDefineKernelEntry,InstructionOpRequest,standard,sm86,not-applicable,,
hephaestus.module_binary.define-relocation,hephaestus,module_binary,defineRelocation,moduleBinaryDefineRelocation,InstructionOpRequest,standard,sm86,not-applicable,,
hephaestus.module_binary.define-section,hephaestus,module_binary,defineSection,moduleBinaryDefineSection,InstructionOpRequest,standard,sm86,not-applicable,,
hephaestus.module_binary.define-symbol,hephaestus,module_binary,defineSymbol,moduleBinaryDefineSymbol,InstructionOpRequest,standard,sm86,not-applicable,,
hephaestus.module_binary.deserialize-module,hephaestus,module_binary,deserializeModule,moduleBinaryDeserializeModule,InstructionOpRequest,standard,sm86,not-applicable,,
hephaestus.module_binary.destroy-module,hephaestus,module_binary,destroyModule,moduleBinaryDestroyModule,InstructionOpRequest,standard,sm86,not-applicable,,
hephaestus.module_binary.disassemble-module,hephaestus,module_binary,disassembleModule,moduleBinaryDisassembleModule,InstructionOpRequest,standard,sm86,not-applicable,,
hephaestus.module_binary.emit-control-word,hephaestus,module_binary,emitControlWord,moduleBinaryEmitControlWord,InstructionOpRequest,standard,sm86,not-applicable,,
hephaestus.module_binary.emit-data,hephaestus,module_binary,emitData,moduleBinaryEmitData,InstructionOpRequest,standard,sm86,not-applicable,,
hephaestus.module_binary.emit-instruction,hephaestus,module_binary,emitInstruction,moduleBinaryEmitInstruction,InstructionOpRequest,standard,sm86,not-applicable,,
hephaestus.module_binary.encode-module,hephaestus,module_binary,encodeModule,moduleBinaryEncodeModule,InstructionOpRequest,standard,sm86,not-applicable,,
hephaestus.module_binary.hash-module,hephaestus,module_binary,hashModule,moduleBinaryHashModule,InstructionOpRequest,standard,sm86,not-applicable,,
hephaestus.module_binary.resolve-labels,hephaestus,module_binary,resolveLabels,moduleBinaryResolveLabels,InstructionOpRequest,standard,sm86,not-applicable,,
hephaestus.module_binary.serialize-module,hephaestus,module_binary,serializeModule,moduleBinarySerializeModule,InstructionOpRequest,standard,sm86,not-applicable,,
hephaestus.module_binary.validate-module,hephaestus,module_binary,validateModule,moduleBinaryValidateModule,InstructionOpRequest,standard,sm86,not-applicable,,
hephaestus.register_allocation.assign-physical-register,hephaestus,register_allocation,assignPhysicalRegister,registerAllocationAssignPhysicalRegister,InstructionOpRequest,standard,sm86,not-applicable,,
hephaestus.register_allocation.assign-register-tuple,hephaestus,register_allocation,assignRegisterTuple,registerAllocationAssignRegisterTuple,InstructionOpRequest,standard,sm86,not-applicable,,
hephaestus.register_allocation.coalesce-registers,hephaestus,register_allocation,coalesceRegisters,registerAllocationCoalesceRegisters,InstructionOpRequest,standard,sm86,not-applicable,,
hephaestus.register_allocation.color-interference-graph,hephaestus,register_allocation,colorInterferenceGraph,registerAllocationColorInterferenceGraph,InstructionOpRequest,standard,sm86,not-applicable,,
hephaestus.register_allocation.compute-interference,hephaestus,register_allocation,computeInterference,registerAllocationComputeInterference,InstructionOpRequest,standard,sm86,not-applicable,,
hephaestus.register_allocation.compute-liveness,hephaestus,register_allocation,computeLiveness,registerAllocationComputeLiveness,InstructionOpRequest,standard,sm86,not-applicable,,
hephaestus.register_allocation.create-barrier-register,hephaestus,register_allocation,createBarrierRegister,registerAllocationCreateBarrierRegister,InstructionOpRequest,standard,sm86,not-applicable,,
hephaestus.register_allocation.create-pinned-register,hephaestus,register_allocation,createPinnedRegister,registerAllocationCreatePinnedRegister,InstructionOpRequest,standard,sm86,not-applicable,,
hephaestus.register_allocation.create-predicate-register,hephaestus,register_allocation,createPredicateRegister,registerAllocationCreatePredicateRegister,InstructionOpRequest,standard,sm86,not-applicable,,
hephaestus.register_allocation.create-state-register,hephaestus,register_allocation,createStateRegister,registerAllocationCreateStateRegister,InstructionOpRequest,standard,sm86,not-applicable,,
hephaestus.register_allocation.create-temporary-register,hephaestus,register_allocation,createTemporaryRegister,registerAllocationCreateTemporaryRegister,InstructionOpRequest,standard,sm86,not-applicable,,
hephaestus.register_allocation.create-uniform-register,hephaestus,register_allocation,createUniformRegister,registerAllocationCreateUniformRegister,InstructionOpRequest,standard,sm86,not-applicable,,
hephaestus.register_allocation.create-virtual-register,hephaestus,register_allocation,createVirtualRegister,registerAllocationCreateVirtualRegister,InstructionOpRequest,standard,sm86,not-applicable,,
hephaestus.register_allocation.create-weight-register,hephaestus,register_allocation,createWeightRegister,registerAllocationCreateWeightRegister,InstructionOpRequest,standard,sm86,not-applicable,,
hephaestus.register_allocation.forbid-spill,hephaestus,register_allocation,forbidSpill,registerAllocationForbidSpill,InstructionOpRequest,standard,sm86,not-applicable,,
hephaestus.register_allocation.linear-scan-allocate,hephaestus,register_allocation,linearScanAllocate,registerAllocationLinearScanAllocate,InstructionOpRequest,standard,sm86,not-applicable,,
hephaestus.register_allocation.release-register,hephaestus,register_allocation,releaseRegister,registerAllocationReleaseRegister,InstructionOpRequest,standard,sm86,not-applicable,,
hephaestus.register_allocation.reload-register,hephaestus,register_allocation,reloadRegister,registerAllocationReloadRegister,InstructionOpRequest,standard,sm86,not-applicable,,
hephaestus.register_allocation.report-register-pressure,hephaestus,register_allocation,reportRegisterPressure,registerAllocationReportRegisterPressure,InstructionOpRequest,standard,sm86,not-applicable,,
hephaestus.register_allocation.reserve-register,hephaestus,register_allocation,reserveRegister,registerAllocationReserveRegister,InstructionOpRequest,standard,sm86,not-applicable,,
hephaestus.register_allocation.spill-register,hephaestus,register_allocation,spillRegister,registerAllocationSpillRegister,InstructionOpRequest,standard,sm86,not-applicable,,
hephaestus.register_allocation.split-live-range,hephaestus,register_allocation,splitLiveRange,registerAllocationSplitLiveRange,InstructionOpRequest,standard,sm86,not-applicable,,
hephaestus.register_allocation.validate-no-spill,hephaestus,register_allocation,validateNoSpill,registerAllocationValidateNoSpill,InstructionOpRequest,standard,sm86,not-applicable,,
hephaestus.register_allocation.validate-register-bank,hephaestus,register_allocation,validateRegisterBank,registerAllocationValidateRegisterBank,InstructionOpRequest,standard,sm86,not-applicable,,
hephaestus.sass_bitfield.binary-dot-prep,hephaestus,sass_bitfield,binaryDotPrep,sassBitfieldBinaryDotPrep,InstructionOpRequest,standard,sm86,not-applicable,,
hephaestus.sass_bitfield.bit-field-extract,hephaestus,sass_bitfield,bitFieldExtract,sassBitfieldBitFieldExtract,InstructionOpRequest,standard,sm86,not-applicable,,
hephaestus.sass_bitfield.bit-field-insert,hephaestus,sass_bitfield,bitFieldInsert,sassBitfieldBitFieldInsert,InstructionOpRequest,standard,sm86,not-applicable,,
hephaestus.sass_bitfield.bit-mask,hephaestus,sass_bitfield,bitMask,sassBitfieldBitMask,InstructionOpRequest,standard,future-or-emulated;sm86,not-applicable,,
hephaestus.sass_bitfield.bit-reverse,hephaestus,sass_bitfield,bitReverse,sassBitfieldBitReverse,InstructionOpRequest,standard,sm86,not-applicable,,
hephaestus.sass_bitfield.byte-permute,hephaestus,sass_bitfield,bytePermute,sassBitfieldBytePermute,InstructionOpRequest,standard,sm86,not-applicable,,
hephaestus.sass_bitfield.find-leading-one,hephaestus,sass_bitfield,findLeadingOne,sassBitfieldFindLeadingOne,InstructionOpRequest,standard,sm86,not-applicable,,
hephaestus.sass_bitfield.funnel-shift,hephaestus,sass_bitfield,funnelShift,sassBitfieldFunnelShift,InstructionOpRequest,standard,sm86,not-applicable,,
hephaestus.sass_bitfield.int4-decode,hephaestus,sass_bitfield,int4Decode,sassBitfieldInt4Decode,InstructionOpRequest,standard,sm86,not-applicable,,
hephaestus.sass_bitfield.int4-pack,hephaestus,sass_bitfield,int4Pack,sassBitfieldInt4Pack,InstructionOpRequest,standard,sm86,not-applicable,,
hephaestus.sass_bitfield.logical-and,hephaestus,sass_bitfield,logicalAnd,sassBitfieldLogicalAnd,InstructionOpRequest,standard,sm86,not-applicable,,
hephaestus.sass_bitfield.logical-lop3,hephaestus,sass_bitfield,logicalLop3,sassBitfieldLogicalLop3,InstructionOpRequest,standard,sm86,not-applicable,,
hephaestus.sass_bitfield.logical-or,hephaestus,sass_bitfield,logicalOr,sassBitfieldLogicalOr,InstructionOpRequest,standard,sm86,not-applicable,,
hephaestus.sass_bitfield.logical-xor,hephaestus,sass_bitfield,logicalXor,sassBitfieldLogicalXor,InstructionOpRequest,standard,sm86,not-applicable,,
hephaestus.sass_bitfield.pack-bits,hephaestus,sass_bitfield,packBits,sassBitfieldPackBits,InstructionOpRequest,standard,sm86,not-applicable,,
hephaestus.sass_bitfield.population-count,hephaestus,sass_bitfield,populationCount,sassBitfieldPopulationCount,InstructionOpRequest,standard,sm86,not-applicable,,
hephaestus.sass_bitfield.shift-left,hephaestus,sass_bitfield,shiftLeft,sassBitfieldShiftLeft,InstructionOpRequest,standard,sm86,not-applicable,,
hephaestus.sass_bitfield.shift-right-arithmetic,hephaestus,sass_bitfield,shiftRightArithmetic,sassBitfieldShiftRightArithmetic,InstructionOpRequest,standard,sm86,not-applicable,,
hephaestus.sass_bitfield.shift-right-logical,hephaestus,sass_bitfield,shiftRightLogical,sassBitfieldShiftRightLogical,InstructionOpRequest,standard,sm86,not-applicable,,
hephaestus.sass_bitfield.ternary-decode,hephaestus,sass_bitfield,ternaryDecode,sassBitfieldTernaryDecode,InstructionOpRequest,standard,sm86,not-applicable,,
hephaestus.sass_bitfield.unpack-bits,hephaestus,sass_bitfield,unpackBits,sassBitfieldUnpackBits,InstructionOpRequest,standard,sm86,not-applicable,,
hephaestus.sass_control.begin-divergence,hephaestus,sass_control,beginDivergence,sassControlBeginDivergence,InstructionOpRequest,standard,sm86,not-applicable,,ptx;envytools
hephaestus.sass_control.branch,hephaestus,sass_control,branch,sassControlBranch,InstructionOpRequest,standard,sm86,not-applicable,,ptx;envytools
hephaestus.sass_control.branch-indexed,hephaestus,sass_control,branchIndexed,sassControlBranchIndexed,InstructionOpRequest,standard,sm86,not-applicable,,ptx;envytools
hephaestus.sass_control.branch-uniform,hephaestus,sass_control,branchUniform,sassControlBranchUniform,InstructionOpRequest,standard,sm86,not-applicable,,ptx;envytools
hephaestus.sass_control.breakpoint,hephaestus,sass_control,breakpoint,sassControlBreakpoint,InstructionOpRequest,standard,sm86,not-applicable,,ptx;envytools
hephaestus.sass_control.call,hephaestus,sass_control,call,sassControlCall,InstructionOpRequest,standard,sm86,not-applicable,,ptx;envytools
hephaestus.sass_control.exit,hephaestus,sass_control,exit,sassControlExit,InstructionOpRequest,standard,sm86,not-applicable,,ptx;envytools
hephaestus.sass_control.get-clock,hephaestus,sass_control,getClock,sassControlGetClock,InstructionOpRequest,standard,sm86,not-applicable,,ptx;envytools
hephaestus.sass_control.get-lane-id,hephaestus,sass_control,getLaneId,sassControlGetLaneId,InstructionOpRequest,standard,sm86,not-applicable,,ptx;envytools
hephaestus.sass_control.get-sm-id,hephaestus,sass_control,getSmId,sassControlGetSmId,InstructionOpRequest,standard,sm86,not-applicable,,ptx;envytools
hephaestus.sass_control.get-special-register,hephaestus,sass_control,getSpecialRegister,sassControlGetSpecialRegister,InstructionOpRequest,standard,sm86,not-applicable,,ptx;envytools
hephaestus.sass_control.get-warp-id,hephaestus,sass_control,getWarpId,sassControlGetWarpId,InstructionOpRequest,standard,sm86,not-applicable,,ptx;envytools
hephaestus.sass_control.jump,hephaestus,sass_control,jump,sassControlJump,InstructionOpRequest,standard,sm86,not-applicable,,ptx;envytools
hephaestus.sass_control.jump-indexed,hephaestus,sass_control,jumpIndexed,sassControlJumpIndexed,InstructionOpRequest,standard,sm86,not-applicable,,ptx;envytools
hephaestus.sass_control.kill-thread,hephaestus,sass_control,killThread,sassControlKillThread,InstructionOpRequest,standard,sm86,not-applicable,,ptx;envytools
hephaestus.sass_control.nano-sleep,hephaestus,sass_control,nanoSleep,sassControlNanoSleep,InstructionOpRequest,standard,sm86,not-applicable,,ptx;envytools
hephaestus.sass_control.nop,hephaestus,sass_control,nop,sassControlNop,InstructionOpRequest,standard,sm86,not-applicable,,ptx;envytools
hephaestus.sass_control.predicate-to-register,hephaestus,sass_control,predicateToRegister,sassControlPredicateToRegister,InstructionOpRequest,standard,sm86,not-applicable,,ptx;envytools
hephaestus.sass_control.register-to-predicate,hephaestus,sass_control,registerToPredicate,sassControlRegisterToPredicate,InstructionOpRequest,standard,sm86,not-applicable,,ptx;envytools
hephaestus.sass_control.return,hephaestus,sass_control,return,sassControlReturn,InstructionOpRequest,standard,sm86,not-applicable,,ptx;envytools
hephaestus.sass_control.select-predicate,hephaestus,sass_control,selectPredicate,sassControlSelectPredicate,InstructionOpRequest,standard,sm86,not-applicable,,ptx;envytools
hephaestus.sass_control.set-predicate,hephaestus,sass_control,setPredicate,sassControlSetPredicate,InstructionOpRequest,standard,sm86,not-applicable,,ptx;envytools
hephaestus.sass_control.sync-divergence,hephaestus,sass_control,syncDivergence,sassControlSyncDivergence,InstructionOpRequest,standard,sm86,not-applicable,,ptx;envytools
hephaestus.sass_control.trap,hephaestus,sass_control,trap,sassControlTrap,InstructionOpRequest,standard,sm86,not-applicable,,ptx;envytools
hephaestus.sass_control.warp-sync,hephaestus,sass_control,warpSync,sassControlWarpSync,InstructionOpRequest,standard,sm86,not-applicable,,ptx;envytools
hephaestus.sass_control.yield,hephaestus,sass_control,yield,sassControlYield,InstructionOpRequest,standard,sm86,not-applicable,,ptx;envytools
hephaestus.sass_convert.bfloat-to-float,hephaestus,sass_convert,bfloatToFloat,sassConvertBfloatToFloat,InstructionOpRequest,standard,sm86,not-applicable,,
hephaestus.sass_convert.complex-pack,hephaestus,sass_convert,complexPack,sassConvertComplexPack,InstructionOpRequest,standard,sm86,not-applicable,,
hephaestus.sass_convert.complex-unpack,hephaestus,sass_convert,complexUnpack,sassConvertComplexUnpack,InstructionOpRequest,standard,sm86,not-applicable,,
hephaestus.sass_convert.float-to-bfloat,hephaestus,sass_convert,floatToBfloat,sassConvertFloatToBfloat,InstructionOpRequest,standard,sm86,not-applicable,,
hephaestus.sass_convert.float-to-float,hephaestus,sass_convert,floatToFloat,sassConvertFloatToFloat,InstructionOpRequest,standard,sm86,not-applicable,,
hephaestus.sass_convert.float-to-half,hephaestus,sass_convert,floatToHalf,sassConvertFloatToHalf,InstructionOpRequest,standard,sm86,not-applicable,,
hephaestus.sass_convert.float-to-int,hephaestus,sass_convert,floatToInt,sassConvertFloatToInt,InstructionOpRequest,standard,sm86,not-applicable,,
hephaestus.sass_convert.half-to-float,hephaestus,sass_convert,halfToFloat,sassConvertHalfToFloat,InstructionOpRequest,standard,sm86,not-applicable,,
hephaestus.sass_convert.int-to-float,hephaestus,sass_convert,intToFloat,sassConvertIntToFloat,InstructionOpRequest,standard,sm86,not-applicable,,
hephaestus.sass_convert.int-to-int,hephaestus,sass_convert,intToInt,sassConvertIntToInt,InstructionOpRequest,standard,sm86,not-applicable,,
hephaestus.sass_convert.packed-convert,hephaestus,sass_convert,packedConvert,sassConvertPackedConvert,InstructionOpRequest,standard,sm86,not-applicable,,
hephaestus.sass_convert.round-convert,hephaestus,sass_convert,roundConvert,sassConvertRoundConvert,InstructionOpRequest,standard,sm86,not-applicable,,
hephaestus.sass_convert.saturating-convert,hephaestus,sass_convert,saturatingConvert,sassConvertSaturatingConvert,InstructionOpRequest,standard,sm86,not-applicable,,
hephaestus.sass_convert.scale-convert,hephaestus,sass_convert,scaleConvert,sassConvertScaleConvert,InstructionOpRequest,standard,sm86,not-applicable,,
hephaestus.sass_convert.zero-point-convert,hephaestus,sass_convert,zeroPointConvert,sassConvertZeroPointConvert,InstructionOpRequest,standard,sm86,not-applicable,,
hephaestus.sass_float.double-add,hephaestus,sass_float,doubleAdd,sassFloatDoubleAdd,InstructionOpRequest,standard,sm86,not-applicable,,
hephaestus.sass_float.double-fma,hephaestus,sass_float,doubleFma,sassFloatDoubleFma,InstructionOpRequest,standard,sm86,not-applicable,,
hephaestus.sass_float.double-mul,hephaestus,sass_float,doubleMul,sassFloatDoubleMul,InstructionOpRequest,standard,sm86,not-applicable,,
hephaestus.sass_float.double-set-predicate,hephaestus,sass_float,doubleSetPredicate,sassFloatDoubleSetPredicate,InstructionOpRequest,standard,sm86,not-applicable,,
hephaestus.sass_float.float-abs,hephaestus,sass_float,floatAbs,sassFloatFloatAbs,InstructionOpRequest,standard,sm86,not-applicable,,
hephaestus.sass_float.float-add,hephaestus,sass_float,floatAdd,sassFloatFloatAdd,InstructionOpRequest,standard,sm86,not-applicable,,
hephaestus.sass_float.float-cos-approx,hephaestus,sass_float,floatCosApprox,sassFloatFloatCosApprox,InstructionOpRequest,standard,sm86,not-applicable,,
hephaestus.sass_float.float-exp2-approx,hephaestus,sass_float,floatExp2Approx,sassFloatFloatExp2Approx,InstructionOpRequest,standard,sm86,not-applicable,,
hephaestus.sass_float.float-fma,hephaestus,sass_float,floatFma,sassFloatFloatFma,InstructionOpRequest,standard,sm86,not-applicable,,
hephaestus.sass_float.float-log2-approx,hephaestus,sass_float,floatLog2Approx,sassFloatFloatLog2Approx,InstructionOpRequest,standard,sm86,not-applicable,,
hephaestus.sass_float.float-min-max,hephaestus,sass_float,floatMinMax,sassFloatFloatMinMax,InstructionOpRequest,standard,sm86,not-applicable,,
hephaestus.sass_float.float-mul,hephaestus,sass_float,floatMul,sassFloatFloatMul,InstructionOpRequest,standard,sm86,not-applicable,,
hephaestus.sass_float.float-neg,hephaestus,sass_float,floatNeg,sassFloatFloatNeg,InstructionOpRequest,standard,sm86,not-applicable,,
hephaestus.sass_float.float-reciprocal-approx,hephaestus,sass_float,floatReciprocalApprox,sassFloatFloatReciprocalApprox,InstructionOpRequest,standard,sm86,not-applicable,,
hephaestus.sass_float.float-round,hephaestus,sass_float,floatRound,sassFloatFloatRound,InstructionOpRequest,standard,sm86,not-applicable,,
hephaestus.sass_float.float-rsqrt-approx,hephaestus,sass_float,floatRsqrtApprox,sassFloatFloatRsqrtApprox,InstructionOpRequest,standard,sm86,not-applicable,,
hephaestus.sass_float.float-set,hephaestus,sass_float,floatSet,sassFloatFloatSet,InstructionOpRequest,standard,sm86,not-applicable,,
hephaestus.sass_float.float-set-predicate,hephaestus,sass_float,floatSetPredicate,sassFloatFloatSetPredicate,InstructionOpRequest,standard,sm86,not-applicable,,
hephaestus.sass_float.float-sin-approx,hephaestus,sass_float,floatSinApprox,sassFloatFloatSinApprox,InstructionOpRequest,standard,sm86,not-applicable,,
hephaestus.sass_float.float-sqrt,hephaestus,sass_float,floatSqrt,sassFloatFloatSqrt,InstructionOpRequest,standard,sm86,not-applicable,,
hephaestus.sass_float.float-tanh-approx,hephaestus,sass_float,floatTanhApprox,sassFloatFloatTanhApprox,InstructionOpRequest,standard,sm86,not-applicable,,
hephaestus.sass_float.range-reduce,hephaestus,sass_float,rangeReduce,sassFloatRangeReduce,InstructionOpRequest,standard,sm86,not-applicable,,
hephaestus.sass_half.bfloat162-add,hephaestus,sass_half,bfloat162Add,sassHalfBfloat162Add,InstructionOpRequest,standard,sm86,not-applicable,,
hephaestus.sass_half.bfloat162-fma,hephaestus,sass_half,bfloat162Fma,sassHalfBfloat162Fma,InstructionOpRequest,standard,sm86,not-applicable,,
hephaestus.sass_half.bfloat162-mul,hephaestus,sass_half,bfloat162Mul,sassHalfBfloat162Mul,InstructionOpRequest,standard,sm86,not-applicable,,
hephaestus.sass_half.bfloat162-set-predicate,hephaestus,sass_half,bfloat162SetPredicate,sassHalfBfloat162SetPredicate,InstructionOpRequest,standard,sm86,not-applicable,,
hephaestus.sass_half.half2-add,hephaestus,sass_half,half2Add,sassHalfHalf2Add,InstructionOpRequest,standard,sm86,not-applicable,,
hephaestus.sass_half.half2-fma,hephaestus,sass_half,half2Fma,sassHalfHalf2Fma,InstructionOpRequest,standard,sm86,not-applicable,,
hephaestus.sass_half.half2-min-max,hephaestus,sass_half,half2MinMax,sassHalfHalf2MinMax,InstructionOpRequest,standard,sm86,not-applicable,,
hephaestus.sass_half.half2-mul,hephaestus,sass_half,half2Mul,sassHalfHalf2Mul,InstructionOpRequest,standard,sm86,not-applicable,,
hephaestus.sass_half.half2-relu,hephaestus,sass_half,half2Relu,sassHalfHalf2Relu,InstructionOpRequest,standard,sm86,not-applicable,,
hephaestus.sass_half.half2-set,hephaestus,sass_half,half2Set,sassHalfHalf2Set,InstructionOpRequest,standard,sm86,not-applicable,,
hephaestus.sass_half.half2-set-predicate,hephaestus,sass_half,half2SetPredicate,sassHalfHalf2SetPredicate,InstructionOpRequest,standard,sm86,not-applicable,,
hephaestus.sass_half.packed-bfloat-convert,hephaestus,sass_half,packedBfloatConvert,sassHalfPackedBfloatConvert,InstructionOpRequest,standard,sm86,not-applicable,,
hephaestus.sass_half.packed-half-convert,hephaestus,sass_half,packedHalfConvert,sassHalfPackedHalfConvert,InstructionOpRequest,standard,sm86,not-applicable,,
hephaestus.sass_integer.borrow-sub,hephaestus,sass_integer,borrowSub,sassIntegerBorrowSub,InstructionOpRequest,standard,sm86,not-applicable,,
hephaestus.sass_integer.carry-add,hephaestus,sass_integer,carryAdd,sassIntegerCarryAdd,InstructionOpRequest,standard,sm86,not-applicable,,
hephaestus.sass_integer.integer-abs,hephaestus,sass_integer,integerAbs,sassIntegerIntegerAbs,InstructionOpRequest,standard,sm86,not-applicable,,
hephaestus.sass_integer.integer-add,hephaestus,sass_integer,integerAdd,sassIntegerIntegerAdd,InstructionOpRequest,standard,sm86,not-applicable,,
hephaestus.sass_integer.integer-add3,hephaestus,sass_integer,integerAdd3,sassIntegerIntegerAdd3,InstructionOpRequest,standard,sm86,not-applicable,,
hephaestus.sass_integer.integer-average,hephaestus,sass_integer,integerAverage,sassIntegerIntegerAverage,InstructionOpRequest,standard,sm86,not-applicable,,
hephaestus.sass_integer.integer-clamp,hephaestus,sass_integer,integerClamp,sassIntegerIntegerClamp,InstructionOpRequest,standard,sm86,not-applicable,,
hephaestus.sass_integer.integer-compare,hephaestus,sass_integer,integerCompare,sassIntegerIntegerCompare,InstructionOpRequest,standard,sm86,not-applicable,,
hephaestus.sass_integer.integer-divide,hephaestus,sass_integer,integerDivide,sassIntegerIntegerDivide,InstructionOpRequest,standard,sm86,not-applicable,,
hephaestus.sass_integer.integer-dot2,hephaestus,sass_integer,integerDot2,sassIntegerIntegerDot2,InstructionOpRequest,standard,sm86,not-applicable,,
hephaestus.sass_integer.integer-dot4,hephaestus,sass_integer,integerDot4,sassIntegerIntegerDot4,InstructionOpRequest,standard,sm86,not-applicable,,
hephaestus.sass_integer.integer-min-max,hephaestus,sass_integer,integerMinMax,sassIntegerIntegerMinMax,InstructionOpRequest,standard,sm86,not-applicable,,
hephaestus.sass_integer.integer-multiply,hephaestus,sass_integer,integerMultiply,sassIntegerIntegerMultiply,InstructionOpRequest,standard,sm86,not-applicable,,
hephaestus.sass_integer.integer-multiply-add,hephaestus,sass_integer,integerMultiplyAdd,sassIntegerIntegerMultiplyAdd,InstructionOpRequest,standard,sm86,not-applicable,,
hephaestus.sass_integer.integer-multiply-high,hephaestus,sass_integer,integerMultiplyHigh,sassIntegerIntegerMultiplyHigh,InstructionOpRequest,standard,sm86,not-applicable,,
hephaestus.sass_integer.integer-neg,hephaestus,sass_integer,integerNeg,sassIntegerIntegerNeg,InstructionOpRequest,standard,sm86,not-applicable,,
hephaestus.sass_integer.integer-reciprocal-approx,hephaestus,sass_integer,integerReciprocalApprox,sassIntegerIntegerReciprocalApprox,InstructionOpRequest,standard,sm86,not-applicable,,
hephaestus.sass_integer.integer-remainder,hephaestus,sass_integer,integerRemainder,sassIntegerIntegerRemainder,InstructionOpRequest,standard,sm86,not-applicable,,
hephaestus.sass_integer.integer-sad,hephaestus,sass_integer,integerSad,sassIntegerIntegerSad,InstructionOpRequest,standard,sm86,not-applicable,,
hephaestus.sass_integer.integer-saturate,hephaestus,sass_integer,integerSaturate,sassIntegerIntegerSaturate,InstructionOpRequest,standard,sm86,not-applicable,,
hephaestus.sass_integer.integer-set-predicate,hephaestus,sass_integer,integerSetPredicate,sassIntegerIntegerSetPredicate,InstructionOpRequest,standard,sm86,not-applicable,,
hephaestus.sass_integer.integer-sub,hephaestus,sass_integer,integerSub,sassIntegerIntegerSub,InstructionOpRequest,standard,sm86,not-applicable,,
hephaestus.sass_integer.lea,hephaestus,sass_integer,lea,sassIntegerLea,InstructionOpRequest,standard,sm86,not-applicable,,
hephaestus.sass_integer.wide-add,hephaestus,sass_integer,wideAdd,sassIntegerWideAdd,InstructionOpRequest,standard,sm86,not-applicable,,
hephaestus.sass_integer.wide-multiply,hephaestus,sass_integer,wideMultiply,sassIntegerWideMultiply,InstructionOpRequest,standard,sm86,not-applicable,,
hephaestus.sass_memory.acquire-load,hephaestus,sass_memory,acquireLoad,sassMemoryAcquireLoad,InstructionOpRequest,standard,sm86,not-applicable,,ptx
hephaestus.sass_memory.async-copy-commit,hephaestus,sass_memory,asyncCopyCommit,sassMemoryAsyncCopyCommit,InstructionOpRequest,standard,sm86,not-applicable,,ptx
hephaestus.sass_memory.async-copy-wait,hephaestus,sass_memory,asyncCopyWait,sassMemoryAsyncCopyWait,InstructionOpRequest,standard,sm86,not-applicable,,ptx
hephaestus.sass_memory.async-global-to-shared,hephaestus,sass_memory,asyncGlobalToShared,sassMemoryAsyncGlobalToShared,InstructionOpRequest,standard,sm86,not-applicable,,ptx
hephaestus.sass_memory.atomic-global,hephaestus,sass_memory,atomicGlobal,sassMemoryAtomicGlobal,InstructionOpRequest,standard,sm86,not-applicable,,ptx
hephaestus.sass_memory.atomic-shared,hephaestus,sass_memory,atomicShared,sassMemoryAtomicShared,InstructionOpRequest,standard,sm86,not-applicable,,ptx
hephaestus.sass_memory.cache-control,hephaestus,sass_memory,cacheControl,sassMemoryCacheControl,InstructionOpRequest,standard,sm86,not-applicable,,ptx
hephaestus.sass_memory.cache-invalidate,hephaestus,sass_memory,cacheInvalidate,sassMemoryCacheInvalidate,InstructionOpRequest,standard,sm86,not-applicable,,ptx
hephaestus.sass_memory.load-constant,hephaestus,sass_memory,loadConstant,sassMemoryLoadConstant,InstructionOpRequest,standard,sm86,not-applicable,,ptx
hephaestus.sass_memory.load-generic,hephaestus,sass_memory,loadGeneric,sassMemoryLoadGeneric,InstructionOpRequest,standard,sm86,not-applicable,,ptx
hephaestus.sass_memory.load-global,hephaestus,sass_memory,loadGlobal,sassMemoryLoadGlobal,InstructionOpRequest,standard,sm86,not-applicable,,ptx
hephaestus.sass_memory.load-global-vector,hephaestus,sass_memory,loadGlobalVector,sassMemoryLoadGlobalVector,InstructionOpRequest,standard,sm86,not-applicable,,ptx
hephaestus.sass_memory.load-local,hephaestus,sass_memory,loadLocal,sassMemoryLoadLocal,InstructionOpRequest,standard,sm86,not-applicable,,ptx
hephaestus.sass_memory.load-shared,hephaestus,sass_memory,loadShared,sassMemoryLoadShared,InstructionOpRequest,standard,sm86,not-applicable,,ptx
hephaestus.sass_memory.load-shared-matrix,hephaestus,sass_memory,loadSharedMatrix,sassMemoryLoadSharedMatrix,InstructionOpRequest,standard,sm86,not-applicable,,ptx
hephaestus.sass_memory.load-uniform-constant,hephaestus,sass_memory,loadUniformConstant,sassMemoryLoadUniformConstant,InstructionOpRequest,standard,sm86,not-applicable,,ptx
hephaestus.sass_memory.memory-barrier-cta,hephaestus,sass_memory,memoryBarrierCta,sassMemoryMemoryBarrierCta,InstructionOpRequest,standard,sm86,not-applicable,,ptx
hephaestus.sass_memory.memory-barrier-gpu,hephaestus,sass_memory,memoryBarrierGpu,sassMemoryMemoryBarrierGpu,InstructionOpRequest,standard,sm86,not-applicable,,ptx
hephaestus.sass_memory.memory-barrier-system,hephaestus,sass_memory,memoryBarrierSystem,sassMemoryMemoryBarrierSystem,InstructionOpRequest,standard,sm86,not-applicable,,ptx
hephaestus.sass_memory.non-coherent-load,hephaestus,sass_memory,nonCoherentLoad,sassMemoryNonCoherentLoad,InstructionOpRequest,standard,sm86,not-applicable,,ptx
hephaestus.sass_memory.prefetch-global,hephaestus,sass_memory,prefetchGlobal,sassMemoryPrefetchGlobal,InstructionOpRequest,standard,sm86,not-applicable,,ptx
hephaestus.sass_memory.reduce-global,hephaestus,sass_memory,reduceGlobal,sassMemoryReduceGlobal,InstructionOpRequest,standard,sm86,not-applicable,,ptx
hephaestus.sass_memory.reduce-shared,hephaestus,sass_memory,reduceShared,sassMemoryReduceShared,InstructionOpRequest,standard,sm86,not-applicable,,ptx
hephaestus.sass_memory.release-store,hephaestus,sass_memory,releaseStore,sassMemoryReleaseStore,InstructionOpRequest,standard,sm86,not-applicable,,ptx
hephaestus.sass_memory.store-generic,hephaestus,sass_memory,storeGeneric,sassMemoryStoreGeneric,InstructionOpRequest,standard,sm86,not-applicable,,ptx
hephaestus.sass_memory.store-global,hephaestus,sass_memory,storeGlobal,sassMemoryStoreGlobal,InstructionOpRequest,standard,sm86,not-applicable,,ptx
hephaestus.sass_memory.store-global-vector,hephaestus,sass_memory,storeGlobalVector,sassMemoryStoreGlobalVector,InstructionOpRequest,standard,sm86,not-applicable,,ptx
hephaestus.sass_memory.store-local,hephaestus,sass_memory,storeLocal,sassMemoryStoreLocal,InstructionOpRequest,standard,sm86,not-applicable,,ptx
hephaestus.sass_memory.store-shared,hephaestus,sass_memory,storeShared,sassMemoryStoreShared,InstructionOpRequest,standard,sm86,not-applicable,,ptx
hephaestus.sass_memory.streaming-load,hephaestus,sass_memory,streamingLoad,sassMemoryStreamingLoad,InstructionOpRequest,standard,sm86,not-applicable,,ptx
hephaestus.sass_memory.volatile-load,hephaestus,sass_memory,volatileLoad,sassMemoryVolatileLoad,InstructionOpRequest,standard,sm86,not-applicable,,ptx
hephaestus.sass_memory.volatile-store,hephaestus,sass_memory,volatileStore,sassMemoryVolatileStore,InstructionOpRequest,standard,sm86,not-applicable,,ptx
hephaestus.sass_memory.write-back-store,hephaestus,sass_memory,writeBackStore,sassMemoryWriteBackStore,InstructionOpRequest,standard,sm86,not-applicable,,ptx
hephaestus.sass_memory.write-through-store,hephaestus,sass_memory,writeThroughStore,sassMemoryWriteThroughStore,InstructionOpRequest,standard,sm86,not-applicable,,ptx
hephaestus.sass_tensor.bmma-binary,hephaestus,sass_tensor,bmmaBinary,sassTensorBmmaBinary,InstructionOpRequest,standard,sm86,not-applicable,,ptx;cutlass
hephaestus.sass_tensor.hmma-bf16,hephaestus,sass_tensor,hmmaBf16,sassTensorHmmaBf16,InstructionOpRequest,standard,sm86,not-applicable,,ptx;cutlass
hephaestus.sass_tensor.hmma-fp16,hephaestus,sass_tensor,hmmaFp16,sassTensorHmmaFp16,InstructionOpRequest,standard,sm86,not-applicable,,ptx;cutlass
hephaestus.sass_tensor.hmma-tf32,hephaestus,sass_tensor,hmmaTf32,sassTensorHmmaTf32,InstructionOpRequest,standard,sm86,not-applicable,,ptx;cutlass
hephaestus.sass_tensor.imma-int4,hephaestus,sass_tensor,immaInt4,sassTensorImmaInt4,InstructionOpRequest,standard,sm86,not-applicable,,ptx;cutlass
hephaestus.sass_tensor.imma-int8,hephaestus,sass_tensor,immaInt8,sassTensorImmaInt8,InstructionOpRequest,standard,sm86,not-applicable,,ptx;cutlass
hephaestus.sass_tensor.matrix-accumulator-convert,hephaestus,sass_tensor,matrixAccumulatorConvert,sassTensorMatrixAccumulatorConvert,InstructionOpRequest,standard,sm86,not-applicable,,ptx;cutlass
hephaestus.sass_tensor.matrix-accumulator-epilogue,hephaestus,sass_tensor,matrixAccumulatorEpilogue,sassTensorMatrixAccumulatorEpilogue,InstructionOpRequest,standard,sm86,not-applicable,,ptx;cutlass
hephaestus.sass_tensor.matrix-accumulator-scale,hephaestus,sass_tensor,matrixAccumulatorScale,sassTensorMatrixAccumulatorScale,InstructionOpRequest,standard,sm86,not-applicable,,ptx;cutlass
hephaestus.sass_tensor.matrix-fill-fragment,hephaestus,sass_tensor,matrixFillFragment,sassTensorMatrixFillFragment,InstructionOpRequest,standard,sm86,not-applicable,,ptx;cutlass
hephaestus.sass_tensor.matrix-load-shared,hephaestus,sass_tensor,matrixLoadShared,sassTensorMatrixLoadShared,InstructionOpRequest,standard,sm86,not-applicable,,ptx;cutlass
hephaestus.sass_tensor.matrix-store-shared,hephaestus,sass_tensor,matrixStoreShared,sassTensorMatrixStoreShared,InstructionOpRequest,standard,sm86,not-applicable,,ptx;cutlass
hephaestus.sass_tensor.matrix-transpose-fragment,hephaestus,sass_tensor,matrixTransposeFragment,sassTensorMatrixTransposeFragment,InstructionOpRequest,standard,sm86,not-applicable,,ptx;cutlass
hephaestus.sass_tensor.mma-sparse-bf16,hephaestus,sass_tensor,mmaSparseBf16,sassTensorMmaSparseBf16,InstructionOpRequest,standard,sm86,not-applicable,,ptx;cutlass
hephaestus.sass_tensor.mma-sparse-fp16,hephaestus,sass_tensor,mmaSparseFp16,sassTensorMmaSparseFp16,InstructionOpRequest,standard,sm86,not-applicable,,ptx;cutlass
hephaestus.sass_tensor.mma-sparse-int8,hephaestus,sass_tensor,mmaSparseInt8,sassTensorMmaSparseInt8,InstructionOpRequest,standard,sm86,not-applicable,,ptx;cutlass
hephaestus.sass_warp.ballot,hephaestus,sass_warp,ballot,sassWarpBallot,InstructionOpRequest,standard,sm86,not-applicable,,
hephaestus.sass_warp.match-all,hephaestus,sass_warp,matchAll,sassWarpMatchAll,InstructionOpRequest,standard,sm86,not-applicable,,
hephaestus.sass_warp.match-any,hephaestus,sass_warp,matchAny,sassWarpMatchAny,InstructionOpRequest,standard,sm86,not-applicable,,
hephaestus.sass_warp.shuffle-down,hephaestus,sass_warp,shuffleDown,sassWarpShuffleDown,InstructionOpRequest,standard,sm86,not-applicable,,
hephaestus.sass_warp.shuffle-index,hephaestus,sass_warp,shuffleIndex,sassWarpShuffleIndex,InstructionOpRequest,standard,sm86,not-applicable,,
hephaestus.sass_warp.shuffle-up,hephaestus,sass_warp,shuffleUp,sassWarpShuffleUp,InstructionOpRequest,standard,sm86,not-applicable,,
hephaestus.sass_warp.shuffle-xor,hephaestus,sass_warp,shuffleXor,sassWarpShuffleXor,InstructionOpRequest,standard,sm86,not-applicable,,
hephaestus.sass_warp.vote-all,hephaestus,sass_warp,voteAll,sassWarpVoteAll,InstructionOpRequest,standard,sm86,not-applicable,,
hephaestus.sass_warp.vote-any,hephaestus,sass_warp,voteAny,sassWarpVoteAny,InstructionOpRequest,standard,sm86,not-applicable,,
hephaestus.sass_warp.vote-uniform,hephaestus,sass_warp,voteUniform,sassWarpVoteUniform,InstructionOpRequest,standard,sm86,not-applicable,,
hephaestus.sass_warp.warp-broadcast,hephaestus,sass_warp,warpBroadcast,sassWarpWarpBroadcast,InstructionOpRequest,standard,sm86,not-applicable,,
hephaestus.sass_warp.warp-compact,hephaestus,sass_warp,warpCompact,sassWarpWarpCompact,InstructionOpRequest,standard,sm86,not-applicable,,
hephaestus.sass_warp.warp-elect-leader,hephaestus,sass_warp,warpElectLeader,sassWarpWarpElectLeader,InstructionOpRequest,standard,sm86,not-applicable,,
hephaestus.sass_warp.warp-exchange,hephaestus,sass_warp,warpExchange,sassWarpWarpExchange,InstructionOpRequest,standard,sm86,not-applicable,,
hephaestus.sass_warp.warp-prefix-sum,hephaestus,sass_warp,warpPrefixSum,sassWarpWarpPrefixSum,InstructionOpRequest,standard,sm86,not-applicable,,
hephaestus.sass_warp.warp-reduce-add,hephaestus,sass_warp,warpReduceAdd,sassWarpWarpReduceAdd,InstructionOpRequest,standard,sm86,not-applicable,,
hephaestus.sass_warp.warp-reduce-and,hephaestus,sass_warp,warpReduceAnd,sassWarpWarpReduceAnd,InstructionOpRequest,standard,sm86,not-applicable,,
hephaestus.sass_warp.warp-reduce-max,hephaestus,sass_warp,warpReduceMax,sassWarpWarpReduceMax,InstructionOpRequest,standard,sm86,not-applicable,,
hephaestus.sass_warp.warp-reduce-min,hephaestus,sass_warp,warpReduceMin,sassWarpWarpReduceMin,InstructionOpRequest,standard,sm86,not-applicable,,
hephaestus.sass_warp.warp-reduce-or,hephaestus,sass_warp,warpReduceOr,sassWarpWarpReduceOr,InstructionOpRequest,standard,sm86,not-applicable,,
hephaestus.sass_warp.warp-reduce-xor,hephaestus,sass_warp,warpReduceXor,sassWarpWarpReduceXor,InstructionOpRequest,standard,sm86,not-applicable,,
hermes.channel.bind-channel-address-space,hermes,channel,bindChannelAddressSpace,channelBindChannelAddressSpace,LaunchOpRequest,standard,host,not-applicable,,open-gpu-modules
hermes.channel.bind-channel-engine,hermes,channel,bindChannelEngine,channelBindChannelEngine,LaunchOpRequest,standard,host,not-applicable,,open-gpu-modules
hermes.channel.capture-channel-fault,hermes,channel,captureChannelFault,channelCaptureChannelFault,LaunchOpRequest,standard,host,not-applicable,,open-gpu-modules
hermes.channel.create-channel-group,hermes,channel,createChannelGroup,channelCreateChannelGroup,LaunchOpRequest,standard,host,not-applicable,,open-gpu-modules
hermes.channel.create-compute-channel,hermes,channel,createComputeChannel,channelCreateComputeChannel,LaunchOpRequest,standard,host,not-applicable,,open-gpu-modules
hermes.channel.destroy-channel-group,hermes,channel,destroyChannelGroup,channelDestroyChannelGroup,LaunchOpRequest,standard,host,not-applicable,,open-gpu-modules
hermes.channel.destroy-compute-channel,hermes,channel,destroyComputeChannel,channelDestroyComputeChannel,LaunchOpRequest,standard,host,not-applicable,,open-gpu-modules
hermes.channel.disable-channel,hermes,channel,disableChannel,channelDisableChannel,LaunchOpRequest,standard,host,not-applicable,,open-gpu-modules
hermes.channel.enable-channel,hermes,channel,enableChannel,channelEnableChannel,LaunchOpRequest,standard,host,not-applicable,,open-gpu-modules
hermes.channel.query-channel,hermes,channel,queryChannel,channelQueryChannel,LaunchOpRequest,standard,host,not-applicable,,open-gpu-modules
hermes.channel.reset-channel,hermes,channel,resetChannel,channelResetChannel,LaunchOpRequest,standard,host,not-applicable,,open-gpu-modules
hermes.channel.resume-channel,hermes,channel,resumeChannel,channelResumeChannel,LaunchOpRequest,standard,host,not-applicable,,open-gpu-modules
hermes.channel.set-channel-priority,hermes,channel,setChannelPriority,channelSetChannelPriority,LaunchOpRequest,standard,host,not-applicable,,open-gpu-modules
hermes.channel.set-channel-runlist,hermes,channel,setChannelRunlist,channelSetChannelRunlist,LaunchOpRequest,standard,host,not-applicable,,open-gpu-modules
hermes.channel.set-channel-timeslice,hermes,channel,setChannelTimeslice,channelSetChannelTimeslice,LaunchOpRequest,standard,host,not-applicable,,open-gpu-modules
hermes.channel.suspend-channel,hermes,channel,suspendChannel,channelSuspendChannel,LaunchOpRequest,standard,host,not-applicable,,open-gpu-modules
hermes.constant_parameters.allocate-constant-bank,hermes,constant_parameters,allocateConstantBank,constantParametersAllocateConstantBank,LaunchOpRequest,standard,host,not-applicable,,
hermes.constant_parameters.bind-constant-bank,hermes,constant_parameters,bindConstantBank,constantParametersBindConstantBank,LaunchOpRequest,standard,host,not-applicable,,
hermes.constant_parameters.free-constant-bank,hermes,constant_parameters,freeConstantBank,constantParametersFreeConstantBank,LaunchOpRequest,standard,host,not-applicable,,
hermes.constant_parameters.patch-budget,hermes,constant_parameters,patchBudget,constantParametersPatchBudget,LaunchOpRequest,standard,host,not-applicable,,
hermes.constant_parameters.patch-pointer,hermes,constant_parameters,patchPointer,constantParametersPatchPointer,LaunchOpRequest,standard,host,not-applicable,,
hermes.constant_parameters.patch-scalar,hermes,constant_parameters,patchScalar,constantParametersPatchScalar,LaunchOpRequest,standard,host,not-applicable,,
hermes.constant_parameters.patch-shape,hermes,constant_parameters,patchShape,constantParametersPatchShape,LaunchOpRequest,standard,host,not-applicable,,
hermes.constant_parameters.patch-stride,hermes,constant_parameters,patchStride,constantParametersPatchStride,LaunchOpRequest,standard,host,not-applicable,,
hermes.constant_parameters.validate-parameter-abi,hermes,constant_parameters,validateParameterAbi,constantParametersValidateParameterAbi,LaunchOpRequest,standard,host,not-applicable,,
hermes.constant_parameters.write-actor-descriptor,hermes,constant_parameters,writeActorDescriptor,constantParametersWriteActorDescriptor,LaunchOpRequest,standard,host,not-applicable,,
hermes.constant_parameters.write-constant-parameter,hermes,constant_parameters,writeConstantParameter,constantParametersWriteConstantParameter,LaunchOpRequest,standard,host,not-applicable,,
hermes.constant_parameters.write-kernel-arguments,hermes,constant_parameters,writeKernelArguments,constantParametersWriteKernelArguments,LaunchOpRequest,standard,host,not-applicable,,
hermes.constant_parameters.write-mailbox-descriptor,hermes,constant_parameters,writeMailboxDescriptor,constantParametersWriteMailboxDescriptor,LaunchOpRequest,standard,host,not-applicable,,
hermes.constant_parameters.write-tensor-descriptor,hermes,constant_parameters,writeTensorDescriptor,constantParametersWriteTensorDescriptor,LaunchOpRequest,standard,host,not-applicable,,
hermes.constant_parameters.write-timeline-descriptor,hermes,constant_parameters,writeTimelineDescriptor,constantParametersWriteTimelineDescriptor,LaunchOpRequest,standard,host,not-applicable,,
hermes.gpfifo.cancel-gpfifo-entries,hermes,gpfifo,cancelGpfifoEntries,gpfifoCancelGpfifoEntries,LaunchOpRequest,standard,host,not-applicable,,
hermes.gpfifo.commit-gpfifo-entries,hermes,gpfifo,commitGpfifoEntries,gpfifoCommitGpfifoEntries,LaunchOpRequest,standard,host,not-applicable,,
hermes.gpfifo.create-gpfifo,hermes,gpfifo,createGpfifo,gpfifoCreateGpfifo,LaunchOpRequest,standard,host,not-applicable,,
hermes.gpfifo.destroy-gpfifo,hermes,gpfifo,destroyGpfifo,gpfifoDestroyGpfifo,LaunchOpRequest,standard,host,not-applicable,,
hermes.gpfifo.detect-gpfifo-wrap,hermes,gpfifo,detectGpfifoWrap,gpfifoDetectGpfifoWrap,LaunchOpRequest,standard,host,not-applicable,,
hermes.gpfifo.map-gpfifo,hermes,gpfifo,mapGpfifo,gpfifoMapGpfifo,LaunchOpRequest,standard,host,not-applicable,,
hermes.gpfifo.read-gpfifo-get,hermes,gpfifo,readGpfifoGet,gpfifoReadGpfifoGet,LaunchOpRequest,standard,host,not-applicable,,
hermes.gpfifo.recover-gpfifo,hermes,gpfifo,recoverGpfifo,gpfifoRecoverGpfifo,LaunchOpRequest,standard,host,not-applicable,,
hermes.gpfifo.reserve-gpfifo-entries,hermes,gpfifo,reserveGpfifoEntries,gpfifoReserveGpfifoEntries,LaunchOpRequest,standard,host,not-applicable,,
hermes.gpfifo.restore-gpfifo,hermes,gpfifo,restoreGpfifo,gpfifoRestoreGpfifo,LaunchOpRequest,standard,host,not-applicable,,
hermes.gpfifo.ring-doorbell,hermes,gpfifo,ringDoorbell,gpfifoRingDoorbell,LaunchOpRequest,standard,host,not-applicable,,
hermes.gpfifo.snapshot-gpfifo,hermes,gpfifo,snapshotGpfifo,gpfifoSnapshotGpfifo,LaunchOpRequest,standard,host,not-applicable,,
hermes.gpfifo.unmap-gpfifo,hermes,gpfifo,unmapGpfifo,gpfifoUnmapGpfifo,LaunchOpRequest,standard,host,not-applicable,,
hermes.gpfifo.wait-gpfifo-space,hermes,gpfifo,waitGpfifoSpace,gpfifoWaitGpfifoSpace,LaunchOpRequest,standard,host,not-applicable,,
hermes.gpfifo.write-gpfifo-entry,hermes,gpfifo,writeGpfifoEntry,gpfifoWriteGpfifoEntry,LaunchOpRequest,standard,host,not-applicable,,
hermes.gpfifo.write-gpfifo-put,hermes,gpfifo,writeGpfifoPut,gpfifoWriteGpfifoPut,LaunchOpRequest,standard,host,not-applicable,,
hermes.launch.cancel-launch,hermes,launch,cancelLaunch,launchCancelLaunch,LaunchOpRequest,standard,host,not-applicable,,
hermes.launch.collect-launch-fault,hermes,launch,collectLaunchFault,launchCollectLaunchFault,LaunchOpRequest,standard,host,not-applicable,,
hermes.launch.collect-launch-result,hermes,launch,collectLaunchResult,launchCollectLaunchResult,LaunchOpRequest,standard,host,not-applicable,,
hermes.launch.fallback-launch,hermes,launch,fallbackLaunch,launchFallbackLaunch,LaunchOpRequest,standard,host,not-applicable,,
hermes.launch.launch-actor-grid,hermes,launch,launchActorGrid,launchLaunchActorGrid,LaunchOpRequest,standard,host,not-applicable,,
hermes.launch.launch-cooperative-grid,hermes,launch,launchCooperativeGrid,launchLaunchCooperativeGrid,LaunchOpRequest,standard,host,not-applicable,,
hermes.launch.launch-graph,hermes,launch,launchGraph,launchLaunchGraph,LaunchOpRequest,standard,host,not-applicable,,
hermes.launch.launch-kernel,hermes,launch,launchKernel,launchLaunchKernel,LaunchOpRequest,standard,host,not-applicable,,
hermes.launch.launch-kernel-async,hermes,launch,launchKernelAsync,launchLaunchKernelAsync,LaunchOpRequest,standard,host,not-applicable,,
hermes.launch.launch-kernel-batch,hermes,launch,launchKernelBatch,launchLaunchKernelBatch,LaunchOpRequest,standard,host,not-applicable,,
hermes.launch.launch-kernel-indirect,hermes,launch,launchKernelIndirect,launchLaunchKernelIndirect,LaunchOpRequest,standard,host,not-applicable,,
hermes.launch.launch-persistent-grid,hermes,launch,launchPersistentGrid,launchLaunchPersistentGrid,LaunchOpRequest,standard,host,not-applicable,,
hermes.launch.launch-resident-program,hermes,launch,launchResidentProgram,launchLaunchResidentProgram,LaunchOpRequest,standard,host,not-applicable,,
hermes.launch.launch-wave,hermes,launch,launchWave,launchLaunchWave,LaunchOpRequest,standard,host,not-applicable,,
hermes.launch.poll-launch,hermes,launch,pollLaunch,launchPollLaunch,LaunchOpRequest,standard,host,not-applicable,,
hermes.launch.refresh-resident-weights,hermes,launch,refreshResidentWeights,launchRefreshResidentWeights,LaunchOpRequest,standard,host,not-applicable,,
hermes.launch.relaunch,hermes,launch,relaunch,launchRelaunch,LaunchOpRequest,standard,host,not-applicable,,
hermes.launch.update-kernel-parameters,hermes,launch,updateKernelParameters,launchUpdateKernelParameters,LaunchOpRequest,standard,host,not-applicable,,
hermes.launch.update-resident-state,hermes,launch,updateResidentState,launchUpdateResidentState,LaunchOpRequest,standard,host,not-applicable,,
hermes.launch.wait-launch,hermes,launch,waitLaunch,launchWaitLaunch,LaunchOpRequest,standard,host,not-applicable,,
hermes.pushbuffer.align-pushbuffer,hermes,pushbuffer,alignPushbuffer,pushbufferAlignPushbuffer,LaunchOpRequest,standard,host,not-applicable,,
hermes.pushbuffer.begin-push,hermes,pushbuffer,beginPush,pushbufferBeginPush,LaunchOpRequest,standard,host,not-applicable,,
hermes.pushbuffer.create-pushbuffer,hermes,pushbuffer,createPushbuffer,pushbufferCreatePushbuffer,LaunchOpRequest,standard,host,not-applicable,,
hermes.pushbuffer.destroy-pushbuffer,hermes,pushbuffer,destroyPushbuffer,pushbufferDestroyPushbuffer,LaunchOpRequest,standard,host,not-applicable,,
hermes.pushbuffer.emit-cache-flush,hermes,pushbuffer,emitCacheFlush,pushbufferEmitCacheFlush,LaunchOpRequest,standard,host,not-applicable,,
hermes.pushbuffer.emit-compute-launch,hermes,pushbuffer,emitComputeLaunch,pushbufferEmitComputeLaunch,LaunchOpRequest,standard,host,not-applicable,,
hermes.pushbuffer.emit-engine-bind,hermes,pushbuffer,emitEngineBind,pushbufferEmitEngineBind,LaunchOpRequest,standard,host,not-applicable,,
hermes.pushbuffer.emit-gpu-address,hermes,pushbuffer,emitGpuAddress,pushbufferEmitGpuAddress,LaunchOpRequest,standard,host,not-applicable,,
hermes.pushbuffer.emit-immediate,hermes,pushbuffer,emitImmediate,pushbufferEmitImmediate,LaunchOpRequest,standard,host,not-applicable,,
hermes.pushbuffer.emit-inline-data,hermes,pushbuffer,emitInlineData,pushbufferEmitInlineData,LaunchOpRequest,standard,host,not-applicable,,
hermes.pushbuffer.emit-method,hermes,pushbuffer,emitMethod,pushbufferEmitMethod,LaunchOpRequest,standard,host,not-applicable,,
hermes.pushbuffer.emit-method-incrementing,hermes,pushbuffer,emitMethodIncrementing,pushbufferEmitMethodIncrementing,LaunchOpRequest,standard,host,not-applicable,,
hermes.pushbuffer.emit-method-non-incrementing,hermes,pushbuffer,emitMethodNonIncrementing,pushbufferEmitMethodNonIncrementing,LaunchOpRequest,standard,host,not-applicable,,
hermes.pushbuffer.emit-semaphore-acquire,hermes,pushbuffer,emitSemaphoreAcquire,pushbufferEmitSemaphoreAcquire,LaunchOpRequest,standard,host,not-applicable,,
hermes.pushbuffer.emit-semaphore-release,hermes,pushbuffer,emitSemaphoreRelease,pushbufferEmitSemaphoreRelease,LaunchOpRequest,standard,host,not-applicable,,
hermes.pushbuffer.end-push,hermes,pushbuffer,endPush,pushbufferEndPush,LaunchOpRequest,standard,host,not-applicable,,
hermes.pushbuffer.hash-pushbuffer,hermes,pushbuffer,hashPushbuffer,pushbufferHashPushbuffer,LaunchOpRequest,standard,host,not-applicable,,
hermes.pushbuffer.patch-pushbuffer,hermes,pushbuffer,patchPushbuffer,pushbufferPatchPushbuffer,LaunchOpRequest,standard,host,not-applicable,,
hermes.pushbuffer.replay-pushbuffer,hermes,pushbuffer,replayPushbuffer,pushbufferReplayPushbuffer,LaunchOpRequest,standard,host,not-applicable,,
hermes.pushbuffer.validate-pushbuffer,hermes,pushbuffer,validatePushbuffer,pushbufferValidatePushbuffer,LaunchOpRequest,standard,host,not-applicable,,
hermes.qmd.clone-qmd,hermes,qmd,cloneQmd,qmdCloneQmd,LaunchOpRequest,standard,host,not-applicable,,
hermes.qmd.create-qmd,hermes,qmd,createQmd,qmdCreateQmd,LaunchOpRequest,standard,host,not-applicable,,
hermes.qmd.decode-qmd,hermes,qmd,decodeQmd,qmdDecodeQmd,LaunchOpRequest,standard,host,not-applicable,,
hermes.qmd.destroy-qmd,hermes,qmd,destroyQmd,qmdDestroyQmd,LaunchOpRequest,standard,host,not-applicable,,
hermes.qmd.encode-qmd,hermes,qmd,encodeQmd,qmdEncodeQmd,LaunchOpRequest,standard,host,not-applicable,,
hermes.qmd.patch-qmd,hermes,qmd,patchQmd,qmdPatchQmd,LaunchOpRequest,standard,host,not-applicable,,
hermes.qmd.set-qmd-acquire,hermes,qmd,setQmdAcquire,qmdSetQmdAcquire,LaunchOpRequest,standard,host,not-applicable,,
hermes.qmd.set-qmd-barrier-count,hermes,qmd,setQmdBarrierCount,qmdSetQmdBarrierCount,LaunchOpRequest,standard,host,not-applicable,,
hermes.qmd.set-qmd-block-dimensions,hermes,qmd,setQmdBlockDimensions,qmdSetQmdBlockDimensions,LaunchOpRequest,standard,host,not-applicable,,
hermes.qmd.set-qmd-cache-policy,hermes,qmd,setQmdCachePolicy,qmdSetQmdCachePolicy,LaunchOpRequest,standard,host,not-applicable,,
hermes.qmd.set-qmd-constant-bank,hermes,qmd,setQmdConstantBank,qmdSetQmdConstantBank,LaunchOpRequest,standard,host,not-applicable,,
hermes.qmd.set-qmd-dependency,hermes,qmd,setQmdDependency,qmdSetQmdDependency,LaunchOpRequest,standard,host,not-applicable,,
hermes.qmd.set-qmd-grid-dimensions,hermes,qmd,setQmdGridDimensions,qmdSetQmdGridDimensions,LaunchOpRequest,standard,host,not-applicable,,
hermes.qmd.set-qmd-launch-mode,hermes,qmd,setQmdLaunchMode,qmdSetQmdLaunchMode,LaunchOpRequest,standard,host,not-applicable,,
hermes.qmd.set-qmd-local-memory,hermes,qmd,setQmdLocalMemory,qmdSetQmdLocalMemory,LaunchOpRequest,standard,host,not-applicable,,
hermes.qmd.set-qmd-parameter-address,hermes,qmd,setQmdParameterAddress,qmdSetQmdParameterAddress,LaunchOpRequest,standard,host,not-applicable,,
hermes.qmd.set-qmd-program-address,hermes,qmd,setQmdProgramAddress,qmdSetQmdProgramAddress,LaunchOpRequest,standard,host,not-applicable,,
hermes.qmd.set-qmd-register-count,hermes,qmd,setQmdRegisterCount,qmdSetQmdRegisterCount,LaunchOpRequest,standard,host,not-applicable,,
hermes.qmd.set-qmd-release,hermes,qmd,setQmdRelease,qmdSetQmdRelease,LaunchOpRequest,standard,host,not-applicable,,
hermes.qmd.set-qmd-shared-memory,hermes,qmd,setQmdSharedMemory,qmdSetQmdSharedMemory,LaunchOpRequest,standard,host,not-applicable,,
hermes.qmd.validate-qmd,hermes,qmd,validateQmd,qmdValidateQmd,LaunchOpRequest,standard,host,not-applicable,,
hermes.telemetry_fault.capture-launch-trace,hermes,telemetry_fault,captureLaunchTrace,telemetryFaultCaptureLaunchTrace,LaunchOpRequest,standard,host,not-applicable,,
hermes.telemetry_fault.capture-method-trace,hermes,telemetry_fault,captureMethodTrace,telemetryFaultCaptureMethodTrace,LaunchOpRequest,standard,host,not-applicable,,
hermes.telemetry_fault.capture-pushbuffer,hermes,telemetry_fault,capturePushbuffer,telemetryFaultCapturePushbuffer,LaunchOpRequest,standard,host,not-applicable,,
hermes.telemetry_fault.capture-qmd,hermes,telemetry_fault,captureQmd,telemetryFaultCaptureQmd,LaunchOpRequest,standard,host,not-applicable,,
hermes.telemetry_fault.capture-register-snapshot,hermes,telemetry_fault,captureRegisterSnapshot,telemetryFaultCaptureRegisterSnapshot,LaunchOpRequest,standard,host,not-applicable,,
hermes.telemetry_fault.clear-fault,hermes,telemetry_fault,clearFault,telemetryFaultClearFault,LaunchOpRequest,standard,host,not-applicable,,
hermes.telemetry_fault.decode-fault,hermes,telemetry_fault,decodeFault,telemetryFaultDecodeFault,LaunchOpRequest,standard,host,not-applicable,,
hermes.telemetry_fault.decode-trap,hermes,telemetry_fault,decodeTrap,telemetryFaultDecodeTrap,LaunchOpRequest,standard,host,not-applicable,,
hermes.telemetry_fault.emit-xid-context,hermes,telemetry_fault,emitXidContext,telemetryFaultEmitXidContext,LaunchOpRequest,standard,host,not-applicable,,
hermes.telemetry_fault.isolate-faulting-channel,hermes,telemetry_fault,isolateFaultingChannel,telemetryFaultIsolateFaultingChannel,LaunchOpRequest,standard,host,not-applicable,,
hermes.telemetry_fault.produce-crash-bundle,hermes,telemetry_fault,produceCrashBundle,telemetryFaultProduceCrashBundle,LaunchOpRequest,standard,host,not-applicable,,
hermes.telemetry_fault.query-channel-status,hermes,telemetry_fault,queryChannelStatus,telemetryFaultQueryChannelStatus,LaunchOpRequest,standard,host,not-applicable,,
hermes.telemetry_fault.query-engine-status,hermes,telemetry_fault,queryEngineStatus,telemetryFaultQueryEngineStatus,LaunchOpRequest,standard,host,not-applicable,,
hermes.telemetry_fault.query-fault-buffer,hermes,telemetry_fault,queryFaultBuffer,telemetryFaultQueryFaultBuffer,LaunchOpRequest,standard,host,not-applicable,,
hermes.work_transport.ack-work-packet,hermes,work_transport,ackWorkPacket,workTransportAckWorkPacket,LaunchOpRequest,research,host;sm86,not-applicable,,
hermes.work_transport.batch-work-packets,hermes,work_transport,batchWorkPackets,workTransportBatchWorkPackets,LaunchOpRequest,research,host;sm86,not-applicable,,
hermes.work_transport.checksum-work-packet,hermes,work_transport,checksumWorkPacket,workTransportChecksumWorkPacket,LaunchOpRequest,research,host;sm86,not-applicable,,
hermes.work_transport.coalesce-work-packets,hermes,work_transport,coalesceWorkPackets,workTransportCoalesceWorkPackets,LaunchOpRequest,research,host;sm86,not-applicable,,
hermes.work_transport.create-work-queue,hermes,work_transport,createWorkQueue,workTransportCreateWorkQueue,LaunchOpRequest,research,host;sm86,not-applicable,,
hermes.work_transport.dequeue-work-packet,hermes,work_transport,dequeueWorkPacket,workTransportDequeueWorkPacket,LaunchOpRequest,research,host;sm86,not-applicable,,
hermes.work_transport.destroy-work-queue,hermes,work_transport,destroyWorkQueue,workTransportDestroyWorkQueue,LaunchOpRequest,research,host;sm86,not-applicable,,
hermes.work_transport.donate-work-packet,hermes,work_transport,donateWorkPacket,workTransportDonateWorkPacket,LaunchOpRequest,research,host;sm86,not-applicable,,
hermes.work_transport.drop-stale-packet,hermes,work_transport,dropStalePacket,workTransportDropStalePacket,LaunchOpRequest,research,host;sm86,not-applicable,,
hermes.work_transport.enqueue-actor-event,hermes,work_transport,enqueueActorEvent,workTransportEnqueueActorEvent,LaunchOpRequest,research,host;sm86,not-applicable,,
hermes.work_transport.enqueue-collective-packet,hermes,work_transport,enqueueCollectivePacket,workTransportEnqueueCollectivePacket,LaunchOpRequest,research,host;sm86,not-applicable,,
hermes.work_transport.enqueue-memory-packet,hermes,work_transport,enqueueMemoryPacket,workTransportEnqueueMemoryPacket,LaunchOpRequest,research,host;sm86,not-applicable,,
hermes.work_transport.enqueue-tile-packet,hermes,work_transport,enqueueTilePacket,workTransportEnqueueTilePacket,LaunchOpRequest,research,host;sm86,not-applicable,,
hermes.work_transport.enqueue-work-packet,hermes,work_transport,enqueueWorkPacket,workTransportEnqueueWorkPacket,LaunchOpRequest,research,host;sm86,not-applicable,,
hermes.work_transport.nack-work-packet,hermes,work_transport,nackWorkPacket,workTransportNackWorkPacket,LaunchOpRequest,research,host;sm86,not-applicable,,
hermes.work_transport.retry-work-packet,hermes,work_transport,retryWorkPacket,workTransportRetryWorkPacket,LaunchOpRequest,research,host;sm86,not-applicable,,
hermes.work_transport.route-work-packet,hermes,work_transport,routeWorkPacket,workTransportRouteWorkPacket,LaunchOpRequest,research,host;sm86,not-applicable,,
hermes.work_transport.steal-work-packet,hermes,work_transport,stealWorkPacket,workTransportStealWorkPacket,LaunchOpRequest,research,host;sm86,not-applicable,,
hermes.work_transport.trace-work-packet,hermes,work_transport,traceWorkPacket,workTransportTraceWorkPacket,LaunchOpRequest,research,host;sm86,not-applicable,,
prometheus.arith.abs,prometheus,arith,abs,arithAbs,CompilerOpRequest,standard,compiler,not-applicable,,
prometheus.arith.add,prometheus,arith,add,arithAdd,CompilerOpRequest,standard,compiler,not-applicable,,
prometheus.arith.bitcast,prometheus,arith,bitcast,arithBitcast,CompilerOpRequest,standard,compiler,not-applicable,,
prometheus.arith.bit-extract,prometheus,arith,bitExtract,arithBitExtract,CompilerOpRequest,standard,compiler,not-applicable,,
prometheus.arith.bit-insert,prometheus,arith,bitInsert,arithBitInsert,CompilerOpRequest,standard,compiler,not-applicable,,
prometheus.arith.bitwise,prometheus,arith,bitwise,arithBitwise,CompilerOpRequest,standard,compiler,not-applicable,,
prometheus.arith.ceil,prometheus,arith,ceil,arithCeil,CompilerOpRequest,standard,compiler,not-applicable,,
prometheus.arith.clamp,prometheus,arith,clamp,arithClamp,CompilerOpRequest,standard,compiler,not-applicable,,
prometheus.arith.compare,prometheus,arith,compare,arithCompare,CompilerOpRequest,standard,compiler,not-applicable,,
prometheus.arith.convert,prometheus,arith,convert,arithConvert,CompilerOpRequest,standard,compiler,not-applicable,,
prometheus.arith.cos,prometheus,arith,cos,arithCos,CompilerOpRequest,standard,compiler,not-applicable,,
prometheus.arith.div,prometheus,arith,div,arithDiv,CompilerOpRequest,standard,compiler,not-applicable,,
prometheus.arith.erf,prometheus,arith,erf,arithErf,CompilerOpRequest,standard,compiler,not-applicable,,
prometheus.arith.exp,prometheus,arith,exp,arithExp,CompilerOpRequest,standard,compiler,not-applicable,,
prometheus.arith.exp2,prometheus,arith,exp2,arithExp2,CompilerOpRequest,standard,compiler,not-applicable,,
prometheus.arith.floor,prometheus,arith,floor,arithFloor,CompilerOpRequest,standard,compiler,not-applicable,,
prometheus.arith.fma,prometheus,arith,fma,arithFma,CompilerOpRequest,standard,compiler,not-applicable,,
prometheus.arith.funnel-shift,prometheus,arith,funnelShift,arithFunnelShift,CompilerOpRequest,standard,compiler,not-applicable,,
prometheus.arith.leading-zeros,prometheus,arith,leadingZeros,arithLeadingZeros,CompilerOpRequest,standard,compiler,not-applicable,,
prometheus.arith.log,prometheus,arith,log,arithLog,CompilerOpRequest,standard,compiler,not-applicable,,
prometheus.arith.log2,prometheus,arith,log2,arithLog2,CompilerOpRequest,standard,compiler,not-applicable,,
prometheus.arith.logical,prometheus,arith,logical,arithLogical,CompilerOpRequest,standard,compiler,not-applicable,,
prometheus.arith.max,prometheus,arith,max,arithMax,CompilerOpRequest,standard,compiler,not-applicable,,
prometheus.arith.min,prometheus,arith,min,arithMin,CompilerOpRequest,standard,compiler,not-applicable,,
prometheus.arith.mul,prometheus,arith,mul,arithMul,CompilerOpRequest,standard,compiler,not-applicable,,
prometheus.arith.neg,prometheus,arith,neg,arithNeg,CompilerOpRequest,standard,compiler,not-applicable,,
prometheus.arith.permute-bytes,prometheus,arith,permuteBytes,arithPermuteBytes,CompilerOpRequest,standard,compiler,not-applicable,,
prometheus.arith.population-count,prometheus,arith,populationCount,arithPopulationCount,CompilerOpRequest,standard,compiler,not-applicable,,
prometheus.arith.rem,prometheus,arith,rem,arithRem,CompilerOpRequest,standard,compiler,not-applicable,,
prometheus.arith.round,prometheus,arith,round,arithRound,CompilerOpRequest,standard,compiler,not-applicable,,
prometheus.arith.rsqrt,prometheus,arith,rsqrt,arithRsqrt,CompilerOpRequest,standard,compiler,not-applicable,,
prometheus.arith.saturate,prometheus,arith,saturate,arithSaturate,CompilerOpRequest,standard,compiler,not-applicable,,
prometheus.arith.select,prometheus,arith,select,arithSelect,CompilerOpRequest,standard,compiler,not-applicable,,
prometheus.arith.sin,prometheus,arith,sin,arithSin,CompilerOpRequest,standard,compiler,not-applicable,,
prometheus.arith.sqrt,prometheus,arith,sqrt,arithSqrt,CompilerOpRequest,standard,compiler,not-applicable,,
prometheus.arith.sub,prometheus,arith,sub,arithSub,CompilerOpRequest,standard,compiler,not-applicable,,
prometheus.arith.tanh,prometheus,arith,tanh,arithTanh,CompilerOpRequest,standard,compiler,not-applicable,,
prometheus.arith.trailing-zeros,prometheus,arith,trailingZeros,arithTrailingZeros,CompilerOpRequest,standard,compiler,not-applicable,,
prometheus.async_actor.actor-await,prometheus,async_actor,actorAwait,asyncActorActorAwait,CompilerOpRequest,standard,compiler;sm86,not-applicable,,
prometheus.async_actor.actor-checkpoint,prometheus,async_actor,actorCheckpoint,asyncActorActorCheckpoint,CompilerOpRequest,standard,compiler;sm86,not-applicable,,
prometheus.async_actor.actor-quiesce,prometheus,async_actor,actorQuiesce,asyncActorActorQuiesce,CompilerOpRequest,standard,compiler;sm86,not-applicable,,
prometheus.async_actor.actor-restore,prometheus,async_actor,actorRestore,asyncActorActorRestore,CompilerOpRequest,standard,compiler;sm86,not-applicable,,
prometheus.async_actor.actor-sleep,prometheus,async_actor,actorSleep,asyncActorActorSleep,CompilerOpRequest,standard,compiler;sm86,not-applicable,,
prometheus.async_actor.actor-state-commit,prometheus,async_actor,actorStateCommit,asyncActorActorStateCommit,CompilerOpRequest,standard,compiler;sm86,not-applicable,,
prometheus.async_actor.actor-state-read,prometheus,async_actor,actorStateRead,asyncActorActorStateRead,CompilerOpRequest,standard,compiler;sm86,not-applicable,,
prometheus.async_actor.actor-state-rollback,prometheus,async_actor,actorStateRollback,asyncActorActorStateRollback,CompilerOpRequest,standard,compiler;sm86,not-applicable,,
prometheus.async_actor.actor-state-write,prometheus,async_actor,actorStateWrite,asyncActorActorStateWrite,CompilerOpRequest,standard,compiler;sm86,not-applicable,,
prometheus.async_actor.actor-wake,prometheus,async_actor,actorWake,asyncActorActorWake,CompilerOpRequest,standard,compiler;sm86,not-applicable,,
prometheus.async_actor.actor-yield,prometheus,async_actor,actorYield,asyncActorActorYield,CompilerOpRequest,standard,compiler;sm86,not-applicable,,
prometheus.async_actor.budget-consume,prometheus,async_actor,budgetConsume,asyncActorBudgetConsume,CompilerOpRequest,standard,compiler;sm86,not-applicable,,
prometheus.async_actor.deadline-check,prometheus,async_actor,deadlineCheck,asyncActorDeadlineCheck,CompilerOpRequest,standard,compiler;sm86,not-applicable,,
prometheus.async_actor.event-consume,prometheus,async_actor,eventConsume,asyncActorEventConsume,CompilerOpRequest,standard,compiler;sm86,not-applicable,,
prometheus.async_actor.event-create,prometheus,async_actor,eventCreate,asyncActorEventCreate,CompilerOpRequest,standard,compiler;sm86,not-applicable,,
prometheus.async_actor.event-credit-acquire,prometheus,async_actor,eventCreditAcquire,asyncActorEventCreditAcquire,CompilerOpRequest,standard,compiler;sm86,not-applicable,,
prometheus.async_actor.event-credit-release,prometheus,async_actor,eventCreditRelease,asyncActorEventCreditRelease,CompilerOpRequest,standard,compiler;sm86,not-applicable,,
prometheus.async_actor.event-drop,prometheus,async_actor,eventDrop,asyncActorEventDrop,CompilerOpRequest,standard,compiler;sm86,not-applicable,,
prometheus.async_actor.event-emit,prometheus,async_actor,eventEmit,asyncActorEventEmit,CompilerOpRequest,standard,compiler;sm86,not-applicable,,
prometheus.async_actor.event-forward,prometheus,async_actor,eventForward,asyncActorEventForward,CompilerOpRequest,standard,compiler;sm86,not-applicable,,
prometheus.async_actor.event-merge,prometheus,async_actor,eventMerge,asyncActorEventMerge,CompilerOpRequest,standard,compiler;sm86,not-applicable,,
prometheus.async_actor.event-split,prometheus,async_actor,eventSplit,asyncActorEventSplit,CompilerOpRequest,standard,compiler;sm86,not-applicable,,
prometheus.async_actor.logical-wave-begin,prometheus,async_actor,logicalWaveBegin,asyncActorLogicalWaveBegin,CompilerOpRequest,standard,compiler;sm86,not-applicable,,
prometheus.async_actor.logical-wave-end,prometheus,async_actor,logicalWaveEnd,asyncActorLogicalWaveEnd,CompilerOpRequest,standard,compiler;sm86,not-applicable,,
prometheus.async_actor.mailbox-cancel,prometheus,async_actor,mailboxCancel,asyncActorMailboxCancel,CompilerOpRequest,standard,compiler;sm86,not-applicable,,
prometheus.async_actor.mailbox-commit,prometheus,async_actor,mailboxCommit,asyncActorMailboxCommit,CompilerOpRequest,standard,compiler;sm86,not-applicable,,
prometheus.async_actor.mailbox-create,prometheus,async_actor,mailboxCreate,asyncActorMailboxCreate,CompilerOpRequest,standard,compiler;sm86,not-applicable,,
prometheus.async_actor.mailbox-destroy,prometheus,async_actor,mailboxDestroy,asyncActorMailboxDestroy,CompilerOpRequest,standard,compiler;sm86,not-applicable,,
prometheus.async_actor.mailbox-peek,prometheus,async_actor,mailboxPeek,asyncActorMailboxPeek,CompilerOpRequest,standard,compiler;sm86,not-applicable,,
prometheus.async_actor.mailbox-receive,prometheus,async_actor,mailboxReceive,asyncActorMailboxReceive,CompilerOpRequest,standard,compiler;sm86,not-applicable,,
prometheus.async_actor.mailbox-reserve,prometheus,async_actor,mailboxReserve,asyncActorMailboxReserve,CompilerOpRequest,standard,compiler;sm86,not-applicable,,
prometheus.async_actor.mailbox-send,prometheus,async_actor,mailboxSend,asyncActorMailboxSend,CompilerOpRequest,standard,compiler;sm86,not-applicable,,
prometheus.async_actor.mailbox-try-receive,prometheus,async_actor,mailboxTryReceive,asyncActorMailboxTryReceive,CompilerOpRequest,standard,compiler;sm86,not-applicable,,
prometheus.async_actor.quiescence-check,prometheus,async_actor,quiescenceCheck,asyncActorQuiescenceCheck,CompilerOpRequest,research,compiler;sm86,not-applicable,,
prometheus.control_flow.affine-loop,prometheus,control_flow,affineLoop,controlFlowAffineLoop,CompilerOpRequest,standard,compiler,not-applicable,,
prometheus.control_flow.branch,prometheus,control_flow,branch,controlFlowBranch,CompilerOpRequest,standard,compiler,not-applicable,,
prometheus.control_flow.break-loop,prometheus,control_flow,breakLoop,controlFlowBreakLoop,CompilerOpRequest,standard,compiler,not-applicable,,
prometheus.control_flow.conditional-branch,prometheus,control_flow,conditionalBranch,controlFlowConditionalBranch,CompilerOpRequest,standard,compiler,not-applicable,,
prometheus.control_flow.continue-loop,prometheus,control_flow,continueLoop,controlFlowContinueLoop,CompilerOpRequest,standard,compiler,not-applicable,,
prometheus.control_flow.do-while-loop,prometheus,control_flow,doWhileLoop,controlFlowDoWhileLoop,CompilerOpRequest,standard,compiler,not-applicable,,
prometheus.control_flow.fallback-region,prometheus,control_flow,fallbackRegion,controlFlowFallbackRegion,CompilerOpRequest,standard,compiler,not-applicable,,
prometheus.control_flow.for-loop,prometheus,control_flow,forLoop,controlFlowForLoop,CompilerOpRequest,standard,compiler,not-applicable,,
prometheus.control_flow.guard-region,prometheus,control_flow,guardRegion,controlFlowGuardRegion,CompilerOpRequest,standard,compiler,not-applicable,,
prometheus.control_flow.if-region,prometheus,control_flow,ifRegion,controlFlowIfRegion,CompilerOpRequest,standard,compiler,not-applicable,,
prometheus.control_flow.loop,prometheus,control_flow,loop,controlFlowLoop,CompilerOpRequest,standard,compiler,not-applicable,,
prometheus.control_flow.parallel-loop,prometheus,control_flow,parallelLoop,controlFlowParallelLoop,CompilerOpRequest,standard,compiler,not-applicable,,
prometheus.control_flow.peel-loop,prometheus,control_flow,peelLoop,controlFlowPeelLoop,CompilerOpRequest,standard,compiler,not-applicable,,
prometheus.control_flow.pipeline-loop,prometheus,control_flow,pipelineLoop,controlFlowPipelineLoop,CompilerOpRequest,standard,compiler,not-applicable,,
prometheus.control_flow.retry-region,prometheus,control_flow,retryRegion,controlFlowRetryRegion,CompilerOpRequest,standard,compiler,not-applicable,,
prometheus.control_flow.select-region,prometheus,control_flow,selectRegion,controlFlowSelectRegion,CompilerOpRequest,standard,compiler,not-applicable,,
prometheus.control_flow.software-pipeline,prometheus,control_flow,softwarePipeline,controlFlowSoftwarePipeline,CompilerOpRequest,standard,compiler,not-applicable,,
prometheus.control_flow.speculate-region,prometheus,control_flow,speculateRegion,controlFlowSpeculateRegion,CompilerOpRequest,standard,compiler,not-applicable,,
prometheus.control_flow.switch,prometheus,control_flow,switch,controlFlowSwitch,CompilerOpRequest,standard,compiler,not-applicable,,
prometheus.control_flow.tile-loop,prometheus,control_flow,tileLoop,controlFlowTileLoop,CompilerOpRequest,standard,compiler,not-applicable,,
prometheus.control_flow.try-region,prometheus,control_flow,tryRegion,controlFlowTryRegion,CompilerOpRequest,standard,compiler,not-applicable,,
prometheus.control_flow.unroll,prometheus,control_flow,unroll,controlFlowUnroll,CompilerOpRequest,standard,compiler,not-applicable,,
prometheus.control_flow.while-loop,prometheus,control_flow,whileLoop,controlFlowWhileLoop,CompilerOpRequest,standard,compiler,not-applicable,,
prometheus.cost_model.estimate-atomic-contention,prometheus,cost_model,estimateAtomicContention,costModelEstimateAtomicContention,CompilerOpRequest,standard,compiler,not-applicable,,
prometheus.cost_model.estimate-bank-conflicts,prometheus,cost_model,estimateBankConflicts,costModelEstimateBankConflicts,CompilerOpRequest,standard,compiler,not-applicable,,
prometheus.cost_model.estimate-barrier-cost,prometheus,cost_model,estimateBarrierCost,costModelEstimateBarrierCost,CompilerOpRequest,standard,compiler,not-applicable,,
prometheus.cost_model.estimate-coalescing,prometheus,cost_model,estimateCoalescing,costModelEstimateCoalescing,CompilerOpRequest,standard,compiler,not-applicable,,
prometheus.cost_model.estimate-cycles,prometheus,cost_model,estimateCycles,costModelEstimateCycles,CompilerOpRequest,standard,compiler,not-applicable,,
prometheus.cost_model.estimate-divergence,prometheus,cost_model,estimateDivergence,costModelEstimateDivergence,CompilerOpRequest,standard,compiler,not-applicable,,
prometheus.cost_model.estimate-energy,prometheus,cost_model,estimateEnergy,costModelEstimateEnergy,CompilerOpRequest,standard,compiler,not-applicable,,
prometheus.cost_model.estimate-global-bytes,prometheus,cost_model,estimateGlobalBytes,costModelEstimateGlobalBytes,CompilerOpRequest,standard,compiler,not-applicable,,
prometheus.cost_model.estimate-instructions,prometheus,cost_model,estimateInstructions,costModelEstimateInstructions,CompilerOpRequest,standard,compiler,not-applicable,,
prometheus.cost_model.estimate-l2-bytes,prometheus,cost_model,estimateL2Bytes,costModelEstimateL2Bytes,CompilerOpRequest,standard,compiler,not-applicable,,
prometheus.cost_model.estimate-latency,prometheus,cost_model,estimateLatency,costModelEstimateLatency,CompilerOpRequest,standard,compiler,not-applicable,,
prometheus.cost_model.estimate-local-memory,prometheus,cost_model,estimateLocalMemory,costModelEstimateLocalMemory,CompilerOpRequest,standard,compiler,not-applicable,,
prometheus.cost_model.estimate-numerical-error,prometheus,cost_model,estimateNumericalError,costModelEstimateNumericalError,CompilerOpRequest,standard,compiler,not-applicable,,
prometheus.cost_model.estimate-occupancy,prometheus,cost_model,estimateOccupancy,costModelEstimateOccupancy,CompilerOpRequest,standard,compiler,not-applicable,,
prometheus.cost_model.estimate-registers,prometheus,cost_model,estimateRegisters,costModelEstimateRegisters,CompilerOpRequest,standard,compiler,not-applicable,,
prometheus.cost_model.estimate-shared-memory,prometheus,cost_model,estimateSharedMemory,costModelEstimateSharedMemory,CompilerOpRequest,standard,compiler,not-applicable,,
prometheus.cost_model.estimate-throughput,prometheus,cost_model,estimateThroughput,costModelEstimateThroughput,CompilerOpRequest,standard,compiler,not-applicable,,
prometheus.cost_model.rank-schedules,prometheus,cost_model,rankSchedules,costModelRankSchedules,CompilerOpRequest,standard,compiler,not-applicable,,
prometheus.cost_model.search-epilogue-fusion,prometheus,cost_model,searchEpilogueFusion,costModelSearchEpilogueFusion,CompilerOpRequest,standard,compiler,not-applicable,,
prometheus.cost_model.search-pipeline-depth,prometheus,cost_model,searchPipelineDepth,costModelSearchPipelineDepth,CompilerOpRequest,standard,compiler,not-applicable,,
prometheus.cost_model.search-tile-shape,prometheus,cost_model,searchTileShape,costModelSearchTileShape,CompilerOpRequest,standard,compiler,not-applicable,,
prometheus.cost_model.search-warp-assignment,prometheus,cost_model,searchWarpAssignment,costModelSearchWarpAssignment,CompilerOpRequest,standard,compiler,not-applicable,,
prometheus.ir_module.actor,prometheus,ir_module,actor,irModuleActor,CompilerOpRequest,standard,compiler,not-applicable,,
prometheus.ir_module.argument,prometheus,ir_module,argument,irModuleArgument,CompilerOpRequest,standard,compiler,not-applicable,,
prometheus.ir_module.assert,prometheus,ir_module,assert,irModuleAssert,CompilerOpRequest,standard,compiler,not-applicable,,
prometheus.ir_module.assume,prometheus,ir_module,assume,irModuleAssume,CompilerOpRequest,standard,compiler,not-applicable,,
prometheus.ir_module.block,prometheus,ir_module,block,irModuleBlock,CompilerOpRequest,standard,compiler,not-applicable,,
prometheus.ir_module.call,prometheus,ir_module,call,irModuleCall,CompilerOpRequest,standard,compiler,not-applicable,,
prometheus.ir_module.constant,prometheus,ir_module,constant,irModuleConstant,CompilerOpRequest,standard,compiler,not-applicable,,
prometheus.ir_module.debug-value,prometheus,ir_module,debugValue,irModuleDebugValue,CompilerOpRequest,standard,compiler,not-applicable,,
prometheus.ir_module.external,prometheus,ir_module,external,irModuleExternal,CompilerOpRequest,standard,compiler,not-applicable,,
prometheus.ir_module.function,prometheus,ir_module,function,irModuleFunction,CompilerOpRequest,standard,compiler,not-applicable,,
prometheus.ir_module.global,prometheus,ir_module,global,irModuleGlobal,CompilerOpRequest,standard,compiler,not-applicable,,
prometheus.ir_module.kernel,prometheus,ir_module,kernel,irModuleKernel,CompilerOpRequest,standard,compiler,not-applicable,,
prometheus.ir_module.metadata,prometheus,ir_module,metadata,irModuleMetadata,CompilerOpRequest,standard,compiler,not-applicable,,
prometheus.ir_module.module,prometheus,ir_module,module,irModuleModule,CompilerOpRequest,standard,compiler,not-applicable,,
prometheus.ir_module.region,prometheus,ir_module,region,irModuleRegion,CompilerOpRequest,standard,compiler,not-applicable,,
prometheus.ir_module.result,prometheus,ir_module,result,irModuleResult,CompilerOpRequest,standard,compiler,not-applicable,,
prometheus.ir_module.return,prometheus,ir_module,return,irModuleReturn,CompilerOpRequest,standard,compiler,not-applicable,,
prometheus.ir_module.source-location,prometheus,ir_module,sourceLocation,irModuleSourceLocation,CompilerOpRequest,standard,compiler,not-applicable,,
prometheus.ir_module.symbol,prometheus,ir_module,symbol,irModuleSymbol,CompilerOpRequest,standard,compiler,not-applicable,,
prometheus.ir_module.trap,prometheus,ir_module,trap,irModuleTrap,CompilerOpRequest,standard,compiler,not-applicable,,
prometheus.ir_module.unreachable,prometheus,ir_module,unreachable,irModuleUnreachable,CompilerOpRequest,standard,compiler,not-applicable,,
prometheus.ir_module.yield,prometheus,ir_module,yield,irModuleYield,CompilerOpRequest,standard,compiler,not-applicable,,
prometheus.matrix.anytime-bitplane-matmul,prometheus,matrix,anytimeBitplaneMatmul,matrixAnytimeBitplaneMatmul,CompilerOpRequest,research,compiler;sm86,not-applicable,,
prometheus.matrix.block-matmul,prometheus,matrix,blockMatmul,matrixBlockMatmul,CompilerOpRequest,standard,compiler;sm86,not-applicable,,
prometheus.matrix.block-sparse-matmul,prometheus,matrix,blockSparseMatmul,matrixBlockSparseMatmul,CompilerOpRequest,standard,compiler;sm86,not-applicable,,
prometheus.matrix.fused-epilogue-matmul,prometheus,matrix,fusedEpilogueMatmul,matrixFusedEpilogueMatmul,CompilerOpRequest,standard,compiler;sm86,not-applicable,,
prometheus.matrix.grid-matmul,prometheus,matrix,gridMatmul,matrixGridMatmul,CompilerOpRequest,standard,compiler;sm86,not-applicable,,
prometheus.matrix.grouped-matmul,prometheus,matrix,groupedMatmul,matrixGroupedMatmul,CompilerOpRequest,standard,compiler;sm86,not-applicable,,
prometheus.matrix.masked-matmul,prometheus,matrix,maskedMatmul,matrixMaskedMatmul,CompilerOpRequest,standard,compiler;sm86,not-applicable,,
prometheus.matrix.mixed-input-matmul,prometheus,matrix,mixedInputMatmul,matrixMixedInputMatmul,CompilerOpRequest,standard,compiler;future-or-emulated;sm86,not-applicable,,
prometheus.matrix.mma,prometheus,matrix,mma,matrixMma,CompilerOpRequest,standard,compiler;sm86,not-applicable,,
prometheus.matrix.mma-bf16,prometheus,matrix,mmaBf16,matrixMmaBf16,CompilerOpRequest,standard,compiler;sm86,not-applicable,,
prometheus.matrix.mma-binary,prometheus,matrix,mmaBinary,matrixMmaBinary,CompilerOpRequest,standard,compiler;sm86,not-applicable,,
prometheus.matrix.mma-fp16,prometheus,matrix,mmaFp16,matrixMmaFp16,CompilerOpRequest,standard,compiler;sm86,not-applicable,,
prometheus.matrix.mma-int4,prometheus,matrix,mmaInt4,matrixMmaInt4,CompilerOpRequest,standard,compiler;sm86,not-applicable,,
prometheus.matrix.mma-int8,prometheus,matrix,mmaInt8,matrixMmaInt8,CompilerOpRequest,standard,compiler;sm86,not-applicable,,
prometheus.matrix.mma-sparse,prometheus,matrix,mmaSparse,matrixMmaSparse,CompilerOpRequest,standard,compiler;sm86,not-applicable,,
prometheus.matrix.mma-tf32,prometheus,matrix,mmaTf32,matrixMmaTf32,CompilerOpRequest,standard,compiler;sm86,not-applicable,,
prometheus.matrix.optimizer-consumed-matmul,prometheus,matrix,optimizerConsumedMatmul,matrixOptimizerConsumedMatmul,CompilerOpRequest,research,compiler;sm86,not-applicable,,
prometheus.matrix.persistent-matmul,prometheus,matrix,persistentMatmul,matrixPersistentMatmul,CompilerOpRequest,standard,compiler;future-or-emulated;sm86,not-applicable,,
prometheus.matrix.quantized-matmul,prometheus,matrix,quantizedMatmul,matrixQuantizedMatmul,CompilerOpRequest,standard,compiler;sm86,not-applicable,,
prometheus.matrix.residue-corrected-matmul,prometheus,matrix,residueCorrectedMatmul,matrixResidueCorrectedMatmul,CompilerOpRequest,research,compiler;sm86,not-applicable,,
prometheus.matrix.semiring-matmul,prometheus,matrix,semiringMatmul,matrixSemiringMatmul,CompilerOpRequest,standard,compiler;sm86,not-applicable,,
prometheus.matrix.simt-matmul,prometheus,matrix,simtMatmul,matrixSimtMatmul,CompilerOpRequest,standard,compiler;future-or-emulated;sm86,not-applicable,,
prometheus.matrix.split-kmatmul,prometheus,matrix,splitKMatmul,matrixSplitKMatmul,CompilerOpRequest,standard,compiler;sm86,not-applicable,,
prometheus.matrix.stream-kmatmul,prometheus,matrix,streamKMatmul,matrixStreamKMatmul,CompilerOpRequest,standard,compiler;sm86,not-applicable,,
prometheus.matrix.warp-matmul,prometheus,matrix,warpMatmul,matrixWarpMatmul,CompilerOpRequest,standard,compiler;sm86,not-applicable,,
prometheus.memory.address-space-cast,prometheus,memory,addressSpaceCast,memoryAddressSpaceCast,CompilerOpRequest,standard,compiler,not-applicable,,
prometheus.memory.alias-view,prometheus,memory,aliasView,memoryAliasView,CompilerOpRequest,standard,compiler,not-applicable,,
prometheus.memory.alignment-assume,prometheus,memory,alignmentAssume,memoryAlignmentAssume,CompilerOpRequest,standard,compiler,not-applicable,,
prometheus.memory.alloca,prometheus,memory,alloca,memoryAlloca,CompilerOpRequest,standard,compiler,not-applicable,,
prometheus.memory.allocate,prometheus,memory,allocate,memoryAllocate,CompilerOpRequest,standard,compiler,not-applicable,,
prometheus.memory.async-commit,prometheus,memory,asyncCommit,memoryAsyncCommit,CompilerOpRequest,standard,compiler,not-applicable,,
prometheus.memory.async-copy,prometheus,memory,asyncCopy,memoryAsyncCopy,CompilerOpRequest,standard,compiler,not-applicable,,
prometheus.memory.async-wait,prometheus,memory,asyncWait,memoryAsyncWait,CompilerOpRequest,standard,compiler,not-applicable,,
prometheus.memory.atomic-compare-exchange,prometheus,memory,atomicCompareExchange,memoryAtomicCompareExchange,CompilerOpRequest,standard,compiler,not-applicable,,
prometheus.memory.atomic-load,prometheus,memory,atomicLoad,memoryAtomicLoad,CompilerOpRequest,standard,compiler,not-applicable,,
prometheus.memory.atomic-rmw,prometheus,memory,atomicRmw,memoryAtomicRmw,CompilerOpRequest,standard,compiler,not-applicable,,
prometheus.memory.atomic-store,prometheus,memory,atomicStore,memoryAtomicStore,CompilerOpRequest,standard,compiler,not-applicable,,
prometheus.memory.bounds-check,prometheus,memory,boundsCheck,memoryBoundsCheck,CompilerOpRequest,standard,compiler,not-applicable,,
prometheus.memory.cache-hint,prometheus,memory,cacheHint,memoryCacheHint,CompilerOpRequest,standard,compiler,not-applicable,,
prometheus.memory.copy,prometheus,memory,copy,memoryCopy,CompilerOpRequest,standard,compiler,not-applicable,,
prometheus.memory.deallocate,prometheus,memory,deallocate,memoryDeallocate,CompilerOpRequest,standard,compiler,not-applicable,,
prometheus.memory.evict-hint,prometheus,memory,evictHint,memoryEvictHint,CompilerOpRequest,standard,compiler,not-applicable,,
prometheus.memory.fill,prometheus,memory,fill,memoryFill,CompilerOpRequest,standard,compiler,not-applicable,,
prometheus.memory.gather,prometheus,memory,gather,memoryGather,CompilerOpRequest,standard,compiler,not-applicable,,
prometheus.memory.lifetime-end,prometheus,memory,lifetimeEnd,memoryLifetimeEnd,CompilerOpRequest,standard,compiler,not-applicable,,
prometheus.memory.lifetime-start,prometheus,memory,lifetimeStart,memoryLifetimeStart,CompilerOpRequest,standard,compiler,not-applicable,,
prometheus.memory.load,prometheus,memory,load,memoryLoad,CompilerOpRequest,standard,compiler,not-applicable,,
prometheus.memory.masked-load,prometheus,memory,maskedLoad,memoryMaskedLoad,CompilerOpRequest,standard,compiler,not-applicable,,
prometheus.memory.masked-store,prometheus,memory,maskedStore,memoryMaskedStore,CompilerOpRequest,standard,compiler,not-applicable,,
prometheus.memory.memcpy,prometheus,memory,memcpy,memoryMemcpy,CompilerOpRequest,standard,compiler,not-applicable,,
prometheus.memory.memmove,prometheus,memory,memmove,memoryMemmove,CompilerOpRequest,standard,compiler,not-applicable,,
prometheus.memory.memory-fence,prometheus,memory,memoryFence,memoryMemoryFence,CompilerOpRequest,standard,compiler,not-applicable,,
prometheus.memory.memset,prometheus,memory,memset,memoryMemset,CompilerOpRequest,standard,compiler,not-applicable,,
prometheus.memory.no-alias,prometheus,memory,noAlias,memoryNoAlias,CompilerOpRequest,standard,compiler,not-applicable,,
prometheus.memory.pointer-add,prometheus,memory,pointerAdd,memoryPointerAdd,CompilerOpRequest,standard,compiler,not-applicable,,
prometheus.memory.pointer-diff,prometheus,memory,pointerDiff,memoryPointerDiff,CompilerOpRequest,standard,compiler,not-applicable,,
prometheus.memory.prefetch,prometheus,memory,prefetch,memoryPrefetch,CompilerOpRequest,standard,compiler,not-applicable,,
prometheus.memory.reshape-view,prometheus,memory,reshapeView,memoryReshapeView,CompilerOpRequest,standard,compiler,not-applicable,,
prometheus.memory.scatter,prometheus,memory,scatter,memoryScatter,CompilerOpRequest,standard,compiler,not-applicable,,
prometheus.memory.store,prometheus,memory,store,memoryStore,CompilerOpRequest,standard,compiler,not-applicable,,
prometheus.memory.subview,prometheus,memory,subview,memorySubview,CompilerOpRequest,standard,compiler,not-applicable,,
prometheus.memory.transpose-view,prometheus,memory,transposeView,memoryTransposeView,CompilerOpRequest,standard,compiler,not-applicable,,
prometheus.memory.view,prometheus,memory,view,memoryView,CompilerOpRequest,standard,compiler,not-applicable,,
prometheus.parallel.arrive-barrier,prometheus,parallel,arriveBarrier,parallelArriveBarrier,CompilerOpRequest,standard,compiler;sm86,not-applicable,,
prometheus.parallel.ballot,prometheus,parallel,ballot,parallelBallot,CompilerOpRequest,standard,compiler;sm86,not-applicable,,
prometheus.parallel.block-barrier,prometheus,parallel,blockBarrier,parallelBlockBarrier,CompilerOpRequest,standard,compiler;sm86,not-applicable,,
prometheus.parallel.block-broadcast,prometheus,parallel,blockBroadcast,parallelBlockBroadcast,CompilerOpRequest,standard,compiler;sm86,not-applicable,,
prometheus.parallel.block-id,prometheus,parallel,blockId,parallelBlockId,CompilerOpRequest,standard,compiler;sm86,not-applicable,,
prometheus.parallel.block-reduce,prometheus,parallel,blockReduce,parallelBlockReduce,CompilerOpRequest,standard,compiler;sm86,not-applicable,,
prometheus.parallel.block-scan,prometheus,parallel,blockScan,parallelBlockScan,CompilerOpRequest,standard,compiler;sm86,not-applicable,,
prometheus.parallel.cluster-id,prometheus,parallel,clusterId,parallelClusterId,CompilerOpRequest,standard,compiler;sm86,not-applicable,,
prometheus.parallel.cooperative-group,prometheus,parallel,cooperativeGroup,parallelCooperativeGroup,CompilerOpRequest,standard,compiler;sm86,not-applicable,,
prometheus.parallel.grid-barrier,prometheus,parallel,gridBarrier,parallelGridBarrier,CompilerOpRequest,standard,compiler;sm86,not-applicable,,
prometheus.parallel.grid-id,prometheus,parallel,gridId,parallelGridId,CompilerOpRequest,standard,compiler;sm86,not-applicable,,
prometheus.parallel.grid-reduce,prometheus,parallel,gridReduce,parallelGridReduce,CompilerOpRequest,standard,compiler;sm86,not-applicable,,
prometheus.parallel.grid-scan,prometheus,parallel,gridScan,parallelGridScan,CompilerOpRequest,standard,compiler;sm86,not-applicable,,
prometheus.parallel.lane-id,prometheus,parallel,laneId,parallelLaneId,CompilerOpRequest,standard,compiler;sm86,not-applicable,,
prometheus.parallel.match-all,prometheus,parallel,matchAll,parallelMatchAll,CompilerOpRequest,standard,compiler;sm86,not-applicable,,
prometheus.parallel.match-any,prometheus,parallel,matchAny,parallelMatchAny,CompilerOpRequest,standard,compiler;sm86,not-applicable,,
prometheus.parallel.named-barrier,prometheus,parallel,namedBarrier,parallelNamedBarrier,CompilerOpRequest,standard,compiler;sm86,not-applicable,,
prometheus.parallel.num-blocks,prometheus,parallel,numBlocks,parallelNumBlocks,CompilerOpRequest,standard,compiler;sm86,not-applicable,,
prometheus.parallel.num-threads,prometheus,parallel,numThreads,parallelNumThreads,CompilerOpRequest,standard,compiler;sm86,not-applicable,,
prometheus.parallel.num-warps,prometheus,parallel,numWarps,parallelNumWarps,CompilerOpRequest,standard,compiler;sm86,not-applicable,,
prometheus.parallel.shuffle,prometheus,parallel,shuffle,parallelShuffle,CompilerOpRequest,standard,compiler;sm86,not-applicable,,
prometheus.parallel.shuffle-down,prometheus,parallel,shuffleDown,parallelShuffleDown,CompilerOpRequest,standard,compiler;sm86,not-applicable,,
prometheus.parallel.shuffle-up,prometheus,parallel,shuffleUp,parallelShuffleUp,CompilerOpRequest,standard,compiler;sm86,not-applicable,,
prometheus.parallel.shuffle-xor,prometheus,parallel,shuffleXor,parallelShuffleXor,CompilerOpRequest,standard,compiler;sm86,not-applicable,,
prometheus.parallel.thread-id,prometheus,parallel,threadId,parallelThreadId,CompilerOpRequest,standard,compiler;sm86,not-applicable,,
prometheus.parallel.try-wait-barrier,prometheus,parallel,tryWaitBarrier,parallelTryWaitBarrier,CompilerOpRequest,standard,compiler;sm86,not-applicable,,
prometheus.parallel.vote-all,prometheus,parallel,voteAll,parallelVoteAll,CompilerOpRequest,standard,compiler;sm86,not-applicable,,
prometheus.parallel.vote-any,prometheus,parallel,voteAny,parallelVoteAny,CompilerOpRequest,standard,compiler;sm86,not-applicable,,
prometheus.parallel.wait-barrier,prometheus,parallel,waitBarrier,parallelWaitBarrier,CompilerOpRequest,standard,compiler;sm86,not-applicable,,
prometheus.parallel.warp-barrier,prometheus,parallel,warpBarrier,parallelWarpBarrier,CompilerOpRequest,standard,compiler;sm86,not-applicable,,
prometheus.parallel.warp-broadcast,prometheus,parallel,warpBroadcast,parallelWarpBroadcast,CompilerOpRequest,standard,compiler;sm86,not-applicable,,
prometheus.parallel.warp-id,prometheus,parallel,warpId,parallelWarpId,CompilerOpRequest,standard,compiler;sm86,not-applicable,,
prometheus.parallel.warp-reduce,prometheus,parallel,warpReduce,parallelWarpReduce,CompilerOpRequest,standard,compiler;sm86,not-applicable,,
prometheus.parallel.warp-scan,prometheus,parallel,warpScan,parallelWarpScan,CompilerOpRequest,standard,compiler;sm86,not-applicable,,
prometheus.parallel.work-donate,prometheus,parallel,workDonate,parallelWorkDonate,CompilerOpRequest,standard,compiler;sm86,not-applicable,,
prometheus.parallel.work-steal,prometheus,parallel,workSteal,parallelWorkSteal,CompilerOpRequest,standard,compiler;sm86,not-applicable,,
prometheus.sparse.sparse-block-pack,prometheus,sparse,sparseBlockPack,sparseSparseBlockPack,CompilerOpRequest,standard,compiler,not-applicable,,
prometheus.sparse.sparse-block-unpack,prometheus,sparse,sparseBlockUnpack,sparseSparseBlockUnpack,CompilerOpRequest,standard,compiler,not-applicable,,
prometheus.sparse.sparse-coalesce,prometheus,sparse,sparseCoalesce,sparseSparseCoalesce,CompilerOpRequest,standard,compiler,not-applicable,,
prometheus.sparse.sparse-compress,prometheus,sparse,sparseCompress,sparseSparseCompress,CompilerOpRequest,standard,compiler,not-applicable,,
prometheus.sparse.sparse-convert,prometheus,sparse,sparseConvert,sparseSparseConvert,CompilerOpRequest,standard,compiler,not-applicable,,
prometheus.sparse.sparse-expand,prometheus,sparse,sparseExpand,sparseSparseExpand,CompilerOpRequest,standard,compiler,not-applicable,,
prometheus.sparse.sparse-insert,prometheus,sparse,sparseInsert,sparseSparseInsert,CompilerOpRequest,standard,compiler,not-applicable,,
prometheus.sparse.sparse-iterate,prometheus,sparse,sparseIterate,sparseSparseIterate,CompilerOpRequest,standard,compiler,not-applicable,,
prometheus.sparse.sparse-locate,prometheus,sparse,sparseLocate,sparseSparseLocate,CompilerOpRequest,standard,compiler,not-applicable,,
prometheus.sparse.sparse-mask,prometheus,sparse,sparseMask,sparseSparseMask,CompilerOpRequest,standard,compiler,not-applicable,,
prometheus.sparse.sparse-nm-pack,prometheus,sparse,sparseNmPack,sparseSparseNmPack,CompilerOpRequest,standard,compiler,not-applicable,,
prometheus.sparse.sparse-nm-unpack,prometheus,sparse,sparseNmUnpack,sparseSparseNmUnpack,CompilerOpRequest,standard,compiler,not-applicable,,
prometheus.sparse.sparse-prune,prometheus,sparse,sparsePrune,sparseSparsePrune,CompilerOpRequest,standard,compiler,not-applicable,,
prometheus.sparse.sparse-reduce,prometheus,sparse,sparseReduce,sparseSparseReduce,CompilerOpRequest,standard,compiler,not-applicable,,
prometheus.sparse.sparse-sddmm,prometheus,sparse,sparseSddmm,sparseSparseSddmm,CompilerOpRequest,standard,compiler,not-applicable,,
prometheus.sparse.sparse-semiring,prometheus,sparse,sparseSemiring,sparseSparseSemiring,CompilerOpRequest,standard,compiler,not-applicable,,
prometheus.sparse.sparse-sort,prometheus,sparse,sparseSort,sparseSparseSort,CompilerOpRequest,standard,compiler,not-applicable,,
prometheus.sparse.sparse-spgemm,prometheus,sparse,sparseSpgemm,sparseSparseSpgemm,CompilerOpRequest,standard,compiler,not-applicable,,
prometheus.sparse.sparse-spmm,prometheus,sparse,sparseSpmm,sparseSparseSpmm,CompilerOpRequest,standard,compiler,not-applicable,,
prometheus.sparse.sparse-spmv,prometheus,sparse,sparseSpmv,sparseSparseSpmv,CompilerOpRequest,standard,compiler,not-applicable,,
prometheus.structured.attention,prometheus,structured,attention,structuredAttention,CompilerOpRequest,standard,compiler,not-applicable,,mlir-linalg;stablehlo
prometheus.structured.batch-matmul,prometheus,structured,batchMatmul,structuredBatchMatmul,CompilerOpRequest,standard,compiler,not-applicable,,mlir-linalg;stablehlo
prometheus.structured.contract,prometheus,structured,contract,structuredContract,CompilerOpRequest,standard,compiler,not-applicable,,mlir-linalg;stablehlo
prometheus.structured.conv,prometheus,structured,conv,structuredConv,CompilerOpRequest,standard,compiler,not-applicable,,mlir-linalg;stablehlo
prometheus.structured.einsum,prometheus,structured,einsum,structuredEinsum,CompilerOpRequest,standard,compiler,not-applicable,,mlir-linalg;stablehlo
prometheus.structured.expert-dispatch,prometheus,structured,expertDispatch,structuredExpertDispatch,CompilerOpRequest,standard,compiler,not-applicable,,mlir-linalg;stablehlo
prometheus.structured.fold,prometheus,structured,fold,structuredFold,CompilerOpRequest,standard,compiler,not-applicable,,mlir-linalg;stablehlo
prometheus.structured.generic-contraction,prometheus,structured,genericContraction,structuredGenericContraction,CompilerOpRequest,standard,compiler,not-applicable,,mlir-linalg;stablehlo
prometheus.structured.generic-convolution,prometheus,structured,genericConvolution,structuredGenericConvolution,CompilerOpRequest,standard,compiler,not-applicable,,mlir-linalg;stablehlo
prometheus.structured.generic-elementwise,prometheus,structured,genericElementwise,structuredGenericElementwise,CompilerOpRequest,standard,compiler,not-applicable,,mlir-linalg;stablehlo
prometheus.structured.generic-gather,prometheus,structured,genericGather,structuredGenericGather,CompilerOpRequest,standard,compiler,not-applicable,,mlir-linalg;stablehlo
prometheus.structured.generic-histogram,prometheus,structured,genericHistogram,structuredGenericHistogram,CompilerOpRequest,standard,compiler,not-applicable,,mlir-linalg;stablehlo
prometheus.structured.generic-reduction,prometheus,structured,genericReduction,structuredGenericReduction,CompilerOpRequest,standard,compiler,not-applicable,,mlir-linalg;stablehlo
prometheus.structured.generic-scan,prometheus,structured,genericScan,structuredGenericScan,CompilerOpRequest,standard,compiler,not-applicable,,mlir-linalg;stablehlo
prometheus.structured.generic-scatter,prometheus,structured,genericScatter,structuredGenericScatter,CompilerOpRequest,standard,compiler,not-applicable,,mlir-linalg;stablehlo
prometheus.structured.generic-segment,prometheus,structured,genericSegment,structuredGenericSegment,CompilerOpRequest,standard,compiler,not-applicable,,mlir-linalg;stablehlo
prometheus.structured.generic-semiring,prometheus,structured,genericSemiring,structuredGenericSemiring,CompilerOpRequest,standard,compiler,not-applicable,,mlir-linalg;stablehlo
prometheus.structured.generic-sort,prometheus,structured,genericSort,structuredGenericSort,CompilerOpRequest,standard,compiler,not-applicable,,mlir-linalg;stablehlo
prometheus.structured.generic-sparse,prometheus,structured,genericSparse,structuredGenericSparse,CompilerOpRequest,standard,compiler,not-applicable,,mlir-linalg;stablehlo
prometheus.structured.generic-top-k,prometheus,structured,genericTopK,structuredGenericTopK,CompilerOpRequest,standard,compiler,not-applicable,,mlir-linalg;stablehlo
prometheus.structured.generic-window,prometheus,structured,genericWindow,structuredGenericWindow,CompilerOpRequest,standard,compiler,not-applicable,,mlir-linalg;stablehlo
prometheus.structured.grouped-matmul,prometheus,structured,groupedMatmul,structuredGroupedMatmul,CompilerOpRequest,standard,compiler,not-applicable,,mlir-linalg;stablehlo
prometheus.structured.layer-norm,prometheus,structured,layerNorm,structuredLayerNorm,CompilerOpRequest,standard,compiler,not-applicable,,mlir-linalg;stablehlo
prometheus.structured.map,prometheus,structured,map,structuredMap,CompilerOpRequest,standard,compiler,not-applicable,,mlir-linalg;stablehlo
prometheus.structured.matmul,prometheus,structured,matmul,structuredMatmul,CompilerOpRequest,standard,compiler,not-applicable,,mlir-linalg;stablehlo
prometheus.structured.pool,prometheus,structured,pool,structuredPool,CompilerOpRequest,standard,compiler,not-applicable,,mlir-linalg;stablehlo
prometheus.structured.reduce,prometheus,structured,reduce,structuredReduce,CompilerOpRequest,standard,compiler,not-applicable,,mlir-linalg;stablehlo
prometheus.structured.rms-norm,prometheus,structured,rmsNorm,structuredRmsNorm,CompilerOpRequest,standard,compiler,not-applicable,,mlir-linalg;stablehlo
prometheus.structured.scan,prometheus,structured,scan,structuredScan,CompilerOpRequest,standard,compiler,not-applicable,,mlir-linalg;stablehlo
prometheus.structured.selective-scan,prometheus,structured,selectiveScan,structuredSelectiveScan,CompilerOpRequest,standard,compiler,not-applicable,,mlir-linalg;stablehlo
prometheus.structured.softmax,prometheus,structured,softmax,structuredSoftmax,CompilerOpRequest,standard,compiler;future-or-emulated,not-applicable,,mlir-linalg;stablehlo
prometheus.structured.stencil,prometheus,structured,stencil,structuredStencil,CompilerOpRequest,standard,compiler,not-applicable,,mlir-linalg;stablehlo
prometheus.structured.zip,prometheus,structured,zip,structuredZip,CompilerOpRequest,standard,compiler,not-applicable,,mlir-linalg;stablehlo
prometheus.transform_pass.algebraic-simplify,prometheus,transform_pass,algebraicSimplify,transformPassAlgebraicSimplify,CompilerOpRequest,standard,compiler,not-applicable,,
prometheus.transform_pass.asyncify,prometheus,transform_pass,asyncify,transformPassAsyncify,CompilerOpRequest,standard,compiler,not-applicable,,
prometheus.transform_pass.barrier-insert,prometheus,transform_pass,barrierInsert,transformPassBarrierInsert,CompilerOpRequest,standard,compiler,not-applicable,,
prometheus.transform_pass.bufferize,prometheus,transform_pass,bufferize,transformPassBufferize,CompilerOpRequest,standard,compiler,not-applicable,,
prometheus.transform_pass.canonicalize,prometheus,transform_pass,canonicalize,transformPassCanonicalize,CompilerOpRequest,standard,compiler,not-applicable,,
prometheus.transform_pass.checkpoint,prometheus,transform_pass,checkpoint,transformPassCheckpoint,CompilerOpRequest,standard,compiler,not-applicable,,
prometheus.transform_pass.common-subexpression-eliminate,prometheus,transform_pass,commonSubexpressionEliminate,transformPassCommonSubexpressionEliminate,CompilerOpRequest,standard,compiler,not-applicable,,
prometheus.transform_pass.constant-fold,prometheus,transform_pass,constantFold,transformPassConstantFold,CompilerOpRequest,standard,compiler,not-applicable,,
prometheus.transform_pass.dead-code-eliminate,prometheus,transform_pass,deadCodeEliminate,transformPassDeadCodeEliminate,CompilerOpRequest,standard,compiler,not-applicable,,
prometheus.transform_pass.debufferize,prometheus,transform_pass,debufferize,transformPassDebufferize,CompilerOpRequest,standard,compiler,not-applicable,,
prometheus.transform_pass.defuse,prometheus,transform_pass,defuse,transformPassDefuse,CompilerOpRequest,standard,compiler,not-applicable,,
prometheus.transform_pass.densify,prometheus,transform_pass,densify,transformPassDensify,CompilerOpRequest,standard,compiler,not-applicable,,
prometheus.transform_pass.dependency-analyze,prometheus,transform_pass,dependencyAnalyze,transformPassDependencyAnalyze,CompilerOpRequest,standard,compiler,not-applicable,,
prometheus.transform_pass.dequantize,prometheus,transform_pass,dequantize,transformPassDequantize,CompilerOpRequest,standard,compiler,not-applicable,,
prometheus.transform_pass.determinize,prometheus,transform_pass,determinize,transformPassDeterminize,CompilerOpRequest,standard,compiler,not-applicable,,
prometheus.transform_pass.devectorize,prometheus,transform_pass,devectorize,transformPassDevectorize,CompilerOpRequest,standard,compiler,not-applicable,,
prometheus.transform_pass.double-buffer,prometheus,transform_pass,doubleBuffer,transformPassDoubleBuffer,CompilerOpRequest,standard,compiler,not-applicable,,
prometheus.transform_pass.fuse,prometheus,transform_pass,fuse,transformPassFuse,CompilerOpRequest,standard,compiler,not-applicable,,
prometheus.transform_pass.hazard-resolve,prometheus,transform_pass,hazardResolve,transformPassHazardResolve,CompilerOpRequest,standard,compiler,not-applicable,,
prometheus.transform_pass.inline,prometheus,transform_pass,inline,transformPassInline,CompilerOpRequest,standard,compiler,not-applicable,,
prometheus.transform_pass.layout-propagate,prometheus,transform_pass,layoutPropagate,transformPassLayoutPropagate,CompilerOpRequest,standard,compiler,not-applicable,,
prometheus.transform_pass.layout-rewrite,prometheus,transform_pass,layoutRewrite,transformPassLayoutRewrite,CompilerOpRequest,standard,compiler,not-applicable,,
prometheus.transform_pass.map-to-blocks,prometheus,transform_pass,mapToBlocks,transformPassMapToBlocks,CompilerOpRequest,standard,compiler,not-applicable,,
prometheus.transform_pass.map-to-threads,prometheus,transform_pass,mapToThreads,transformPassMapToThreads,CompilerOpRequest,standard,compiler,not-applicable,,
prometheus.transform_pass.map-to-warps,prometheus,transform_pass,mapToWarps,transformPassMapToWarps,CompilerOpRequest,standard,compiler,not-applicable,,
prometheus.transform_pass.monomorphize,prometheus,transform_pass,monomorphize,transformPassMonomorphize,CompilerOpRequest,standard,compiler,not-applicable,,
prometheus.transform_pass.operator-strength-reduce,prometheus,transform_pass,operatorStrengthReduce,transformPassOperatorStrengthReduce,CompilerOpRequest,standard,compiler,not-applicable,,
prometheus.transform_pass.outline,prometheus,transform_pass,outline,transformPassOutline,CompilerOpRequest,standard,compiler,not-applicable,,
prometheus.transform_pass.precision-legalize,prometheus,transform_pass,precisionLegalize,transformPassPrecisionLegalize,CompilerOpRequest,standard,compiler,not-applicable,,
prometheus.transform_pass.prefetch,prometheus,transform_pass,prefetch,transformPassPrefetch,CompilerOpRequest,standard,compiler,not-applicable,,
prometheus.transform_pass.quantize,prometheus,transform_pass,quantize,transformPassQuantize,CompilerOpRequest,standard,compiler,not-applicable,,
prometheus.transform_pass.register-allocate,prometheus,transform_pass,registerAllocate,transformPassRegisterAllocate,CompilerOpRequest,standard,compiler,not-applicable,,
prometheus.transform_pass.rematerialize,prometheus,transform_pass,rematerialize,transformPassRematerialize,CompilerOpRequest,standard,compiler,not-applicable,,
prometheus.transform_pass.retile,prometheus,transform_pass,retile,transformPassRetile,CompilerOpRequest,standard,compiler,not-applicable,,
prometheus.transform_pass.schedule,prometheus,transform_pass,schedule,transformPassSchedule,CompilerOpRequest,standard,compiler,not-applicable,,
prometheus.transform_pass.semiring-rewrite,prometheus,transform_pass,semiringRewrite,transformPassSemiringRewrite,CompilerOpRequest,standard,compiler,not-applicable,,
prometheus.transform_pass.shared-memory-plan,prometheus,transform_pass,sharedMemoryPlan,transformPassSharedMemoryPlan,CompilerOpRequest,standard,compiler,not-applicable,,
prometheus.transform_pass.software-pipeline,prometheus,transform_pass,softwarePipeline,transformPassSoftwarePipeline,CompilerOpRequest,standard,compiler,not-applicable,,
prometheus.transform_pass.sparsify,prometheus,transform_pass,sparsify,transformPassSparsify,CompilerOpRequest,standard,compiler,not-applicable,,
prometheus.transform_pass.specialize,prometheus,transform_pass,specialize,transformPassSpecialize,CompilerOpRequest,standard,compiler,not-applicable,,
prometheus.transform_pass.symbol-dead-code-eliminate,prometheus,transform_pass,symbolDeadCodeEliminate,transformPassSymbolDeadCodeEliminate,CompilerOpRequest,standard,compiler,not-applicable,,
prometheus.transform_pass.tile,prometheus,transform_pass,tile,transformPassTile,CompilerOpRequest,standard,compiler,not-applicable,,
prometheus.transform_pass.triple-buffer,prometheus,transform_pass,tripleBuffer,transformPassTripleBuffer,CompilerOpRequest,standard,compiler,not-applicable,,
prometheus.transform_pass.unroll,prometheus,transform_pass,unroll,transformPassUnroll,CompilerOpRequest,standard,compiler,not-applicable,,
prometheus.transform_pass.vectorize,prometheus,transform_pass,vectorize,transformPassVectorize,CompilerOpRequest,standard,compiler,not-applicable,,
prometheus.transform_pass.verify,prometheus,transform_pass,verify,transformPassVerify,CompilerOpRequest,standard,compiler,not-applicable,,
prometheus.type_shape.bitcast-type,prometheus,type_shape,bitcastType,typeShapeBitcastType,CompilerOpRequest,standard,compiler,not-applicable,,
prometheus.type_shape.broadcast-shape,prometheus,type_shape,broadcastShape,typeShapeBroadcastShape,CompilerOpRequest,standard,compiler,not-applicable,,
prometheus.type_shape.cast-type,prometheus,type_shape,castType,typeShapeCastType,CompilerOpRequest,standard,compiler,not-applicable,,
prometheus.type_shape.complex-type,prometheus,type_shape,complexType,typeShapeComplexType,CompilerOpRequest,standard,compiler,not-applicable,,
prometheus.type_shape.dim-of,prometheus,type_shape,dimOf,typeShapeDimOf,CompilerOpRequest,standard,compiler,not-applicable,,
prometheus.type_shape.dynamic-dimension,prometheus,type_shape,dynamicDimension,typeShapeDynamicDimension,CompilerOpRequest,standard,compiler,not-applicable,,
prometheus.type_shape.element-type-of,prometheus,type_shape,elementTypeOf,typeShapeElementTypeOf,CompilerOpRequest,standard,compiler,not-applicable,,
prometheus.type_shape.event-type,prometheus,type_shape,eventType,typeShapeEventType,CompilerOpRequest,standard,compiler,not-applicable,,
prometheus.type_shape.layout-of,prometheus,type_shape,layoutOf,typeShapeLayoutOf,CompilerOpRequest,standard,compiler,not-applicable,,
prometheus.type_shape.mailbox-type,prometheus,type_shape,mailboxType,typeShapeMailboxType,CompilerOpRequest,standard,compiler,not-applicable,,
prometheus.type_shape.memref-type,prometheus,type_shape,memrefType,typeShapeMemrefType,CompilerOpRequest,standard,compiler,not-applicable,,
prometheus.type_shape.pointer-type,prometheus,type_shape,pointerType,typeShapePointerType,CompilerOpRequest,standard,compiler,not-applicable,,
prometheus.type_shape.quantized-type,prometheus,type_shape,quantizedType,typeShapeQuantizedType,CompilerOpRequest,standard,compiler,not-applicable,,
prometheus.type_shape.rank-of,prometheus,type_shape,rankOf,typeShapeRankOf,CompilerOpRequest,standard,compiler,not-applicable,,
prometheus.type_shape.refine-shape,prometheus,type_shape,refineShape,typeShapeRefineShape,CompilerOpRequest,standard,compiler,not-applicable,,
prometheus.type_shape.reinterpret-type,prometheus,type_shape,reinterpretType,typeShapeReinterpretType,CompilerOpRequest,standard,compiler,not-applicable,,
prometheus.type_shape.scalar-type,prometheus,type_shape,scalarType,typeShapeScalarType,CompilerOpRequest,standard,compiler,not-applicable,,
prometheus.type_shape.shape-of,prometheus,type_shape,shapeOf,typeShapeShapeOf,CompilerOpRequest,standard,compiler,not-applicable,,
prometheus.type_shape.sparse-type,prometheus,type_shape,sparseType,typeShapeSparseType,CompilerOpRequest,standard,compiler,not-applicable,,
prometheus.type_shape.state-type,prometheus,type_shape,stateType,typeShapeStateType,CompilerOpRequest,standard,compiler,not-applicable,,
prometheus.type_shape.stride-of,prometheus,type_shape,strideOf,typeShapeStrideOf,CompilerOpRequest,standard,compiler,not-applicable,,
prometheus.type_shape.symbolic-dimension,prometheus,type_shape,symbolicDimension,typeShapeSymbolicDimension,CompilerOpRequest,standard,compiler,not-applicable,,
prometheus.type_shape.tensor-type,prometheus,type_shape,tensorType,typeShapeTensorType,CompilerOpRequest,standard,compiler,not-applicable,,
prometheus.type_shape.tile-type,prometheus,type_shape,tileType,typeShapeTileType,CompilerOpRequest,standard,compiler,not-applicable,,
prometheus.type_shape.token-type,prometheus,type_shape,tokenType,typeShapeTokenType,CompilerOpRequest,standard,compiler,not-applicable,,
prometheus.type_shape.vector-type,prometheus,type_shape,vectorType,typeShapeVectorType,CompilerOpRequest,standard,compiler,not-applicable,,
prometheus.vector_tile.broadcast,prometheus,vector_tile,broadcast,vectorTileBroadcast,CompilerOpRequest,standard,compiler,not-applicable,,mlir-vector
prometheus.vector_tile.compress-store,prometheus,vector_tile,compressStore,vectorTileCompressStore,CompilerOpRequest,standard,compiler,not-applicable,,mlir-vector
prometheus.vector_tile.constant-mask,prometheus,vector_tile,constantMask,vectorTileConstantMask,CompilerOpRequest,standard,compiler;future-or-emulated,not-applicable,,mlir-vector
prometheus.vector_tile.contract,prometheus,vector_tile,contract,vectorTileContract,CompilerOpRequest,standard,compiler,not-applicable,,mlir-vector
prometheus.vector_tile.create-mask,prometheus,vector_tile,createMask,vectorTileCreateMask,CompilerOpRequest,standard,compiler,not-applicable,,mlir-vector
prometheus.vector_tile.deinterleave,prometheus,vector_tile,deinterleave,vectorTileDeinterleave,CompilerOpRequest,standard,compiler,not-applicable,,mlir-vector
prometheus.vector_tile.expand-load,prometheus,vector_tile,expandLoad,vectorTileExpandLoad,CompilerOpRequest,standard,compiler,not-applicable,,mlir-vector
prometheus.vector_tile.extract,prometheus,vector_tile,extract,vectorTileExtract,CompilerOpRequest,standard,compiler,not-applicable,,mlir-vector
prometheus.vector_tile.extract-strided-slice,prometheus,vector_tile,extractStridedSlice,vectorTileExtractStridedSlice,CompilerOpRequest,standard,compiler,not-applicable,,mlir-vector
prometheus.vector_tile.gather-tile,prometheus,vector_tile,gatherTile,vectorTileGatherTile,CompilerOpRequest,standard,compiler,not-applicable,,mlir-vector
prometheus.vector_tile.insert,prometheus,vector_tile,insert,vectorTileInsert,CompilerOpRequest,standard,compiler,not-applicable,,mlir-vector
prometheus.vector_tile.insert-strided-slice,prometheus,vector_tile,insertStridedSlice,vectorTileInsertStridedSlice,CompilerOpRequest,standard,compiler,not-applicable,,mlir-vector
prometheus.vector_tile.interleave,prometheus,vector_tile,interleave,vectorTileInterleave,CompilerOpRequest,standard,compiler,not-applicable,,mlir-vector
prometheus.vector_tile.load-tile,prometheus,vector_tile,loadTile,vectorTileLoadTile,CompilerOpRequest,standard,compiler,not-applicable,,mlir-vector
prometheus.vector_tile.masked-transfer-read,prometheus,vector_tile,maskedTransferRead,vectorTileMaskedTransferRead,CompilerOpRequest,standard,compiler,not-applicable,,mlir-vector
prometheus.vector_tile.masked-transfer-write,prometheus,vector_tile,maskedTransferWrite,vectorTileMaskedTransferWrite,CompilerOpRequest,standard,compiler,not-applicable,,mlir-vector
prometheus.vector_tile.matrix-fragment-load,prometheus,vector_tile,matrixFragmentLoad,vectorTileMatrixFragmentLoad,CompilerOpRequest,standard,compiler,not-applicable,,mlir-vector
prometheus.vector_tile.matrix-fragment-mma,prometheus,vector_tile,matrixFragmentMma,vectorTileMatrixFragmentMma,CompilerOpRequest,standard,compiler,not-applicable,,mlir-vector
prometheus.vector_tile.matrix-fragment-store,prometheus,vector_tile,matrixFragmentStore,vectorTileMatrixFragmentStore,CompilerOpRequest,standard,compiler,not-applicable,,mlir-vector
prometheus.vector_tile.multi-reduce,prometheus,vector_tile,multiReduce,vectorTileMultiReduce,CompilerOpRequest,standard,compiler,not-applicable,,mlir-vector
prometheus.vector_tile.outer-product,prometheus,vector_tile,outerProduct,vectorTileOuterProduct,CompilerOpRequest,standard,compiler,not-applicable,,mlir-vector
prometheus.vector_tile.scan,prometheus,vector_tile,scan,vectorTileScan,CompilerOpRequest,standard,compiler,not-applicable,,mlir-vector
prometheus.vector_tile.scatter-tile,prometheus,vector_tile,scatterTile,vectorTileScatterTile,CompilerOpRequest,standard,compiler,not-applicable,,mlir-vector
prometheus.vector_tile.shape-cast,prometheus,vector_tile,shapeCast,vectorTileShapeCast,CompilerOpRequest,standard,compiler,not-applicable,,mlir-vector
prometheus.vector_tile.shuffle,prometheus,vector_tile,shuffle,vectorTileShuffle,CompilerOpRequest,standard,compiler,not-applicable,,mlir-vector
prometheus.vector_tile.splat,prometheus,vector_tile,splat,vectorTileSplat,CompilerOpRequest,standard,compiler,not-applicable,,mlir-vector
prometheus.vector_tile.step-vector,prometheus,vector_tile,stepVector,vectorTileStepVector,CompilerOpRequest,standard,compiler,not-applicable,,mlir-vector
prometheus.vector_tile.store-tile,prometheus,vector_tile,storeTile,vectorTileStoreTile,CompilerOpRequest,standard,compiler,not-applicable,,mlir-vector
prometheus.vector_tile.transfer-read,prometheus,vector_tile,transferRead,vectorTileTransferRead,CompilerOpRequest,standard,compiler,not-applicable,,mlir-vector
prometheus.vector_tile.transfer-write,prometheus,vector_tile,transferWrite,vectorTileTransferWrite,CompilerOpRequest,standard,compiler,not-applicable,,mlir-vector
prometheus.vector_tile.transpose,prometheus,vector_tile,transpose,vectorTileTranspose,CompilerOpRequest,standard,compiler,not-applicable,,mlir-vector
prometheus.vector_tile.type-cast,prometheus,vector_tile,typeCast,vectorTileTypeCast,CompilerOpRequest,standard,compiler,not-applicable,,mlir-vector
